locality,constituency,state,lat,lng,status
Navalgund TQ Belavatagi,DHARWAD,Karnataka,15.437442,75.018658,locality_curated
Neerlgudda village Shiggava,DHARWAD,Karnataka,15.44311,75.01579,locality_curated
Kundagol,DHARWAD,Karnataka,15.466152,74.979721,locality_curated
Uppinbetageri,DHARWAD,Karnataka,15.443746,75.013522,locality_curated
Shibargatti,DHARWAD,Karnataka,15.47557,74.991672,locality_curated
Hosategur,DHARWAD,Karnataka,15.428745,75.010537,locality_curated
Kardigudda,DHARWAD,Karnataka,15.447316,75.021627,locality_curated
Tadakod,DHARWAD,Karnataka,15.485147,75.001513,locality_curated
Mulmuttal,DHARWAD,Karnataka,15.451633,75.023258,locality_curated
Nigadi,DHARWAD,Karnataka,15.467524,74.98672,locality_curated
Parsapur,DHARWAD,Karnataka,15.4589,74.977702,locality_curated
Chabbi,DHARWAD,Karnataka,15.449303,75.028215,locality_curated
Ayahatti,DHARWAD,Karnataka,15.443698,74.996756,locality_curated
rayan,DAHOD(ST),Gujarat,22.823133,74.236236,locality_curated
Morani,KHARGONE(ST),Madhya Pradesh,21.822159,75.628575,locality_curated
ShriRam,KHARGONE(ST),Madhya Pradesh,21.837916,75.603529,locality_curated
Khatu Shyam,KHARGONE(ST),Madhya Pradesh,21.799751,75.596757,locality_curated
Koli,KHARGONE(ST),Madhya Pradesh,21.827061,75.593009,locality_curated
Mahuwar,BUXAR,Bihar,25.577801,83.968031,locality_curated
Erumely Grama,PATHANAMTHITTA,Kerala,9.24962,76.761571,locality_curated
Grama,PATHANAMTHITTA,Kerala,9.281198,76.766357,locality_curated
Mundakkayam Grama,PATHANAMTHITTA,Kerala,9.274892,76.81256,locality_curated
Mundakayam Grama,PATHANAMTHITTA,Kerala,9.24902,76.782143,locality_curated
Manimala Grama,PATHANAMTHITTA,Kerala,9.253292,76.800775,locality_curated
Parathodu Grama,PATHANAMTHITTA,Kerala,9.248538,76.775534,locality_curated
Teekoy Grama,PATHANAMTHITTA,Kerala,9.258591,76.808585,locality_curated
Thidanadu Grama,PATHANAMTHITTA,Kerala,9.26786,76.764221,locality_curated
Thekkekara Grama,PATHANAMTHITTA,Kerala,9.261437,76.77268,locality_curated
Poonjar Grama,PATHANAMTHITTA,Kerala,9.243162,76.780328,locality_curated
Kulathupuzha Grama,KOLLAM,Kerala,8.9065347,77.0564917,nominatim
Panayam Grama,KOLLAM,Kerala,8.867443,76.616381,locality_curated
Panmana Grama,KOLLAM,Kerala,8.870193,76.612472,locality_curated
Nainaragaram,TENKASI(SC),Tamil Nadu,9.44671,77.648293,locality_curated
Sernthamangalam,TENKASI(SC),Tamil Nadu,9.462522,77.614834,locality_curated
Land,SONEPAT,Haryana,29.000559,77.180714,locality_curated
Lakshminarayanpur High,JOYNAGAR(SC),West Bengal,22.148459,88.424848,locality_curated
Bansra Gram,JOYNAGAR(SC),West Bengal,22.147217,88.439813,locality_curated
II Gram,JOYNAGAR(SC),West Bengal,22.149484,88.433035,locality_curated
Daria Gram,JOYNAGAR(SC),West Bengal,22.183642,88.405828,locality_curated
Dighirpar Gram,JOYNAGAR(SC),West Bengal,22.152311,88.433011,locality_curated
Chimni,ROHTAK,Haryana,28.916478,76.605763,locality_curated
Meena,ALWAR,Rajasthan,27.56821,76.607214,locality_curated
Vadasserikkara Grama,PATHANAMTHITTA,Kerala,9.275268,76.798482,locality_curated
Enadimangalam Grama,PATHANAMTHITTA,Kerala,9.26717,76.804807,locality_curated
Seethathodu Grama,PATHANAMTHITTA,Kerala,9.254249,76.797966,locality_curated
Gram,JANJGIR CHAMPA(SC),Chhattisgarh,22.020667,82.591809,locality_curated
Melkaripur,TIRUVANNAMALAI,Tamil Nadu,12.2253,79.052484,locality_curated
Sathanoor,TIRUVANNAMALAI,Tamil Nadu,12.233861,79.058898,locality_curated
Devanampattu,TIRUVANNAMALAI,Tamil Nadu,12.241063,79.074982,locality_curated
Sorpanandal,TIRUVANNAMALAI,Tamil Nadu,12.245521,79.076147,locality_curated
Nachipattu,TIRUVANNAMALAI,Tamil Nadu,12.205207,79.061853,locality_curated
Kayampattu,TIRUVANNAMALAI,Tamil Nadu,12.228945,79.053548,locality_curated
Madhavaram,CHITTOOR,Andhra Pradesh,13.210268,79.077885,locality_curated
Puliyur in Nellivasalnadu,TIRUVANNAMALAI,Tamil Nadu,12.224357,79.056289,locality_curated
Perumpalli in Pungampattunadu,TIRUVANNAMALAI,Tamil Nadu,12.237982,79.059235,locality_curated
Shiv,ROHTAK,Haryana,28.878088,76.591614,locality_curated
Gorakh Nath,ROHTAK,Haryana,28.910057,76.597759,locality_curated
Purba Gurguria Nuraniya,JOYNAGAR(SC),West Bengal,22.199777,88.434902,locality_curated
Bamunerchak Dharmaraj,JOYNAGAR(SC),West Bengal,22.162888,88.42497,locality_curated
Paschim Jamtala Nimtala,JOYNAGAR(SC),West Bengal,22.197369,88.411111,locality_curated
Ambikanagar Kali,JOYNAGAR(SC),West Bengal,22.186267,88.457382,locality_curated
Ayasha,PARBHANI,Maharashtra,19.284884,76.583009,locality_curated
Adabari Gram,COOCHBEHAR(SC),West Bengal,26.363843,89.470218,locality_curated
I Gram,COOCHBEHAR(SC),West Bengal,26.353014,89.490195,locality_curated
Natabari Gram,COOCHBEHAR(SC),West Bengal,26.344587,89.464709,locality_curated
Panishala Gram,COOCHBEHAR(SC),West Bengal,26.351055,89.466841,locality_curated
Gopalpur Gram,COOCHBEHAR(SC),West Bengal,26.344422,89.515739,locality_curated
Baneswar Gram,COOCHBEHAR(SC),West Bengal,26.35156,89.468129,locality_curated
Khagrabari Gram,COOCHBEHAR(SC),West Bengal,26.363799,89.475719,locality_curated
Khapaidanga Gram,COOCHBEHAR(SC),West Bengal,26.362821,89.482948,locality_curated
Dewanhat Gram,COOCHBEHAR(SC),West Bengal,26.371677,89.486704,locality_curated
Patlakhawa Gram,COOCHBEHAR(SC),West Bengal,26.359972,89.500656,locality_curated
Chandamari Gram,COOCHBEHAR(SC),West Bengal,26.341154,89.498195,locality_curated
Suktabari Gram,COOCHBEHAR(SC),West Bengal,26.351637,89.493943,locality_curated
Ghughumari Gram,COOCHBEHAR(SC),West Bengal,26.31793,89.495252,locality_curated
Chhara Nayarhat,COOCHBEHAR(SC),West Bengal,26.349891,89.45118,locality_curated
Sukarur kuthi,COOCHBEHAR(SC),West Bengal,26.364942,89.501665,locality_curated
Sahebganj Gram,COOCHBEHAR(SC),West Bengal,26.327779,89.48916,locality_curated
Gosanimari Gram,COOCHBEHAR(SC),West Bengal,26.341689,89.503904,locality_curated
Lalbazar Gram,COOCHBEHAR(SC),West Bengal,26.341999,89.503178,locality_curated
Sitalkuchi Gram,COOCHBEHAR(SC),West Bengal,26.347009,89.452636,locality_curated
Jorepatki Gram,COOCHBEHAR(SC),West Bengal,26.367029,89.491362,locality_curated
Shikarpur Gram,COOCHBEHAR(SC),West Bengal,26.320745,89.474009,locality_curated
Ghokshadanga Gram,COOCHBEHAR(SC),West Bengal,26.322026,89.466686,locality_curated
Fulbari Gram,COOCHBEHAR(SC),West Bengal,26.349898,89.452782,locality_curated
Chowdhurihat Gram,COOCHBEHAR(SC),West Bengal,26.353834,89.452285,locality_curated
II Gram,COOCHBEHAR(SC),West Bengal,26.368636,89.485609,locality_curated
Goshairhat Gram,COOCHBEHAR(SC),West Bengal,26.345203,89.448947,locality_curated
School,FIROZPUR,Punjab,30.911331,74.616733,locality_curated
BETIYA,KUSHI NAGAR,Uttar Pradesh,,,locality_curated
Ref,DARJEELING,West Bengal,27.050127,88.250308,locality_curated
Nim,DARJEELING,West Bengal,27.055655,88.260769,locality_curated
Lungrep,DARJEELING,West Bengal,27.051309,88.289166,locality_curated
Amudala,CHITTOOR,Andhra Pradesh,13.218369,79.116971,locality_curated
Panthabari,DARJEELING,West Bengal,27.043149,88.230511,locality_curated
Kothuru,CHITTOOR,Andhra Pradesh,13.239321,79.105046,locality_curated
Chinnamittapalli,CHITTOOR,Andhra Pradesh,13.205847,79.107666,locality_curated
Arimakulapalli,CHITTOOR,Andhra Pradesh,13.228133,79.117772,locality_curated
Molakamadugu,CHITTOOR,Andhra Pradesh,13.245172,79.091561,locality_curated
Kondrajukalava,CHITTOOR,Andhra Pradesh,13.230073,79.092165,locality_curated
Reshep,DARJEELING,West Bengal,27.018477,88.242328,locality_curated
Pandi,DARJEELING,West Bengal,27.059874,88.2627,locality_curated
Pandu,DARJEELING,West Bengal,27.040778,88.228835,locality_curated
Chimney Deorali,DARJEELING,West Bengal,27.010318,88.242511,locality_curated
Lamahatta,DARJEELING,West Bengal,27.013307,88.276822,locality_curated
Member Lamahatta,DARJEELING,West Bengal,27.053695,88.271545,locality_curated
III,DARJEELING,West Bengal,27.009204,88.268548,locality_curated
Valayapatti,VIRUDHUNAGAR,Tamil Nadu,9.589196,77.981883,locality_curated
Kumai,DARJEELING,West Bengal,27.01311,88.258169,locality_curated
Gopaldhara,DARJEELING,West Bengal,27.019476,88.290203,locality_curated
Ravidas,ROHTAK,Haryana,28.90931,76.597493,locality_curated
JARAHI,AMBEDKAR NAGAR,Uttar Pradesh,26.428275,82.582306,locality_curated
HARDI,AMBEDKAR NAGAR,Uttar Pradesh,26.452741,82.592275,locality_curated
MUKUNDPUR,AMBEDKAR NAGAR,Uttar Pradesh,26.427996,82.609005,locality_curated
Diguvamangunta,CHITTOOR,Andhra Pradesh,13.237953,79.112108,locality_curated
Mangunta,CHITTOOR,Andhra Pradesh,13.218431,79.07568,locality_curated
Bailu,CHITTOOR,Andhra Pradesh,13.204325,79.126915,locality_curated
Kannikapuram,CHITTOOR,Andhra Pradesh,13.24096,79.088419,locality_curated
Puram,CHITTOOR,Andhra Pradesh,13.243406,79.097445,locality_curated
Padhmapuram,CHITTOOR,Andhra Pradesh,13.223969,79.129917,locality_curated
Thellagundlapalli,CHITTOOR,Andhra Pradesh,13.231969,79.082951,locality_curated
Penumuru,CHITTOOR,Andhra Pradesh,13.230949,79.122402,locality_curated
Bramhanathangal,TIRUPATI(SC),Andhra Pradesh,13.623857,79.438183,locality_curated
GAGLANI,AMRAVATI(SC),Maharashtra,20.94773,77.780328,locality_curated
RAMABAI AMBEDKAR,AMRAVATI(SC),Maharashtra,20.944608,77.733021,locality_curated
badki bergi,GIRIDIH,Jharkhand,24.206331,86.316347,locality_curated
sasarkho,GIRIDIH,Jharkhand,24.207937,86.314626,locality_curated
nagabad,GIRIDIH,Jharkhand,24.179844,86.282278,locality_curated
berha suiyadih,GIRIDIH,Jharkhand,24.178213,86.283255,locality_curated
khudisar,GIRIDIH,Jharkhand,24.191003,86.319327,locality_curated
bazaar south,GIRIDIH,Jharkhand,24.1853,86.32366,locality_curated
chegro,GIRIDIH,Jharkhand,24.20979,86.303663,locality_curated
dhawatand,GIRIDIH,Jharkhand,24.16962,86.295072,locality_curated
telkhara,GIRIDIH,Jharkhand,24.196699,86.292948,locality_curated
chainpur,GIRIDIH,Jharkhand,24.190612,86.334556,locality_curated
bajrangbali,GIRIDIH,Jharkhand,24.1994,86.290186,locality_curated
bajrang bali,GIRIDIH,Jharkhand,24.160116,86.316892,locality_curated
chegro shiv,GIRIDIH,Jharkhand,24.184907,86.329286,locality_curated
fatehpur bajrangbali,GIRIDIH,Jharkhand,24.179738,86.290237,locality_curated
shiv,GIRIDIH,Jharkhand,24.198965,86.335312,locality_curated
jitkundi,GIRIDIH,Jharkhand,24.202208,86.289047,locality_curated
mansa,GIRIDIH,Jharkhand,24.19844,86.30846,locality_curated
asurbandh,GIRIDIH,Jharkhand,24.201643,86.285387,locality_curated
kulgo north,GIRIDIH,Jharkhand,24.164295,86.289647,locality_curated
kulgo dakshini,GIRIDIH,Jharkhand,24.155313,86.309806,locality_curated
durga,GIRIDIH,Jharkhand,24.161832,86.322613,locality_curated
bikhnidih,GIRIDIH,Jharkhand,24.208702,86.31882,locality_curated
balthariya,GIRIDIH,Jharkhand,24.193878,86.317543,locality_curated
madhwadih,GIRIDIH,Jharkhand,24.214561,86.30572,locality_curated
bishu,GIRIDIH,Jharkhand,24.206758,86.293127,locality_curated
isri north,GIRIDIH,Jharkhand,24.173644,86.294972,locality_curated
karmatungri,GIRIDIH,Jharkhand,24.200667,86.314722,locality_curated
shankardih,GIRIDIH,Jharkhand,24.183304,86.283778,locality_curated
hari,GIRIDIH,Jharkhand,24.199205,86.295075,locality_curated
hanuman,GIRIDIH,Jharkhand,24.168037,86.278553,locality_curated
sitaram,GIRIDIH,Jharkhand,24.163931,86.322252,locality_curated
Koothiyarkundu,VIRUDHUNAGAR,Tamil Nadu,9.567034,77.962273,locality_curated
Anaiyur,VIRUDHUNAGAR,Tamil Nadu,9.55743,77.964092,locality_curated
Vadapatti,VIRUDHUNAGAR,Tamil Nadu,9.573531,77.98543,locality_curated
Lakya,BANGALORE SOUTH,Karnataka,12.907164,77.59497,locality_curated
Maa Manasha,GUWAHATI,Assam,26.149595,91.753667,locality_curated
Token,KHUNTI(ST),Jharkhand,23.076971,85.261975,locality_curated
Lova,KHUNTI(ST),Jharkhand,23.048409,85.269451,locality_curated
Gumpila,KHUNTI(ST),Jharkhand,23.089575,85.266881,locality_curated
Kachchabari,KHUNTI(ST),Jharkhand,23.058955,85.26783,locality_curated
Dehkela,KHUNTI(ST),Jharkhand,23.093114,85.2733,locality_curated
Krishna,GUWAHATI,Assam,26.166883,91.7415,locality_curated
Sirka,KHUNTI(ST),Jharkhand,23.063412,85.309092,locality_curated
Kudahatu,KHUNTI(ST),Jharkhand,23.055053,85.274405,locality_curated
Umbulbaha of Birbanki,KHUNTI(ST),Jharkhand,23.067946,85.257442,locality_curated
Madhopur west,JHANJHARPUR,Bihar,26.272265,86.304517,locality_curated
JAGDISHPUR,AMBEDKAR NAGAR,Uttar Pradesh,26.444013,82.594241,locality_curated
GARAM,AMBEDKAR NAGAR,Uttar Pradesh,26.450602,82.628171,locality_curated
SARKHUPUR,AMBEDKAR NAGAR,Uttar Pradesh,26.436215,82.624012,locality_curated
KHALISPUR,AMBEDKAR NAGAR,Uttar Pradesh,26.459303,82.590962,locality_curated
MACHLI,AMBEDKAR NAGAR,Uttar Pradesh,26.419083,82.590476,locality_curated
Ekvira English,AMRAVATI(SC),Maharashtra,20.94846,77.760146,locality_curated
Najma Patel Urdu,AMRAVATI(SC),Maharashtra,20.923382,77.740906,locality_curated
Tilmi,KHUNTI(ST),Jharkhand,23.067075,85.245597,locality_curated
Barbanda,KHUNTI(ST),Jharkhand,23.047762,85.271619,locality_curated
Simbukel,KHUNTI(ST),Jharkhand,23.04115,85.286866,locality_curated
Janjati,KHARGONE(ST),Madhya Pradesh,21.795181,75.615426,locality_curated
Ahir,KHARGONE(ST),Madhya Pradesh,21.825161,75.595252,locality_curated
Vankaner,BARDOLI(ST),Gujarat,21.071915,73.168471,nominatim
Tadkeshwar,BARDOLI(ST),Gujarat,21.128723,73.084428,locality_curated
Naren,BARDOLI(ST),Gujarat,21.107934,73.131888,locality_curated
Choryasi,BARDOLI(ST),Gujarat,21.134289,73.118768,locality_curated
Navipardi Gram,BARDOLI(ST),Gujarat,21.116401,73.133073,locality_curated
Sevni Gram,BARDOLI(ST),Gujarat,21.091783,73.102515,locality_curated
Vav,BARDOLI(ST),Gujarat,21.112875,73.088005,locality_curated
karajn,BARDOLI(ST),Gujarat,21.141673,73.091899,locality_curated
Navi pardi,BARDOLI(ST),Gujarat,21.121,73.141018,locality_curated
Vihan,BARDOLI(ST),Gujarat,21.102403,73.110142,locality_curated
Jhankhvav,BARDOLI(ST),Gujarat,21.126596,73.135689,locality_curated
Mandvi,BARDOLI(ST),Gujarat,21.111085,73.132474,locality_curated
Mandvi Nagar Nava,BARDOLI(ST),Gujarat,21.131208,73.139081,locality_curated
Kelkui,BARDOLI(ST),Gujarat,21.130976,73.14116,locality_curated
Tarsadabar,BARDOLI(ST),Gujarat,21.130886,73.101529,locality_curated
Eramalur,ARANI,Tamil Nadu,12.682883,79.264766,locality_curated
Katteri,ARANI,Tamil Nadu,12.689003,79.304686,locality_curated
Kothandaram,ARANI,Tamil Nadu,12.68438,79.275913,locality_curated
ADC Arasur,ARANI,Tamil Nadu,12.670933,79.308032,locality_curated
Katteri,TIRUVANNAMALAI,Tamil Nadu,12.227353,79.054715,locality_curated
Raghunath,DIAMOND HARBOUR,West Bengal,22.194246,88.205993,locality_curated
Daminedu,CHITTOOR,Andhra Pradesh,13.229176,79.112102,locality_curated
Senar,Diphu (ST),Assam,25.8163,93.443102,locality_curated
Kramsa,Diphu (ST),Assam,25.849239,93.446532,locality_curated
Alwalpur,PATNA SAHIB,Bihar,25.613946,85.161823,locality_curated
Kandap,PATNA SAHIB,Bihar,25.600725,85.166505,locality_curated
GRAM RAJABHATHA,JANJGIR CHAMPA(SC),Chhattisgarh,22.012415,82.547518,locality_curated
kalbhairv,SHIRUR,Maharashtra,18.857639,74.382914,locality_curated
Tokavade,SHIRUR,Maharashtra,18.835483,74.393189,locality_curated
Dhipri,KOTA,Rajasthan,25.198762,75.862167,locality_curated
Arasoor,ARANI,Tamil Nadu,12.6621,79.306451,locality_curated
Vinnavadi,ARANI,Tamil Nadu,12.665626,79.251745,locality_curated
Madurai Perumpattur,ARANI,Tamil Nadu,12.687851,79.28575,locality_curated
Athimalaipattu,ARANI,Tamil Nadu,12.6842,79.292642,locality_curated
Vinnamangalam,ARANI,Tamil Nadu,12.640357,79.273104,locality_curated
Puthur,ARANI,Tamil Nadu,12.699999,79.278362,locality_curated
Nagar,ARANI,Tamil Nadu,12.643942,79.285092,locality_curated
Appampattu,ARANI,Tamil Nadu,12.70068,79.283359,locality_curated
Melarangunam,ARANI,Tamil Nadu,12.647209,79.285696,locality_curated
miyan,BANDA,Uttar Pradesh,25.50169,80.316128,locality_curated
miya,BANDA,Uttar Pradesh,25.489363,80.302981,locality_curated
patwan,BANDA,Uttar Pradesh,25.495255,80.332375,locality_curated
daftara,BANDA,Uttar Pradesh,25.487357,80.310801,locality_curated
achhah,BANDA,Uttar Pradesh,25.484214,80.308036,locality_curated
samsuddinpur,BANDA,Uttar Pradesh,25.50146,80.327081,locality_curated
narayanpur,BANDA,Uttar Pradesh,25.482112,80.303257,locality_curated
banthari,BANDA,Uttar Pradesh,25.481413,80.315112,locality_curated
badauli,BANDA,Uttar Pradesh,25.49714,80.351842,locality_curated
kemedha,BANDA,Uttar Pradesh,25.46612,80.334996,locality_curated
mamasi,BANDA,Uttar Pradesh,25.478335,80.303618,locality_curated
enguva,BANDA,Uttar Pradesh,25.48619,80.3025,locality_curated
chakrehi,BANDA,Uttar Pradesh,25.474027,80.315139,locality_curated
andaura,BANDA,Uttar Pradesh,25.48683,80.34485,locality_curated
dhundhui,BANDA,Uttar Pradesh,25.465939,80.326972,locality_curated
bhadanv,BANDA,Uttar Pradesh,25.482041,80.304152,locality_curated
maraulee,BANDA,Uttar Pradesh,25.457041,80.348478,locality_curated
bakal,BANDA,Uttar Pradesh,25.459035,80.333264,locality_curated
baroulee,BANDA,Uttar Pradesh,25.497241,80.308789,locality_curated
badaganv,BANDA,Uttar Pradesh,25.468798,80.34285,locality_curated
vinvat,BANDA,Uttar Pradesh,25.453546,80.322148,locality_curated
bhadehadu,BANDA,Uttar Pradesh,25.459781,80.309833,locality_curated
chandrayal,BANDA,Uttar Pradesh,25.497814,80.339625,locality_curated
Beera,BANDA,Uttar Pradesh,25.494553,80.342595,locality_curated
marka,BANDA,Uttar Pradesh,25.495089,80.306129,locality_curated
kamasin,BANDA,Uttar Pradesh,25.453707,80.311085,locality_curated
dandau,BANDA,Uttar Pradesh,25.484599,80.350432,locality_curated
kalana,BANDA,Uttar Pradesh,25.462698,80.342447,locality_curated
audaha,BANDA,Uttar Pradesh,25.461403,80.326737,locality_curated
ragoulee,BANDA,Uttar Pradesh,25.504054,80.326728,locality_curated
hardaoulee,BANDA,Uttar Pradesh,25.463612,80.308365,locality_curated
armar,BANDA,Uttar Pradesh,25.490262,80.315962,locality_curated
pindaran,BANDA,Uttar Pradesh,25.457285,80.318797,locality_curated
kairee,BANDA,Uttar Pradesh,25.475963,80.361822,locality_curated
anvan,BANDA,Uttar Pradesh,25.477981,80.345911,locality_curated
badaulee,BANDA,Uttar Pradesh,25.457532,80.353209,locality_curated
devartha,BANDA,Uttar Pradesh,25.476871,80.308118,locality_curated
Thekkumbhagom Grama,KOLLAM,Kerala,8.897584,76.630659,locality_curated
Chavara Grama,KOLLAM,Kerala,8.915719,76.622396,locality_curated
Shaleen,MANDI,Himachal Pradesh,31.690565,76.939973,locality_curated
Sulpur,MANDI,Himachal Pradesh,31.729788,76.932557,locality_curated
Sengsap,ARUNACHAL EAST,Arunachal Pradesh,28.233181,95.943383,locality_curated
Kungsung,ARUNACHAL EAST,Arunachal Pradesh,28.194997,95.922419,locality_curated
Banghatoli,KHUNTI(ST),Jharkhand,23.086095,85.282142,locality_curated
Revenue,KHUNTI(ST),Jharkhand,23.055614,85.255817,locality_curated
Amiya,GUWAHATI,Assam,26.139721,91.763587,locality_curated
Ujjal,GUWAHATI,Assam,26.12527,91.712409,locality_curated
lakshmi,GUWAHATI,Assam,26.123222,91.711655,locality_curated
Kalaingar,ARANI,Tamil Nadu,12.663637,79.266503,locality_curated
Nanalmedu,ARANI,Tamil Nadu,12.678343,79.267525,locality_curated
Rahej,NAVSARI,Gujarat,20.952996,72.934439,locality_curated
Rayang,ARUNACHAL EAST,Arunachal Pradesh,28.195598,95.929068,locality_curated
Niglok,ARUNACHAL EAST,Arunachal Pradesh,28.228961,95.947522,locality_curated
sibut,ARUNACHAL EAST,Arunachal Pradesh,28.193259,95.914836,locality_curated
Anpum,ARUNACHAL EAST,Arunachal Pradesh,28.202396,95.950771,locality_curated
Pareng,ARUNACHAL EAST,Arunachal Pradesh,28.191666,95.9373,locality_curated
Bizari,ARUNACHAL EAST,Arunachal Pradesh,28.243506,95.916282,locality_curated
Khasa,ARUNACHAL EAST,Arunachal Pradesh,28.221354,95.954434,locality_curated
Nginu,ARUNACHAL EAST,Arunachal Pradesh,28.222072,95.946518,locality_curated
Medo,ARUNACHAL EAST,Arunachal Pradesh,28.213952,95.94642,locality_curated
GK Glat,ARUNACHAL EAST,Arunachal Pradesh,28.233942,95.912928,locality_curated
Mabira,ARUNACHAL EAST,Arunachal Pradesh,28.209527,95.947748,locality_curated
Mazar,ROBERTSGANJ(SC),Uttar Pradesh,24.680035,83.08623,locality_curated
Abhayanjaneya Swamy,NIZAMABAD,Telangana,18.656122,78.086303,locality_curated
Sree Ramalayam,NIZAMABAD,Telangana,18.698718,78.111972,locality_curated
existing,NIZAMABAD,Telangana,18.691117,78.072927,locality_curated
Pothuloori Veerabrahmendraswamy,NIZAMABAD,Telangana,18.648864,78.095745,locality_curated
Hanuman,NIZAMABAD,Telangana,18.655872,78.099366,locality_curated
Peddamma,NIZAMABAD,Telangana,18.685113,78.080686,locality_curated
sevati shivalay,GIRIDIH,Jharkhand,24.168906,86.304286,locality_curated
anaiya shiv,GIRIDIH,Jharkhand,24.167071,86.297719,locality_curated
Koralur,ARANI,Tamil Nadu,12.664015,79.264555,locality_curated
Taludali,ARANI,Tamil Nadu,12.655222,79.292722,locality_curated
Nagathur,ARANI,Tamil Nadu,12.671561,79.310213,locality_curated
Kilkaranai,ARANI,Tamil Nadu,12.661747,79.292236,locality_curated
Purangarai,ARANI,Tamil Nadu,12.672476,79.250981,locality_curated
Shiv,ROBERTSGANJ(SC),Uttar Pradesh,24.706867,83.077353,locality_curated
Kali Mata,ROBERTSGANJ(SC),Uttar Pradesh,24.709465,83.081192,locality_curated
devi,GIRIDIH,Jharkhand,24.171954,86.293169,locality_curated
lala tola shiv,GIRIDIH,Jharkhand,24.180962,86.270762,locality_curated
tirhotiya,GIRIDIH,Jharkhand,24.201667,86.299455,locality_curated
barki sidhabara,GIRIDIH,Jharkhand,24.176774,86.317948,locality_curated
karmo,GIRIDIH,Jharkhand,24.201334,86.304293,locality_curated
kodwa,GIRIDIH,Jharkhand,24.201181,86.30153,locality_curated
dhamdharwa,GIRIDIH,Jharkhand,24.204415,86.292502,locality_curated
kharna,GIRIDIH,Jharkhand,24.15724,86.312269,locality_curated
sewai,GIRIDIH,Jharkhand,24.18304,86.328172,locality_curated
kali,GIRIDIH,Jharkhand,24.202608,86.299869,locality_curated
animal,GIRIDIH,Jharkhand,24.160985,86.310754,locality_curated
madaiya,GIRIDIH,Jharkhand,24.15955,86.303614,locality_curated
madhya durga,GIRIDIH,Jharkhand,24.21502,86.30976,locality_curated
Amta II,ULUBERIA,West Bengal,22.450359,88.115392,locality_curated
sunditola hari,GIRIDIH,Jharkhand,24.15857,86.28967,locality_curated
charchariya,GIRIDIH,Jharkhand,24.214508,86.307965,locality_curated
Jirhi Devi,ROBERTSGANJ(SC),Uttar Pradesh,24.681556,83.049921,locality_curated
Barawe,ROBERTSGANJ(SC),Uttar Pradesh,24.678667,83.040456,locality_curated
Bahuar,ROBERTSGANJ(SC),Uttar Pradesh,24.670942,83.078907,locality_curated
Mahuavankala,ROBERTSGANJ(SC),Uttar Pradesh,24.718551,83.056056,locality_curated
village Baghi Durga,ROBERTSGANJ(SC),Uttar Pradesh,24.703516,83.050571,locality_curated
dania durga,GIRIDIH,Jharkhand,24.1819,86.319549,locality_curated
dania shiv,GIRIDIH,Jharkhand,24.198345,86.312204,locality_curated
dania bajrangbali,GIRIDIH,Jharkhand,24.204917,86.331155,locality_curated
dakasadam bajrang bali,GIRIDIH,Jharkhand,24.156998,86.299129,locality_curated
tilaiya shiv,GIRIDIH,Jharkhand,24.172988,86.334914,locality_curated
tilaiya bajrangbali,GIRIDIH,Jharkhand,24.191091,86.324136,locality_curated
phutkadih shiv,GIRIDIH,Jharkhand,24.172781,86.330411,locality_curated
swang south,GIRIDIH,Jharkhand,24.197246,86.334012,locality_curated
hazari bajrang bali,GIRIDIH,Jharkhand,24.176418,86.322912,locality_curated
Thumba,CHITTOOR,Andhra Pradesh,13.196813,79.087217,locality_curated
Samudrampalli,CHITTOOR,Andhra Pradesh,13.226554,79.129372,locality_curated
Yenuguntapalli,CHITTOOR,Andhra Pradesh,13.213133,79.123495,locality_curated
Srinivasa Nagar,CHITTOOR,Andhra Pradesh,13.196695,79.093361,locality_curated
Krishnapuram,CHITTOOR,Andhra Pradesh,13.226314,79.13042,locality_curated
EO NANOOR,BOLPUR(SC),West Bengal,23.644619,87.7153,locality_curated
Matiyari Gram,KRISHNANAGAR,West Bengal,23.426449,88.508811,locality_curated
abhana,DAMOH,Madhya Pradesh,23.814871,79.468421,locality_curated
bandh basti kali,GIRIDIH,Jharkhand,24.21061,86.31581,locality_curated
ram,GIRIDIH,Jharkhand,24.17265,86.291668,locality_curated
pordaag kali,GIRIDIH,Jharkhand,24.171782,86.289255,locality_curated
baniyatola sadmakala,GIRIDIH,Jharkhand,24.214337,86.316186,locality_curated
jaratola mansa,GIRIDIH,Jharkhand,24.170418,86.281301,locality_curated
chotki sadma durga,GIRIDIH,Jharkhand,24.167193,86.317003,locality_curated
chandarpura gram desi,GIRIDIH,Jharkhand,24.181142,86.283155,locality_curated
budhwatand bajrangbali,GIRIDIH,Jharkhand,24.161515,86.292991,locality_curated
bhelwatand hari,GIRIDIH,Jharkhand,24.201772,86.317719,locality_curated
kaali,GIRIDIH,Jharkhand,24.166941,86.310371,locality_curated
banjrang bali,GIRIDIH,Jharkhand,24.183172,86.319329,locality_curated
tola patki,GIRIDIH,Jharkhand,24.199221,86.315687,locality_curated
kodarma,GIRIDIH,Jharkhand,24.160706,86.296869,locality_curated
turi tola mansa,GIRIDIH,Jharkhand,24.163356,86.316332,locality_curated
shiv durga,GIRIDIH,Jharkhand,24.161836,86.283017,locality_curated
thakurtola mansa,GIRIDIH,Jharkhand,24.195675,86.290555,locality_curated
rajak tola mansa,GIRIDIH,Jharkhand,24.167553,86.296342,locality_curated
gurujwa durga,GIRIDIH,Jharkhand,24.180453,86.321978,locality_curated
gurujwa banjrang bali,GIRIDIH,Jharkhand,24.161068,86.307862,locality_curated
gram devi,GIRIDIH,Jharkhand,24.185563,86.32109,locality_curated
durga mandir,GIRIDIH,Jharkhand,24.171289,86.301335,locality_curated
DATPUR  RADHARANI,ARAMBAG(SC),West Bengal,,,locality_curated
GOALPARA,BOLPUR(SC),West Bengal,23.660557,87.671852,locality_curated
Jyoti,GUWAHATI,Assam,26.113896,91.733217,locality_curated
Shaheed Bhagat singh,FARIDKOT(SC),Punjab,30.647203,74.749357,locality_curated
Nagaram,ELURU,Andhra Pradesh,16.73414,81.089998,locality_curated
dabpali,MAHASAMUND,Chhattisgarh,21.097006,82.09661,locality_curated
LAHANGPUR,MACHHLISHAHR(SC),Uttar Pradesh,25.836409,82.564402,locality_curated
Tilora,AJMER,Rajasthan,26.457806,74.627289,locality_curated
Member Mirik,DARJEELING,West Bengal,27.008717,88.275702,locality_curated
purana hanuman,GIRIDIH,Jharkhand,24.164786,86.32281,locality_curated
bajranga bali,GIRIDIH,Jharkhand,24.213666,86.315307,locality_curated
budhibagi shiv,GIRIDIH,Jharkhand,24.199731,86.316094,locality_curated
banaso,GIRIDIH,Jharkhand,24.215022,86.310345,locality_curated
Anuppankulam,VIRUDHUNAGAR,Tamil Nadu,9.557049,77.961592,locality_curated
Sathyamanagalam,NILGIRIS(SC),Tamil Nadu,11.467257,76.751748,locality_curated
Palayam Town,NILGIRIS(SC),Tamil Nadu,11.492194,76.716335,locality_curated
O Marudhur,NILGIRIS(SC),Tamil Nadu,11.469171,76.7333,locality_curated
Sirumugai Town,NILGIRIS(SC),Tamil Nadu,11.483434,76.747569,locality_curated
Alapalayam,NILGIRIS(SC),Tamil Nadu,11.509902,76.746777,locality_curated
Kuppanur,NILGIRIS(SC),Tamil Nadu,11.512791,76.754583,locality_curated
Kempanaickenpalayam Town,NILGIRIS(SC),Tamil Nadu,11.479235,76.713507,locality_curated
O Dhandukaranpalayam,NILGIRIS(SC),Tamil Nadu,11.477493,76.736238,locality_curated
Bheemasandradoddi,BANGALORE RURAL,Karnataka,13.146013,77.429134,locality_curated
chitri,BANSWARA(ST),Rajasthan,23.550224,74.421824,locality_curated
BHINDUR,AMBEDKAR NAGAR,Uttar Pradesh,26.448722,82.576145,locality_curated
HANSWAR,AMBEDKAR NAGAR,Uttar Pradesh,26.426208,82.616018,locality_curated
RAM,AMBEDKAR NAGAR,Uttar Pradesh,26.449012,82.578115,locality_curated
Baduria,BASIRHAT,West Bengal,22.639981,88.895741,locality_curated
Brahmanapalli,KADAPA,Andhra Pradesh,14.487481,78.813985,locality_curated
Budgaadda hanuman,GIRIDIH,Jharkhand,24.168869,86.32532,locality_curated
Hanuman,GIRIDIH,Jharkhand,24.204835,86.311558,locality_curated
bankatwa,GIRIDIH,Jharkhand,24.21141,86.3056,locality_curated
shukrawar bazaar hanuman,GIRIDIH,Jharkhand,24.158379,86.293859,locality_curated
prachin durga,GIRIDIH,Jharkhand,24.206202,86.328328,locality_curated
mahavir,GIRIDIH,Jharkhand,24.181928,86.321988,locality_curated
Katwa I,BOLPUR(SC),West Bengal,23.683234,87.730919,locality_curated
Koliyanur,VILUPPURAM(SC),Tamil Nadu,11.950857,79.479652,locality_curated
Ganeshpura,KOTA,Rajasthan,25.229284,75.848841,locality_curated
Gumanpura,KOTA,Rajasthan,25.216816,75.880482,locality_curated
Khunti Nagar,KHUNTI(ST),Jharkhand,23.066536,85.30135,locality_curated
Gram,KORBA,Chhattisgarh,22.331277,82.746892,locality_curated
Chaura,KORBA,Chhattisgarh,22.381189,82.770487,locality_curated
Tendumuda Gram,KORBA,Chhattisgarh,22.38059,82.726485,locality_curated
Patharri Gram,KORBA,Chhattisgarh,22.35381,82.732231,locality_curated
Parasi Gram,KORBA,Chhattisgarh,22.375128,82.741858,locality_curated
Pandripani,KORBA,Chhattisgarh,22.365973,82.765109,locality_curated
Salheghori,KORBA,Chhattisgarh,22.330221,82.7501,locality_curated
shiv mandir,GIRIDIH,Jharkhand,24.1853,86.287021,locality_curated
telo madhya,GIRIDIH,Jharkhand,24.172248,86.282568,locality_curated
telo purvi,GIRIDIH,Jharkhand,24.172676,86.288108,locality_curated
telo pashchimi,GIRIDIH,Jharkhand,24.177693,86.288233,locality_curated
Thogur,THANJAVUR,Tamil Nadu,10.768373,79.130139,locality_curated
thirupuvanam town,SIVAGANGA,Tamil Nadu,9.852245,78.468836,locality_curated
khatauli me,MUZAFFARNAGAR,Uttar Pradesh,29.453083,77.736325,locality_curated
nidhauli,AGRA(SC),Uttar Pradesh,27.175083,77.987318,locality_curated
Vilar,THANJAVUR,Tamil Nadu,10.801609,79.145378,locality_curated
Nilgiri,THANJAVUR,Tamil Nadu,10.776281,79.166226,locality_curated
Kannukudi West,THANJAVUR,Tamil Nadu,10.796054,79.125568,locality_curated
Neivasal,THANJAVUR,Tamil Nadu,10.801046,79.143289,locality_curated
Periyakottai,THANJAVUR,Tamil Nadu,10.787,79.163296,locality_curated
Bamani in Karnavur,THANJAVUR,Tamil Nadu,10.800663,79.135347,locality_curated
Pullavarayan kudikadu,THANJAVUR,Tamil Nadu,10.791823,79.159068,locality_curated
Thagachakere,BANGALORE RURAL,Karnataka,13.156864,77.416606,locality_curated
Paglam,ARUNACHAL EAST,Arunachal Pradesh,28.200313,95.926498,locality_curated
Ekisang,ARUNACHAL EAST,Arunachal Pradesh,28.217516,95.898915,locality_curated
LP School Ruksin,ARUNACHAL EAST,Arunachal Pradesh,28.234435,95.949052,locality_curated
Bamin,ARUNACHAL EAST,Arunachal Pradesh,28.232067,95.941998,locality_curated
Hippo,ARUNACHAL EAST,Arunachal Pradesh,28.205734,95.944815,locality_curated
Shyampur II,ULUBERIA,West Bengal,22.478522,88.084734,locality_curated
Rautpar,SALEMPUR,Uttar Pradesh,26.284593,83.793536,locality_curated
Lar,SALEMPUR,Uttar Pradesh,26.303777,83.8466,locality_curated
Madhopur,SALEMPUR,Uttar Pradesh,26.276576,83.817714,locality_curated
Salempur,SALEMPUR,Uttar Pradesh,26.299255,83.796198,locality_curated
naveen,BHARATPUR(SC),Rajasthan,27.187286,77.485753,locality_curated
Gram,FARIDKOT(SC),Punjab,30.645312,74.761775,locality_curated
ladaniya antargat,JHANJHARPUR,Bihar,26.27533,86.293906,locality_curated
EO Mongalkote,BOLPUR(SC),West Bengal,23.670987,87.728792,locality_curated
Handaiya Nagar,SANGRUR,Punjab,30.256184,75.813021,locality_curated
tiruppur,TIRUPPUR,Tamil Nadu,11.078609,77.335179,locality_curated
o merkupathiy,TIRUPPUR,Tamil Nadu,11.090124,77.341427,locality_curated
Panangkuppam,VILUPPURAM(SC),Tamil Nadu,11.930695,79.507684,locality_curated
khaiyokhar barwadih mansa,GIRIDIH,Jharkhand,24.193307,86.330092,locality_curated
kharpito B Gaytri,GIRIDIH,Jharkhand,24.171574,86.312267,locality_curated
aahardih,GIRIDIH,Jharkhand,24.179985,86.290873,locality_curated
Bangareddipalli,CHITTOOR,Andhra Pradesh,13.227784,79.077509,locality_curated
Bangareddipalle,CHITTOOR,Andhra Pradesh,13.193956,79.119135,locality_curated
Jimkalamitta,CHITTOOR,Andhra Pradesh,13.230863,79.102275,locality_curated
Ggam,DAMOH,Madhya Pradesh,23.820297,79.426091,locality_curated
ADHROTA,DAMOH,Madhya Pradesh,23.829669,79.4166,locality_curated
KANIYAGHAT,DAMOH,Madhya Pradesh,23.847149,79.472614,locality_curated
JORTALA,DAMOH,Madhya Pradesh,23.80377,79.437708,locality_curated
RAJPURA,DAMOH,Madhya Pradesh,23.842019,79.459837,locality_curated
KHAMARGOUR,DAMOH,Madhya Pradesh,23.848759,79.461644,locality_curated
PADAJHIR,DAMOH,Madhya Pradesh,23.814708,79.416743,locality_curated
KUDAI,DAMOH,Madhya Pradesh,23.845453,79.466085,locality_curated
SOMKHEDA,DAMOH,Madhya Pradesh,23.846855,79.462646,locality_curated
BAMHORI,DAMOH,Madhya Pradesh,23.810135,79.448823,locality_curated
BAGDARI,DAMOH,Madhya Pradesh,23.833383,79.459027,locality_curated
NAGAR,BANKA,Bihar,24.899522,86.947011,locality_curated
Sitala,TAMLUK,West Bengal,22.276816,87.920052,locality_curated
Koormavilasapuram,TIRUVALLUR(SC),Tamil Nadu,13.159496,79.900782,locality_curated
Nathikkudi,VIRUDHUNAGAR,Tamil Nadu,9.575653,77.936584,locality_curated
Keelanmarainadu,VIRUDHUNAGAR,Tamil Nadu,9.569673,77.964571,locality_curated
Ettakkapatti,VIRUDHUNAGAR,Tamil Nadu,9.599631,77.977969,locality_curated
Muthandiapuram,VIRUDHUNAGAR,Tamil Nadu,9.600064,77.972563,locality_curated
Thulukkankuruchi,VIRUDHUNAGAR,Tamil Nadu,9.582339,77.976488,locality_curated
Guhanparai,VIRUDHUNAGAR,Tamil Nadu,9.595731,77.977419,locality_curated
Vetrilaiyoorani,VIRUDHUNAGAR,Tamil Nadu,9.597935,77.983589,locality_curated
Kangarakkottai,VIRUDHUNAGAR,Tamil Nadu,9.567725,77.959096,locality_curated
Graveyard,BHATINDA,Punjab,30.19968,74.926986,locality_curated
patti,BHATINDA,Punjab,30.210814,74.930137,locality_curated
Mahuvaria,BARDOLI(ST),Gujarat,21.097366,73.123026,locality_curated
Kanjan,BARDOLI(ST),Gujarat,21.144546,73.111535,locality_curated
Devalpada,BARDOLI(ST),Gujarat,21.108154,73.133717,locality_curated
Ranveri,BARDOLI(ST),Gujarat,21.096353,73.131122,locality_curated
Borkhadi,BARDOLI(ST),Gujarat,21.122782,73.09146,locality_curated
Senthamagalem Town,NAMAKKAL,Tamil Nadu,11.20635,78.188144,locality_curated
Salaiya,BARDOLI(ST),Gujarat,21.146893,73.110382,locality_curated
Balalkuva,BARDOLI(ST),Gujarat,21.107365,73.120116,locality_curated
Gundikuva,BARDOLI(ST),Gujarat,21.124458,73.143495,locality_curated
umbhariya,BARDOLI(ST),Gujarat,21.139703,73.130123,locality_curated
Kali jaman,BARDOLI(ST),Gujarat,21.116663,73.093162,locality_curated
kevadi,BARDOLI(ST),Gujarat,21.14055,73.1133,locality_curated
Madhaipur,KAISERGANJ,Uttar Pradesh,27.291131,81.589523,locality_curated
Chandipur,KAISERGANJ,Uttar Pradesh,27.298902,81.578559,locality_curated
EO LABPUR,BOLPUR(SC),West Bengal,23.664467,87.723852,locality_curated
Basirhat I,BASIRHAT,West Bengal,22.652586,88.873618,locality_curated
Basirhat II,BASIRHAT,West Bengal,22.676017,88.886555,locality_curated
Barasat II,BASIRHAT,West Bengal,22.638386,88.903561,locality_curated
Kanjirappally Grama,PATHANAMTHITTA,Kerala,9.249026,76.808859,locality_curated
Koottickal Grama,PATHANAMTHITTA,Kerala,9.249394,76.786458,locality_curated
kanjirappally Grama,PATHANAMTHITTA,Kerala,9.261626,76.761632,locality_curated
Koruthodu Grama,PATHANAMTHITTA,Kerala,9.241921,76.786194,locality_curated
Nedumkunnam Grama,PATHANAMTHITTA,Kerala,9.280453,76.799925,locality_curated
Chirakkadavu Grama,PATHANAMTHITTA,Kerala,9.255979,76.806847,locality_curated
Konerikuppam,KANCHEEPURAM(SC),Tamil Nadu,12.808207,79.668572,locality_curated
Vaiyavur,KANCHEEPURAM(SC),Tamil Nadu,12.83671,79.702245,locality_curated
Govindavadi,KANCHEEPURAM(SC),Tamil Nadu,12.820301,79.709739,locality_curated
Naickenkuppam,KANCHEEPURAM(SC),Tamil Nadu,12.803652,79.720043,locality_curated
Uthiramerur Town,KANCHEEPURAM(SC),Tamil Nadu,12.834391,79.704884,locality_curated
JANPAD,MORENA,Madhya Pradesh,26.516455,77.962571,locality_curated
Kattupakkam,KANCHEEPURAM(SC),Tamil Nadu,12.831727,79.691065,locality_curated
LADPURA,MORENA,Madhya Pradesh,26.493987,77.938392,locality_curated
Kammalampoondi,KANCHEEPURAM(SC),Tamil Nadu,12.816842,79.680853,locality_curated
SARANGPUR,MORENA,Madhya Pradesh,26.513744,77.976838,locality_curated
nitanwas,MORENA,Madhya Pradesh,26.519744,77.97193,locality_curated
ranawad janpat,MORENA,Madhya Pradesh,26.520246,77.963083,locality_curated
nimaniya janpat,MORENA,Madhya Pradesh,26.47526,77.957109,locality_curated
Sajapani Gram,KORBA,Chhattisgarh,22.371672,82.759662,locality_curated
laxmanpura,MORENA,Madhya Pradesh,26.498741,77.996841,locality_curated
parwati,MORENA,Madhya Pradesh,26.521382,77.974213,locality_curated
madha,MORENA,Madhya Pradesh,26.519784,77.993707,locality_curated
gopalpura,MORENA,Madhya Pradesh,26.504676,77.943122,locality_curated
chentikheda,MORENA,Madhya Pradesh,26.469391,77.975417,locality_curated
khitarpal,MORENA,Madhya Pradesh,26.515154,77.976163,locality_curated
dehari,MORENA,Madhya Pradesh,26.499013,77.93841,locality_curated
GARAM,CHITTORGARH,Rajasthan,24.8887,74.598397,locality_curated
Jingar Samaj,KOTA,Rajasthan,25.230005,75.872037,locality_curated
Sangod,KOTA,Rajasthan,25.190273,75.845204,locality_curated
Mallappally Grama,PATHANAMTHITTA,Kerala,9.250706,76.776699,locality_curated
Kallooppara Grama,PATHANAMTHITTA,Kerala,9.287309,76.7874,locality_curated
Kottangal Grama,PATHANAMTHITTA,Kerala,9.246812,76.793241,locality_curated
Kaviyoor Grama,PATHANAMTHITTA,Kerala,9.279654,76.795057,locality_curated
Anicad Grama,PATHANAMTHITTA,Kerala,9.281768,76.783638,locality_curated
Kottanadu Grama,PATHANAMTHITTA,Kerala,9.263137,76.805096,locality_curated
Erathu Grama,PATHANAMTHITTA,Kerala,9.246286,76.763119,locality_curated
Kulanada Grama,PATHANAMTHITTA,Kerala,9.285521,76.785154,locality_curated
Omalloor Grama,PATHANAMTHITTA,Kerala,9.254401,76.759815,locality_curated
Omallur Grama,PATHANAMTHITTA,Kerala,9.282231,76.760665,locality_curated
Adichippuzha Panampara,PATHANAMTHITTA,Kerala,9.283213,76.785688,locality_curated
Aruvappulam Grama,PATHANAMTHITTA,Kerala,9.283806,76.777973,locality_curated
Thannithodu Grama,PATHANAMTHITTA,Kerala,9.26246,76.805482,locality_curated
Mylapra Grama,PATHANAMTHITTA,Kerala,9.286593,76.806973,locality_curated
Ayroor Grama,PATHANAMTHITTA,Kerala,9.277268,76.764945,locality_curated
Nedumpuram Grama,PATHANAMTHITTA,Kerala,9.26956,76.767249,locality_curated
Eandimangalam Grama,PATHANAMTHITTA,Kerala,9.253407,76.765481,locality_curated
Ezhamkulam Grama,PATHANAMTHITTA,Kerala,9.245206,76.800322,locality_curated
Riyan Shyamdas,NAGAUR,Rajasthan,27.231259,73.745497,locality_curated
Bhawan,NAGAUR,Rajasthan,27.216905,73.720231,locality_curated
bees Bhuja Mataji,NAGAUR,Rajasthan,27.186482,73.759722,locality_curated
Hariram Baba,NAGAUR,Rajasthan,27.231302,73.724389,locality_curated
Sainji,NAGAUR,Rajasthan,27.216586,73.761319,locality_curated
shriyade Mata,NAGAUR,Rajasthan,27.203,73.696269,locality_curated
SHAHJAD,DAMOH,Madhya Pradesh,23.853795,79.451594,locality_curated
Satynarayan,NAGAUR,Rajasthan,27.230283,73.716979,locality_curated
Jogmaya,NAGAUR,Rajasthan,27.206465,73.745627,locality_curated
Aayurved,NAGAUR,Rajasthan,27.211407,73.700906,locality_curated
jogmaya,NAGAUR,Rajasthan,27.194231,73.699654,locality_curated
Gusai Ji,NAGAUR,Rajasthan,27.223761,73.734116,locality_curated
Hanuman Ji,NAGAUR,Rajasthan,27.199138,73.702587,locality_curated
bas,NAGAUR,Rajasthan,27.208019,73.759034,locality_curated
DARIYAPUR ME,NAGINA(SC),Uttar Pradesh,29.432861,78.42278,locality_curated
NAGAR,NAGINA(SC),Uttar Pradesh,29.421071,78.432405,locality_curated
Barol,AJMER,Rajasthan,26.466217,74.646896,locality_curated
West Kasba Shiv,PATNA SAHIB,Bihar,25.616788,85.108264,locality_curated
Durga,PATNA SAHIB,Bihar,25.593328,85.134724,locality_curated
Koli,PATNA SAHIB,Bihar,25.628232,85.143493,locality_curated
NANDELI,JANJGIR CHAMPA(SC),Chhattisgarh,22.028108,82.598468,locality_curated
AMGAON,JANJGIR CHAMPA(SC),Chhattisgarh,21.995127,82.551966,locality_curated
CHORBHATTI,JANJGIR CHAMPA(SC),Chhattisgarh,21.989466,82.566942,locality_curated
LAWSARA,JANJGIR CHAMPA(SC),Chhattisgarh,21.995948,82.588494,locality_curated
PASID,JANJGIR CHAMPA(SC),Chhattisgarh,22.034065,82.579523,locality_curated
DODAKI,JANJGIR CHAMPA(SC),Chhattisgarh,22.022543,82.59729,locality_curated
SENDURAS,JANJGIR CHAMPA(SC),Chhattisgarh,22.037353,82.55329,locality_curated
TUSMA,JANJGIR CHAMPA(SC),Chhattisgarh,22.038087,82.590333,locality_curated
Birat,DHUBRI,Assam,26.035387,89.984326,locality_curated
Iddgha,DHUBRI,Assam,26.002729,89.971266,locality_curated
Modal,DHUBRI,Assam,26.00082,89.967831,locality_curated
Nedunkuram,KANCHEEPURAM(SC),Tamil Nadu,12.826536,79.7102,locality_curated
Karunguzh Town,KANCHEEPURAM(SC),Tamil Nadu,12.798986,79.712097,locality_curated
Athimanam,KANCHEEPURAM(SC),Tamil Nadu,12.819519,79.724617,locality_curated
Anathamangalam,KANCHEEPURAM(SC),Tamil Nadu,12.841618,79.68262,locality_curated
Lathur,KANCHEEPURAM(SC),Tamil Nadu,12.82361,79.677559,locality_curated
Panakkattupakkam,KANCHEEPURAM(SC),Tamil Nadu,12.830943,79.705793,locality_curated
Nemmeli,KANCHEEPURAM(SC),Tamil Nadu,12.80463,79.682335,locality_curated
Siar,SALEMPUR,Uttar Pradesh,26.32531,83.808594,locality_curated
Thotavaripalli,CHITTOOR,Andhra Pradesh,13.226586,79.0718,locality_curated
Nagra,SALEMPUR,Uttar Pradesh,26.30306,83.837559,locality_curated
Bansibazar,SALEMPUR,Uttar Pradesh,26.275365,83.800035,locality_curated
Jigisar,SALEMPUR,Uttar Pradesh,26.292469,83.788647,locality_curated
Jagosara,SALEMPUR,Uttar Pradesh,26.308381,83.794315,locality_curated
Maniyar,SALEMPUR,Uttar Pradesh,26.323149,83.803864,locality_curated
Pandah,SALEMPUR,Uttar Pradesh,26.275679,83.820474,locality_curated
Navanagar,SALEMPUR,Uttar Pradesh,26.291688,83.806254,locality_curated
Koviloor,SIVAGANGA,Tamil Nadu,9.850242,78.467697,locality_curated
Alangudi,SIVAGANGA,Tamil Nadu,9.836986,78.495576,locality_curated
Kambanur,SIVAGANGA,Tamil Nadu,9.8619,78.488022,locality_curated
chandpur bhagha,PURNEA,Bihar,25.791304,87.476139,locality_curated
basantpur chintamani,PURNEA,Bihar,25.759555,87.459808,locality_curated
abhayram chakala,PURNEA,Bihar,25.80478,87.486062,locality_curated
light khokha,PURNEA,Bihar,25.773825,87.456259,locality_curated
light harda,PURNEA,Bihar,25.792754,87.467558,locality_curated
dhamdaha nagar,PURNEA,Bihar,25.759249,87.498824,locality_curated
Nyay,BHADOHI,Uttar Pradesh,25.409277,82.565283,locality_curated
chaurahe par,BHADOHI,Uttar Pradesh,25.373612,82.568762,locality_curated
Bhui me,BHADOHI,Uttar Pradesh,25.392097,82.547628,locality_curated
Mutugadu,THANJAVUR,Tamil Nadu,10.803404,79.150384,locality_curated
Kasiwayal Panchayat Alagiyanagipuram,THANJAVUR,Tamil Nadu,10.783449,79.117298,locality_curated
Kotmer,KORBA,Chhattisgarh,22.374082,82.76034,locality_curated
bhelwatand,GIRIDIH,Jharkhand,24.179124,86.291313,locality_curated
ghonghi taalab,GIRIDIH,Jharkhand,24.2023,86.283903,locality_curated
Chargi shiv,GIRIDIH,Jharkhand,24.165465,86.314281,locality_curated
lepo bajrang bali,GIRIDIH,Jharkhand,24.172617,86.295913,locality_curated
chintamani,MAVAL,Maharashtra,18.764126,73.522099,locality_curated
Vikas,MAVAL,Maharashtra,18.732335,73.520462,locality_curated
SB Patil,MAVAL,Maharashtra,18.772651,73.554107,locality_curated
Armi Public,MAVAL,Maharashtra,18.76697,73.510368,locality_curated
swang north,GIRIDIH,Jharkhand,24.178805,86.276044,locality_curated
patwa basti durga,GIRIDIH,Jharkhand,24.163911,86.30624,locality_curated
hosir east,GIRIDIH,Jharkhand,24.187294,86.279611,locality_curated
hosir west,GIRIDIH,Jharkhand,24.207756,86.318246,locality_curated
sadam purvi,GIRIDIH,Jharkhand,24.213472,86.314042,locality_curated
sadam west,GIRIDIH,Jharkhand,24.211225,86.317253,locality_curated
madukkur,THANJAVUR,Tamil Nadu,10.762652,79.121081,locality_curated
Velanchery,ARAKKONAM,Tamil Nadu,13.084862,79.642053,locality_curated
Konni Grama,PATHANAMTHITTA,Kerala,9.25477,76.798574,locality_curated
Gaytri,PARBHANI,Maharashtra,19.280562,76.581712,locality_curated
Mahiyal,SABARKANTHA,Gujarat,23.591905,73.030808,locality_curated
Yerrabommanapalli,KADAPA,Andhra Pradesh,14.458683,78.847552,locality_curated
Venkatasamuthram,THANJAVUR,Tamil Nadu,10.807537,79.137435,locality_curated
thillaisanam,THANJAVUR,Tamil Nadu,10.801142,79.125285,locality_curated
biram Khedi,SAGAR,Madhya Pradesh,23.819754,78.740357,locality_curated
bagrod,SAGAR,Madhya Pradesh,23.826736,78.75975,locality_curated
Siddheshwar,KORBA,Chhattisgarh,22.333069,82.753104,locality_curated
Nagar,KORBA,Chhattisgarh,22.384605,82.743833,locality_curated
karmatand,GIRIDIH,Jharkhand,24.195944,86.320659,locality_curated
dhanhara mansa,GIRIDIH,Jharkhand,24.16381,86.309179,locality_curated
badki chidri,GIRIDIH,Jharkhand,24.201533,86.311431,locality_curated
Nadimpalem,NARASARAOPET,Andhra Pradesh,16.242691,80.02897,locality_curated
Mathoe Jila,BHADOHI,Uttar Pradesh,25.389648,82.601346,locality_curated
AJITPURDASI,NAGINA(SC),Uttar Pradesh,29.428839,78.427214,locality_curated
SUHAGPUR EHTEMALI,NAGINA(SC),Uttar Pradesh,29.442358,78.456132,locality_curated
MIRZAPUR PALLA WALA,NAGINA(SC),Uttar Pradesh,29.472877,78.429742,locality_curated
FATAHPUR JAMAL,NAGINA(SC),Uttar Pradesh,29.442124,78.41235,locality_curated
LATIFPUR,NAGINA(SC),Uttar Pradesh,29.41892,78.415045,locality_curated
NAGLA BHAJJA EHTEMALI,NAGINA(SC),Uttar Pradesh,29.429303,78.454781,locality_curated
MIRZAPUR PALLA,NAGINA(SC),Uttar Pradesh,29.433648,78.446183,locality_curated
Thotiyampatti,SIVAGANGA,Tamil Nadu,9.855904,78.495384,locality_curated
Keelathur,SIVAGANGA,Tamil Nadu,9.855784,78.494052,locality_curated
Thekkummel,IDUKKI,Kerala,9.847461,77.128433,locality_curated
Ahira,BANDA,Uttar Pradesh,25.472923,80.35734,locality_curated
Amanpur,BANDA,Uttar Pradesh,25.45955,80.30394,locality_curated
Bachharan,BANDA,Uttar Pradesh,25.49738,80.301456,locality_curated
Bandha,BANDA,Uttar Pradesh,25.460046,80.312101,locality_curated
Byohara,BANDA,Uttar Pradesh,25.469834,80.317045,locality_curated
Chak,BANDA,Uttar Pradesh,25.462091,80.352821,locality_curated
Chilla,BANDA,Uttar Pradesh,25.458108,80.319203,locality_curated
Daheruchh,BANDA,Uttar Pradesh,25.471991,80.317329,locality_curated
Deokali,BANDA,Uttar Pradesh,25.460444,80.345169,locality_curated
Gobariya,BANDA,Uttar Pradesh,25.499898,80.33077,locality_curated
Itroul,BANDA,Uttar Pradesh,25.485533,80.343767,locality_curated
Kandhwaniya,BANDA,Uttar Pradesh,25.494005,80.353,locality_curated
Karwi,BANDA,Uttar Pradesh,25.496943,80.339979,locality_curated
Khajuriha,BANDA,Uttar Pradesh,25.482152,80.349414,locality_curated
Khutaha,BANDA,Uttar Pradesh,25.484555,80.309762,locality_curated
Lodhia,BANDA,Uttar Pradesh,25.471163,80.317009,locality_curated
Magarhai,BANDA,Uttar Pradesh,25.450164,80.333474,locality_curated
Mau,BANDA,Uttar Pradesh,25.486229,80.345499,locality_curated
Pahadi,BANDA,Uttar Pradesh,25.49314,80.3339,locality_curated
Pahara,BANDA,Uttar Pradesh,25.457894,80.322044,locality_curated
Paikaura,BANDA,Uttar Pradesh,25.462444,80.344654,locality_curated
Path,BANDA,Uttar Pradesh,25.473838,80.297884,locality_curated
Ram,BANDA,Uttar Pradesh,25.475313,80.349376,locality_curated
Rasin,BANDA,Uttar Pradesh,25.458487,80.317858,locality_curated
Ripurwa,BANDA,Uttar Pradesh,25.475933,80.355553,locality_curated
Sheo,BANDA,Uttar Pradesh,25.496033,80.344382,locality_curated
Bankat,BANDA,Uttar Pradesh,25.453432,80.345648,locality_curated
Chilli,BANDA,Uttar Pradesh,25.495754,80.302071,locality_curated
Kanthipur,BANDA,Uttar Pradesh,25.467235,80.322162,locality_curated
Bardwara,BANDA,Uttar Pradesh,25.485053,80.361745,locality_curated
Bilas,BANDA,Uttar Pradesh,25.467293,80.313807,locality_curated
Chandi,BANDA,Uttar Pradesh,25.500487,80.342579,locality_curated
Lamiyari,BANDA,Uttar Pradesh,25.475576,80.310343,locality_curated
Kucharam,BANDA,Uttar Pradesh,25.500918,80.346835,locality_curated
Atrouli,BANDA,Uttar Pradesh,25.470117,80.311779,locality_curated
Ailaha,BANDA,Uttar Pradesh,25.504966,80.314033,locality_curated
Pathara,BANDA,Uttar Pradesh,25.497139,80.312905,locality_curated
Sathya,MALKAJGIRI,Telangana,17.463258,78.505665,locality_curated
PRANPUR KA MAJRA,RAMPUR,Uttar Pradesh,28.821853,79.00738,locality_curated
AHMADPUR BLOCK SAIDNAGAR,RAMPUR,Uttar Pradesh,28.827078,79.050845,locality_curated
SINGNI BLOCK SAIDNAGAR,RAMPUR,Uttar Pradesh,28.822894,79.024678,locality_curated
Thirupathur Town,SIVAGANGA,Tamil Nadu,9.862313,78.481786,locality_curated
Compound,RAJKOT,Gujarat,22.314581,70.81752,locality_curated
Sadham,IDUKKI,Kerala,9.855474,77.116389,locality_curated
Dharwad TQ Kyarkoppa,DHARWAD,Karnataka,15.4783,74.986956,locality_curated
O vallipuram,TIRUPPUR,Tamil Nadu,11.086351,77.340312,locality_curated
O perumanallur,TIRUPPUR,Tamil Nadu,11.128453,77.318516,locality_curated
sasbera purvi,GIRIDIH,Jharkhand,24.209264,86.298535,locality_curated
sasbeda paschimi,GIRIDIH,Jharkhand,24.188585,86.330223,locality_curated
palihari gurudih,GIRIDIH,Jharkhand,24.165122,86.310943,locality_curated
swang uttari,GIRIDIH,Jharkhand,24.184211,86.327382,locality_curated
swang dakshini,GIRIDIH,Jharkhand,24.16527,86.284125,locality_curated
bharat mata,GIRIDIH,Jharkhand,24.167832,86.300179,locality_curated
saram purvi,GIRIDIH,Jharkhand,24.212588,86.29001,locality_curated
saram paschimi,GIRIDIH,Jharkhand,24.201477,86.30584,locality_curated
hosir purvi,GIRIDIH,Jharkhand,24.19579,86.331691,locality_curated
hosir pashchimi,GIRIDIH,Jharkhand,24.195332,86.330509,locality_curated
tambagudiyo,GIRIDIH,Jharkhand,24.213859,86.290661,locality_curated
isri dakshini,GIRIDIH,Jharkhand,24.1853,86.274479,locality_curated
isri uttari,GIRIDIH,Jharkhand,24.212953,86.304071,locality_curated
jamtara,GIRIDIH,Jharkhand,24.191723,86.28415,locality_curated
nawadih,GIRIDIH,Jharkhand,24.177032,86.327034,locality_curated
kulgo uttari,GIRIDIH,Jharkhand,24.168369,86.311355,locality_curated
simarbeda hanuman,GIRIDIH,Jharkhand,24.18672,86.326865,locality_curated
thakurbadi,GIRIDIH,Jharkhand,24.177645,86.328972,locality_curated
Srirama,NIZAMABAD,Telangana,18.691081,78.068896,locality_curated
Yellammagutta Hanuman,NIZAMABAD,Telangana,18.685956,78.078769,locality_curated
Yellamma,NIZAMABAD,Telangana,18.65425,78.087741,locality_curated
Revati,SALEMPUR,Uttar Pradesh,26.290114,83.832248,locality_curated
Beruarbari,SALEMPUR,Uttar Pradesh,26.275781,83.819057,locality_curated
Bansdih,SALEMPUR,Uttar Pradesh,26.300821,83.846213,locality_curated
Shivalayam,NIZAMABAD,Telangana,18.667635,78.120418,locality_curated
Majsid,NAGAUR,Rajasthan,27.173067,73.73777,locality_curated
Jambheshwar Bhagwan,NAGAUR,Rajasthan,27.21718,73.731395,locality_curated
Bibarda Gram,BANKURA,West Bengal,23.246367,87.065355,locality_curated
Bada Guntia,KHUNTI(ST),Jharkhand,23.078052,85.291507,locality_curated
Ambrai,KHUNTI(ST),Jharkhand,23.084069,85.307497,locality_curated
Lagia,KHUNTI(ST),Jharkhand,23.092679,85.299271,locality_curated
Gourbazar Gram,BANKURA,West Bengal,23.242408,87.088091,locality_curated
Panchmura Gram,BANKURA,West Bengal,23.2324,87.041433,locality_curated
Working agency,JHUNJHUNU,Rajasthan,28.122976,75.427135,locality_curated
working agency,JHUNJHUNU,Rajasthan,28.15733,75.416594,locality_curated
Amreshwar Mhadev,BIKANER(SC),Rajasthan,28.037676,73.295736,locality_curated
DHANGAON,JANJGIR CHAMPA(SC),Chhattisgarh,22.043892,82.561869,locality_curated
PANGAON,JANJGIR CHAMPA(SC),Chhattisgarh,22.028467,82.59624,locality_curated
Borigala,BARDOLI(ST),Gujarat,21.099412,73.121723,locality_curated
SE PIPRI,SITAPUR,Uttar Pradesh,27.583562,80.672588,locality_curated
AJJEPUR,SITAPUR,Uttar Pradesh,27.55058,80.706592,locality_curated
Laskana,BARDOLI(ST),Gujarat,21.097786,73.093857,locality_curated
Mota,BARDOLI(ST),Gujarat,21.133089,73.104884,locality_curated
Pandaul,MADHUBANI,Bihar,26.348506,86.066045,locality_curated
Banabasi Kalyan,SUNDARGARH (ST),Odisha,22.139957,84.033961,locality_curated
Radha Krushna,SUNDARGARH (ST),Odisha,22.100967,84.036635,locality_curated
Alangadu,SIVAGANGA,Tamil Nadu,9.842782,78.468323,locality_curated
Hall,SHIMLA (SC),Himachal Pradesh,31.098244,77.159,locality_curated
Gram,BIKANER(SC),Rajasthan,28.00976,73.307912,locality_curated
Kurar,MUMBAI NORTH WEST,Maharashtra,19.142925,72.866369,locality_curated
Kallarpur,BIJNOR,Uttar Pradesh,29.384943,78.166255,locality_curated
Jodhasar,BIKANER(SC),Rajasthan,28.028616,73.297356,locality_curated
Hansera,BIKANER(SC),Rajasthan,27.995949,73.330244,locality_curated
Tantwas,BIKANER(SC),Rajasthan,28.043805,73.322443,locality_curated
Loknath,SUNDARGARH (ST),Odisha,22.112792,84.055254,locality_curated
Ganesh,SUNDARGARH (ST),Odisha,22.143412,84.049885,locality_curated
budadi,BASTAR(ST),Chhattisgarh,19.307135,81.719694,locality_curated
gudra,BASTAR(ST),Chhattisgarh,19.309891,81.72469,locality_curated
permaras,BASTAR(ST),Chhattisgarh,19.289325,81.690168,locality_curated
kokawada,BASTAR(ST),Chhattisgarh,19.283246,81.69969,locality_curated
village Basant Vihar,RANCHI,Jharkhand,23.369583,85.326277,locality_curated
Simliya,RANCHI,Jharkhand,23.332044,85.302322,locality_curated
Village Lalapurwa,SITAPUR,Uttar Pradesh,27.564753,80.705656,locality_curated
Kondapura,BANGALORE RURAL,Karnataka,13.127427,77.407982,locality_curated
Harohalli,BANGALORE RURAL,Karnataka,13.162317,77.40919,locality_curated
Aralalu,BANGALORE RURAL,Karnataka,13.158905,77.425125,locality_curated
Kebbehalli,BANGALORE RURAL,Karnataka,13.133971,77.378931,locality_curated
Belaguli,BANGALORE RURAL,Karnataka,13.138601,77.389084,locality_curated
Jakkasandra,BANGALORE RURAL,Karnataka,13.122433,77.403979,locality_curated
Banavasi,BANGALORE RURAL,Karnataka,13.135523,77.375258,locality_curated
Agalakote,BANGALORE RURAL,Karnataka,13.163602,77.420709,locality_curated
Kempavaderahalli,BANGALORE RURAL,Karnataka,13.120381,77.404275,locality_curated
Talakuppe,BANGALORE RURAL,Karnataka,13.154967,77.380966,locality_curated
ujjani,BANGALORE RURAL,Karnataka,13.159104,77.424357,locality_curated
Medihalli,BANGALORE RURAL,Karnataka,13.136686,77.413673,locality_curated
Telagarahalli,BANGALORE RURAL,Karnataka,13.156059,77.375045,locality_curated
Kodihalli,BANGALORE RURAL,Karnataka,13.12563,77.39737,locality_curated
Byragi,BANGALORE RURAL,Karnataka,13.137127,77.392367,locality_curated
Konnathady,IDUKKI,Kerala,9.860228,77.114938,locality_curated
RADHANAGAR GRAM,SREERAMPUR,West Bengal,22.708106,88.801666,locality_curated
KHURIGACHI IN DILAKASH,SREERAMPUR,West Bengal,22.708082,88.796027,locality_curated
MUNDALIKA GRAM,SREERAMPUR,West Bengal,22.713547,88.805953,locality_curated
RADISHIPUR  GRAM,SREERAMPUR,West Bengal,22.703736,88.848071,locality_curated
Kharsanki,ALWAR,Rajasthan,27.562693,76.656882,locality_curated
Government,RANCHI,Jharkhand,23.347385,85.284142,locality_curated
Doranda Bazaar,RANCHI,Jharkhand,23.327143,85.317062,locality_curated
Umariya,BETUL(ST),Madhya Pradesh,21.904306,77.871815,locality_curated
Kondharkhapa,BETUL(ST),Madhya Pradesh,21.895102,77.884905,locality_curated
bundala,BETUL(ST),Madhya Pradesh,21.924221,77.909508,locality_curated
Jamuljhiri,BETUL(ST),Madhya Pradesh,21.905988,77.877864,locality_curated
Rajegaon,BETUL(ST),Madhya Pradesh,21.890045,77.903133,locality_curated
Badora,BETUL(ST),Madhya Pradesh,21.897614,77.924793,locality_curated
Redva,BETUL(ST),Madhya Pradesh,21.910862,77.877914,locality_curated
devgaon,BETUL(ST),Madhya Pradesh,21.894203,77.874031,locality_curated
Tirmahu,BETUL(ST),Madhya Pradesh,21.886203,77.899125,locality_curated
Tarodabujurga,BETUL(ST),Madhya Pradesh,21.888869,77.923505,locality_curated
Dhabla  me,BETUL(ST),Madhya Pradesh,21.931239,77.907325,locality_curated
Eklahara,BETUL(ST),Madhya Pradesh,21.913566,77.916307,locality_curated
Ashta,BETUL(ST),Madhya Pradesh,21.886107,77.903709,locality_curated
Sirdi,BETUL(ST),Madhya Pradesh,21.926941,77.909596,locality_curated
Chakora,BETUL(ST),Madhya Pradesh,21.918777,77.911352,locality_curated
parsodi,BETUL(ST),Madhya Pradesh,21.918635,77.89913,locality_curated
Devgaon,BETUL(ST),Madhya Pradesh,21.883516,77.883723,locality_curated
pachdhar,BETUL(ST),Madhya Pradesh,21.88995,77.931175,locality_curated
Etava,BETUL(ST),Madhya Pradesh,21.886052,77.879858,locality_curated
Majri,BETUL(ST),Madhya Pradesh,21.913797,77.928943,locality_curated
Gadra,BETUL(ST),Madhya Pradesh,21.929596,77.890956,locality_curated
ANTARGART TULSHIA,KISHANGANJ,Bihar,26.124007,87.928029,locality_curated
ANTARGART PATHARGHATTI,KISHANGANJ,Bihar,26.095041,87.970578,locality_curated
JHANGIRPUR PADAMPUR,KISHANGANJ,Bihar,26.09525,87.955928,locality_curated
ANTARGART DAHIBHAT,KISHANGANJ,Bihar,26.094959,87.973185,locality_curated
ANTARGART MAJGAMA,KISHANGANJ,Bihar,26.109744,87.956997,locality_curated
ANTARGART BEGANA,KISHANGANJ,Bihar,26.108176,87.924404,locality_curated
ANTARGART CHIHANIA,KISHANGANJ,Bihar,26.111839,87.942793,locality_curated
ANTARGART HAWAKOL,KISHANGANJ,Bihar,26.105444,87.909458,locality_curated
DAK POKHAR,KISHANGANJ,Bihar,26.076648,87.95051,locality_curated
ANTARGART BAIGNA,KISHANGANJ,Bihar,26.065824,87.939413,locality_curated
Karajgao,BETUL(ST),Madhya Pradesh,21.911229,77.889268,locality_curated
Moharkheda,BETUL(ST),Madhya Pradesh,21.921071,77.92046,locality_curated
Gaula,BETUL(ST),Madhya Pradesh,21.920838,77.909284,locality_curated
gaula,BETUL(ST),Madhya Pradesh,21.922425,77.909975,locality_curated
Nimanwada,BETUL(ST),Madhya Pradesh,21.926777,77.910456,locality_curated
Pouni,BETUL(ST),Madhya Pradesh,21.896629,77.882519,locality_curated
Datora,BETUL(ST),Madhya Pradesh,21.888614,77.897626,locality_curated
Chindkheda,BETUL(ST),Madhya Pradesh,21.921266,77.883268,locality_curated
Khatedakala,BETUL(ST),Madhya Pradesh,21.9048,77.917545,locality_curated
jam,BETUL(ST),Madhya Pradesh,21.902822,77.882021,locality_curated
ANTARGART CHANDWAR,KISHANGANJ,Bihar,26.124191,87.944412,locality_curated
ANTARGART MOHAMMADNAGAR,KISHANGANJ,Bihar,26.080658,87.947251,locality_curated
ANTARGART PALASMANI,KISHANGANJ,Bihar,26.113205,87.935577,locality_curated
ANTARGART DAULA,KISHANGANJ,Bihar,26.06712,87.947424,locality_curated
ANTARGART GACHHPARA,KISHANGANJ,Bihar,26.120933,87.930979,locality_curated
ANTARGART TEOSA,KISHANGANJ,Bihar,26.084207,87.956216,locality_curated
ANTARGART CHAKLA,KISHANGANJ,Bihar,26.084363,87.920789,locality_curated
ANTARGART PATESARI,KISHANGANJ,Bihar,26.080226,87.924731,locality_curated
ANTARGART DALLEGAON,KISHANGANJ,Bihar,26.10275,87.958602,locality_curated
Kali,RANCHI,Jharkhand,23.343223,85.291374,locality_curated
kali,RANCHI,Jharkhand,23.361808,85.301807,locality_curated
RAjupalem,KADAPA,Andhra Pradesh,14.47225,78.852504,locality_curated
Machanuru,KADAPA,Andhra Pradesh,14.436524,78.82915,locality_curated
Gopulapuram,KADAPA,Andhra Pradesh,14.451292,78.81933,locality_curated
Yeturu,KADAPA,Andhra Pradesh,14.462942,78.810728,locality_curated
Vesala Indira,KANNUR,Kerala,11.900968,75.367079,locality_curated
ANTARGART KOHILA,KISHANGANJ,Bihar,26.103607,87.927442,locality_curated
ANTARGART DAGAURWA,KISHANGANJ,Bihar,26.111484,87.923922,locality_curated
ANTARGART HARKHELI,KISHANGANJ,Bihar,26.112367,87.945226,locality_curated
ANTARGART GEANDOBH,KISHANGANJ,Bihar,26.075829,87.92755,locality_curated
ANTARGART HAPHANIAN,KISHANGANJ,Bihar,26.100114,87.959842,locality_curated
BHERUJI,UDAIPUR(ST),Rajasthan,24.579387,73.743607,locality_curated
ANTARGART TIARPARA,KISHANGANJ,Bihar,26.080436,87.940908,locality_curated
ANTARGART AADHANG,KISHANGANJ,Bihar,26.121687,87.924145,locality_curated
SHADIPUR BHUTAH,KISHANGANJ,Bihar,26.114269,87.912001,locality_curated
ANTARGART GANGHAR,KISHANGANJ,Bihar,26.067459,87.93889,locality_curated
ANTARGART CHOPRA,KISHANGANJ,Bihar,26.087537,87.953972,locality_curated
ANTARGART KARIA,KISHANGANJ,Bihar,26.066992,87.934884,locality_curated
ANTARGART BANGAON,KISHANGANJ,Bihar,26.093943,87.913817,locality_curated
ANTARGART KHAPRA,KISHANGANJ,Bihar,26.086561,87.927474,locality_curated
ANTARGART MALHARIA,KISHANGANJ,Bihar,26.123212,87.946996,locality_curated
ANTARGART MINAPUR,KISHANGANJ,Bihar,26.068352,87.927561,locality_curated
ANTARGART RAIBER,KISHANGANJ,Bihar,26.097413,87.922012,locality_curated
ANTARGART ASIANI,KISHANGANJ,Bihar,26.069353,87.943643,locality_curated
ANTARGART RAUTA,KISHANGANJ,Bihar,26.090551,87.971216,locality_curated
Utrana,KOTA,Rajasthan,25.200735,75.873823,locality_curated
Bichuaa,BETUL(ST),Madhya Pradesh,21.892729,77.91043,locality_curated
shahapur,BETUL(ST),Madhya Pradesh,21.919163,77.911974,locality_curated
Juwadi,BETUL(ST),Madhya Pradesh,21.894903,77.922362,locality_curated
Ambada,BETUL(ST),Madhya Pradesh,21.892478,77.875071,locality_curated
Khedisawaligarh,BETUL(ST),Madhya Pradesh,21.893581,77.882949,locality_curated
Kumhali,BETUL(ST),Madhya Pradesh,21.916256,77.912661,locality_curated
Dahargaon,BETUL(ST),Madhya Pradesh,21.898758,77.883387,locality_curated
Mahadgaon,BETUL(ST),Madhya Pradesh,21.919834,77.910916,locality_curated
Mandaibujurga,BETUL(ST),Madhya Pradesh,21.898564,77.881614,locality_curated
Mandaikhurda,BETUL(ST),Madhya Pradesh,21.927907,77.913913,locality_curated
Bodijunawani,BETUL(ST),Madhya Pradesh,21.885135,77.918859,locality_curated
Kodaroti,BETUL(ST),Madhya Pradesh,21.915791,77.884059,locality_curated
Hiwarkhedi,BETUL(ST),Madhya Pradesh,21.929363,77.922984,locality_curated
Ratamati,BETUL(ST),Madhya Pradesh,21.916512,77.924164,locality_curated
Mathani,BETUL(ST),Madhya Pradesh,21.890785,77.917405,locality_curated
Bagholibujurga,BETUL(ST),Madhya Pradesh,21.914993,77.916879,locality_curated
Deogaon,BETUL(ST),Madhya Pradesh,21.922573,77.922137,locality_curated
Vijaygram,BETUL(ST),Madhya Pradesh,21.891599,77.884089,locality_curated
Chiwal,BETUL(ST),Madhya Pradesh,21.903206,77.921936,locality_curated
Kekadiyakala,BETUL(ST),Madhya Pradesh,21.925605,77.896709,locality_curated
Bainsdehi,BETUL(ST),Madhya Pradesh,21.928057,77.881266,locality_curated
Bhivkund,BETUL(ST),Madhya Pradesh,21.9228,77.915386,locality_curated
Koudike,BETUL(ST),Madhya Pradesh,21.926693,77.892284,locality_curated
Kordi,BETUL(ST),Madhya Pradesh,21.885631,77.88729,locality_curated
Dedpani,BETUL(ST),Madhya Pradesh,21.889999,77.923471,locality_curated
Batlakala,BETUL(ST),Madhya Pradesh,21.924538,77.920151,locality_curated
Pandhra,BETUL(ST),Madhya Pradesh,21.885689,77.922898,locality_curated
Valvi,BETUL(ST),Madhya Pradesh,21.927112,77.90104,locality_curated
Badalpur,BETUL(ST),Madhya Pradesh,21.920776,77.898325,locality_curated
Gehubarsa,BETUL(ST),Madhya Pradesh,21.934345,77.902856,locality_curated
Khapa,BETUL(ST),Madhya Pradesh,21.913387,77.888049,locality_curated
Awariya,BETUL(ST),Madhya Pradesh,21.893,77.87838,locality_curated
Rampurmal,BETUL(ST),Madhya Pradesh,21.926878,77.904382,locality_curated
Ragadgaon,BETUL(ST),Madhya Pradesh,21.91644,77.917251,locality_curated
Jamthi,BETUL(ST),Madhya Pradesh,21.91495,77.924729,locality_curated
Morand,BETUL(ST),Madhya Pradesh,21.909558,77.926425,locality_curated
Chikhlimal,BETUL(ST),Madhya Pradesh,21.895418,77.871179,locality_curated
Hiwarkhed,BETUL(ST),Madhya Pradesh,21.907834,77.886914,locality_curated
Sendurjana,BETUL(ST),Madhya Pradesh,21.913423,77.875308,locality_curated
Bisnoor,BETUL(ST),Madhya Pradesh,21.918685,77.897147,locality_curated
MAHALAKSHMI,KHANDWA,Madhya Pradesh,21.804459,76.343708,locality_curated
Sattakkapally,NIZAMABAD,Telangana,18.648936,78.096614,locality_curated
Hotwasi,RANCHI,Jharkhand,23.3272,85.31186,locality_curated
Neuri,RANCHI,Jharkhand,23.340614,85.326044,locality_curated
dattatray,KHANDWA,Madhya Pradesh,21.80246,76.344997,locality_curated
Nadukuppam,VILUPPURAM(SC),Tamil Nadu,11.943335,79.468774,locality_curated
Annaitherasa,Puducherry,Puducherry,11.921807,79.851482,locality_curated
Dev,RANCHI,Jharkhand,23.340596,85.331245,locality_curated
Roshni,BETUL(ST),Madhya Pradesh,21.906087,77.928772,locality_curated
Mohalkhari,BETUL(ST),Madhya Pradesh,21.893062,77.883544,locality_curated
Goulkheda,BETUL(ST),Madhya Pradesh,21.888233,77.906095,locality_curated
Dhawadi,BETUL(ST),Madhya Pradesh,21.921082,77.883481,locality_curated
Semlya,BETUL(ST),Madhya Pradesh,21.897467,77.880584,locality_curated
Patalda,BETUL(ST),Madhya Pradesh,21.913314,77.918193,locality_curated
Mahelu,BETUL(ST),Madhya Pradesh,21.905881,77.885639,locality_curated
Dhakochi,BETUL(ST),Madhya Pradesh,21.901812,77.884036,locality_curated
Sawali,BETUL(ST),Madhya Pradesh,21.885535,77.91288,locality_curated
Awaliya,BETUL(ST),Madhya Pradesh,21.91461,77.891726,locality_curated
Masangaon,BETUL(ST),Madhya Pradesh,21.87819,77.899286,locality_curated
Sonkhedi,BETUL(ST),Madhya Pradesh,21.928182,77.892626,locality_curated
Kakariya,BETUL(ST),Madhya Pradesh,21.916788,77.920753,locality_curated
Railwa,BETUL(ST),Madhya Pradesh,21.892357,77.889349,locality_curated
Pokharni,BETUL(ST),Madhya Pradesh,21.921745,77.927438,locality_curated
Nousar,BETUL(ST),Madhya Pradesh,21.921183,77.888001,locality_curated
Sanyasa,BETUL(ST),Madhya Pradesh,21.908822,77.879996,locality_curated
Godagaon,BETUL(ST),Madhya Pradesh,21.885669,77.905566,locality_curated
Chipaner,BETUL(ST),Madhya Pradesh,21.910138,77.919009,locality_curated
Khidkai,BETUL(ST),Madhya Pradesh,21.891938,77.907074,locality_curated
Badnagar,BETUL(ST),Madhya Pradesh,21.886277,77.888321,locality_curated
Neemkheda,BETUL(ST),Madhya Pradesh,21.916792,77.914352,locality_curated
Khamlai,BETUL(ST),Madhya Pradesh,21.883071,77.884652,locality_curated
Kaliya,BETUL(ST),Madhya Pradesh,21.881,77.913189,locality_curated
Padwa,BETUL(ST),Madhya Pradesh,21.923931,77.905566,locality_curated
Sarsood,BETUL(ST),Madhya Pradesh,21.900056,77.875993,locality_curated
Mandla,BETUL(ST),Madhya Pradesh,21.884755,77.890812,locality_curated
Saktapur,BETUL(ST),Madhya Pradesh,21.929031,77.901844,locality_curated
Mohal,BETUL(ST),Madhya Pradesh,21.912262,77.885051,locality_curated
Neemsarai,BETUL(ST),Madhya Pradesh,21.910611,77.880459,locality_curated
Charkheda,BETUL(ST),Madhya Pradesh,21.921915,77.902622,locality_curated
Khedinema,BETUL(ST),Madhya Pradesh,21.90629,77.932942,locality_curated
Pidgaon,BETUL(ST),Madhya Pradesh,21.874895,77.902863,locality_curated
Kamtada,BETUL(ST),Madhya Pradesh,21.883868,77.924087,locality_curated
Rolgaon,BETUL(ST),Madhya Pradesh,21.9036,77.883799,locality_curated
Bhatparetiya,BETUL(ST),Madhya Pradesh,21.913163,77.888937,locality_curated
Mediyakhedi,BETUL(ST),Madhya Pradesh,21.908976,77.916152,locality_curated
Hawan Kund,RANCHI,Jharkhand,23.326448,85.318977,locality_curated
Onte Hanuman,NIZAMABAD,Telangana,18.671114,78.06608,locality_curated
Kolathupalayam Town,ERODE,Tamil Nadu,11.34634,77.695357,locality_curated
Yousuf,NIZAMABAD,Telangana,18.687913,78.083434,locality_curated
Majaswadi Sarvoday,MUMBAI NORTH WEST,Maharashtra,19.161063,72.860349,locality_curated
Bundelipara of Gram,KORBA,Chhattisgarh,22.332617,82.755225,locality_curated
Lalghat in Gram,KORBA,Chhattisgarh,22.355163,82.732598,locality_curated
Nadiya,BANSWARA(ST),Rajasthan,23.524731,74.448927,locality_curated
kateela,MORENA,Madhya Pradesh,26.485754,77.981995,locality_curated
khirkhiri,MORENA,Madhya Pradesh,26.497888,78.003742,locality_curated
lahroney,MORENA,Madhya Pradesh,26.501608,78.00428,locality_curated
HADBADO,SIDHI,Madhya Pradesh,24.437198,81.896474,locality_curated
simrai,MORENA,Madhya Pradesh,26.483524,77.983873,locality_curated
Bakaitary Anchalik Shiv,GUWAHATI,Assam,26.129521,91.743629,locality_curated
Charantola kali,GUWAHATI,Assam,26.172316,91.723681,locality_curated
Lakhi,GUWAHATI,Assam,26.117534,91.752172,locality_curated
Kubereswar,GUWAHATI,Assam,26.141216,91.759296,locality_curated
temple Naharsingh,NAGAUR,Rajasthan,27.18517,73.732107,locality_curated
Saket,RANCHI,Jharkhand,23.367576,85.324963,locality_curated
Durani,NOWGONG,Assam,26.362112,92.683751,locality_curated
shyampur,MORENA,Madhya Pradesh,26.495838,77.95479,locality_curated
paratwada,MORENA,Madhya Pradesh,26.510025,77.954003,locality_curated
Peddamma Thalli,NIZAMABAD,Telangana,18.678609,78.116487,locality_curated
sukhwas,MORENA,Madhya Pradesh,26.488572,77.956306,locality_curated
dhoriwabdi,MORENA,Madhya Pradesh,26.513927,77.948581,locality_curated
Mannasamudram,TIRUPATI(SC),Andhra Pradesh,13.634799,79.392464,locality_curated
Vakrantamba,BARDOLI(ST),Gujarat,21.121368,73.135896,locality_curated
Sathava,BARDOLI(ST),Gujarat,21.109468,73.138647,locality_curated
Devgadh,BARDOLI(ST),Gujarat,21.094131,73.129266,locality_curated
Rosheshwar,KHARGONE(ST),Madhya Pradesh,21.840582,75.603459,locality_curated
Hanuman,KHARGONE(ST),Madhya Pradesh,21.809732,75.603369,locality_curated
Kasal,BARDOLI(ST),Gujarat,21.099875,73.105502,locality_curated
kaleri dhani,JHUNJHUNU,Rajasthan,28.15076,75.386061,locality_curated
Kaka Bhairav,KHARGONE(ST),Madhya Pradesh,21.816859,75.592838,locality_curated
Wadhawa,BARDOLI(ST),Gujarat,21.112234,73.099368,locality_curated
Mangrolia,BARDOLI(ST),Gujarat,21.102369,73.109778,locality_curated
Tanki,BARDOLI(ST),Gujarat,21.129268,73.100642,locality_curated
Haldhru,BARDOLI(ST),Gujarat,21.134885,73.118425,locality_curated
Mahadev,KHARGONE(ST),Madhya Pradesh,21.837373,75.610374,locality_curated
Kalika Devi,KHARGONE(ST),Madhya Pradesh,21.850246,75.621592,locality_curated
Koundampalayam,NAMAKKAL,Tamil Nadu,11.209093,78.18448,locality_curated
Animor,NAMAKKAL,Tamil Nadu,11.238179,78.184646,locality_curated
Elachipalayam,NAMAKKAL,Tamil Nadu,11.226649,78.187523,locality_curated
Kushwaha,KHARGONE(ST),Madhya Pradesh,21.838511,75.623871,locality_curated
Gurjar,KHARGONE(ST),Madhya Pradesh,21.806006,75.630773,locality_curated
Patidar,KHARGONE(ST),Madhya Pradesh,21.844784,75.603993,locality_curated
Yadav,KHARGONE(ST),Madhya Pradesh,21.794582,75.600758,locality_curated
kevdiya,BANSWARA(ST),Rajasthan,23.535425,74.4539,locality_curated
Khairenagar,SHIRUR,Maharashtra,18.814041,74.358305,locality_curated
Muthusamypuram,VIRUDHUNAGAR,Tamil Nadu,9.567225,77.948634,locality_curated
Kattalampatti,VIRUDHUNAGAR,Tamil Nadu,9.594919,77.978498,locality_curated
KHADDA ME,KUSHI NAGAR,Uttar Pradesh,,,locality_curated
Thanda,KADAPA,Andhra Pradesh,14.463186,78.809864,locality_curated
Katlagantavaripalli,KADAPA,Andhra Pradesh,14.448712,78.835696,locality_curated
Working Agency,BIKANER(SC),Rajasthan,28.03283,73.286634,locality_curated
AMERI,RAIPUR,Chhattisgarh,21.238144,81.647805,locality_curated
CHANDI,RAIPUR,Chhattisgarh,21.269427,81.607349,locality_curated
DEORI,RAIPUR,Chhattisgarh,21.272537,81.644897,locality_curated
SANKARI,RAIPUR,Chhattisgarh,21.23942,81.613147,locality_curated
PURANE,RAIPUR,Chhattisgarh,21.228647,81.617693,locality_curated
KANDUL,RAIPUR,Chhattisgarh,21.254458,81.650318,locality_curated
Rojha,BIKANER(SC),Rajasthan,28.01479,73.292199,locality_curated
Barat,BIKANER(SC),Rajasthan,28.01949,73.33381,locality_curated
Kanjikkuzhy,IDUKKI,Kerala,9.847001,77.119869,locality_curated
Ramkulleshwar,KHARGONE(ST),Madhya Pradesh,21.829073,75.644736,locality_curated
chausath jagni mata,KHARGONE(ST),Madhya Pradesh,21.800865,75.60902,locality_curated
Bhilala,KHARGONE(ST),Madhya Pradesh,21.853121,75.605318,locality_curated
shiv,KHARGONE(ST),Madhya Pradesh,21.812578,75.602042,locality_curated
Kilseesamangalam,ARANI,Tamil Nadu,12.649165,79.264857,locality_curated
Vazhur,ARANI,Tamil Nadu,12.683529,79.284123,locality_curated
Melmattai Vinnamangalam,ARANI,Tamil Nadu,12.656302,79.274535,locality_curated
Draupadi Amman,ARANI,Tamil Nadu,12.669791,79.26292,locality_curated
Randam,ARANI,Tamil Nadu,12.65084,79.276282,locality_curated
turenar,BASTAR(ST),Chhattisgarh,19.285006,81.694838,locality_curated
sidmud,BASTAR(ST),Chhattisgarh,19.329809,81.705002,locality_curated
Shiv,UDHAMPUR,Jammu And Kashmir,32.903793,75.116613,locality_curated
potiawand,BASTAR(ST),Chhattisgarh,19.303107,81.726812,locality_curated
badhiamunda,KALAHANDI,Odisha,19.880267,83.156142,locality_curated
Paramathi Town,NAMAKKAL,Tamil Nadu,11.203894,78.150438,locality_curated
tanker,KHARGONE(ST),Madhya Pradesh,21.838586,75.609523,locality_curated
Bilagumba,BANGALORE RURAL,Karnataka,13.167134,77.415295,locality_curated
Aladamaradadoddi,BANGALORE RURAL,Karnataka,13.134026,77.379004,locality_curated
Sabbakere,BANGALORE RURAL,Karnataka,13.144232,77.380624,locality_curated
Krishnapura,BANGALORE RURAL,Karnataka,13.143067,77.419561,locality_curated
Achalu,BANGALORE RURAL,Karnataka,13.156542,77.379323,locality_curated
Hmun,MIZORAM (ST),Mizoram,23.157809,92.966789,locality_curated
bichel,KALAHANDI,Odisha,19.913391,83.133757,locality_curated
pilikia,KALAHANDI,Odisha,19.89542,83.169004,locality_curated
Hanuman,UDHAMPUR,Jammu And Kashmir,32.899246,75.121842,locality_curated
Gohar Baasa Gram,MANDI,Himachal Pradesh,31.711009,76.908109,locality_curated
onwards,UDHAMPUR,Jammu And Kashmir,32.913442,75.12012,locality_curated
Venkateshwara,NIZAMABAD,Telangana,18.695203,78.108399,locality_curated
School,MANDI,Himachal Pradesh,31.717836,76.964029,locality_curated
Ghat,MANDI,Himachal Pradesh,31.715999,76.945588,locality_curated
Chilla,UDHAMPUR,Jammu And Kashmir,32.932195,75.119608,locality_curated
Ramireddypalli,KADAPA,Andhra Pradesh,14.488866,78.801144,locality_curated
Hari,JORHAT,Assam,26.724066,94.220191,locality_curated
Sagarpali,BALLIA,Uttar Pradesh,25.73911,84.125251,locality_curated
Sarya,BALLIA,Uttar Pradesh,25.739412,84.172354,locality_curated
Karnai,BALLIA,Uttar Pradesh,25.733114,84.13572,locality_curated
Vishunpura,BALLIA,Uttar Pradesh,25.775442,84.163198,locality_curated
Parmandapur,BALLIA,Uttar Pradesh,25.773388,84.126119,locality_curated
Sitakund,BALLIA,Uttar Pradesh,25.741474,84.131409,locality_curated
Mudadeeh,BALLIA,Uttar Pradesh,25.77412,84.154527,locality_curated
Shivpur,BALLIA,Uttar Pradesh,25.729244,84.144979,locality_curated
Daya,BALLIA,Uttar Pradesh,25.759782,84.129938,locality_curated
Singaram,BHONGIR,Telangana,17.497529,78.902046,locality_curated
Kothularam,BHONGIR,Telangana,17.535586,78.89829,locality_curated
munugode,BHONGIR,Telangana,17.494859,78.885859,locality_curated
chandur,BHONGIR,Telangana,17.49977,78.868881,locality_curated
Kondapur,BHONGIR,Telangana,17.522656,78.90074,locality_curated
Sherdepally,BHONGIR,Telangana,17.522107,78.909741,locality_curated
Theratpally,BHONGIR,Telangana,17.521701,78.890857,locality_curated
Gundrepally,BHONGIR,Telangana,17.509766,78.851295,locality_curated
Udtalapally,BHONGIR,Telangana,17.51727,78.864875,locality_curated
Kastala,BHONGIR,Telangana,17.521981,78.888927,locality_curated
Thaskanigudem,BHONGIR,Telangana,17.524104,78.864051,locality_curated
Gattuppal,BHONGIR,Telangana,17.503011,78.905564,locality_curated
Marriguda,BHONGIR,Telangana,17.511695,78.913176,locality_curated
Kondur,BHONGIR,Telangana,17.484813,78.871084,locality_curated
Namapur,BHONGIR,Telangana,17.51083,78.90149,locality_curated
Ramreddypally,BHONGIR,Telangana,17.525505,78.871414,locality_curated
Palle,BHONGIR,Telangana,17.496526,78.87469,locality_curated
Yeragandlapalle,BHONGIR,Telangana,17.515012,78.91444,locality_curated
Nampalle,BHONGIR,Telangana,17.493053,78.879209,locality_curated
Peddapur,BHONGIR,Telangana,17.527724,78.873998,locality_curated
Tirumalagiri,BHONGIR,Telangana,17.497051,78.894299,locality_curated
Pasnoor,BHONGIR,Telangana,17.518555,78.902734,locality_curated
Ghatlamallapalle,BHONGIR,Telangana,17.500252,78.86243,locality_curated
Mallaparajpalle,BHONGIR,Telangana,17.496098,78.911639,locality_curated
Thungapadu,BHONGIR,Telangana,17.487556,78.8961,locality_curated
Mohamadapur,BHONGIR,Telangana,17.527847,78.872171,locality_curated
Narayanapur,BHONGIR,Telangana,17.504303,78.912411,locality_curated
Puttapaka,BHONGIR,Telangana,17.488607,78.896466,locality_curated
Sant Goroba,SATARA,Maharashtra,17.674527,73.967869,locality_curated
Musallahpur,BALLIA,Uttar Pradesh,25.735829,84.129934,locality_curated
Muhammadpur,BALLIA,Uttar Pradesh,25.736036,84.146477,locality_curated
Sonari,BALLIA,Uttar Pradesh,25.736295,84.127268,locality_curated
Bahadur,BALLIA,Uttar Pradesh,25.735052,84.16709,locality_curated
Panditpura,BALLIA,Uttar Pradesh,25.776979,84.139577,locality_curated
Dehma,BALLIA,Uttar Pradesh,25.736017,84.118278,locality_curated
Sherpur,BALLIA,Uttar Pradesh,25.767013,84.167889,locality_curated
Sarvel,BHONGIR,Telangana,17.528126,78.89865,locality_curated
Malkapur,BHONGIR,Telangana,17.481999,78.877349,locality_curated
Dandumailaram,BHONGIR,Telangana,17.525146,78.884506,locality_curated
Raipole,BHONGIR,Telangana,17.525226,78.872888,locality_curated
Polkampalle,BHONGIR,Telangana,17.499834,78.872606,locality_curated
Narrepalle,BHONGIR,Telangana,17.522629,78.880725,locality_curated
Kshetr,GHAZIPUR,Uttar Pradesh,25.58932,83.582293,locality_curated
Saidpur,GHAZIPUR,Uttar Pradesh,25.570834,83.545998,locality_curated
Devkali,GHAZIPUR,Uttar Pradesh,25.551248,83.574497,locality_curated
Alipur,GHAZIPUR,Uttar Pradesh,25.572887,83.564536,locality_curated
Manpur,GHAZIPUR,Uttar Pradesh,25.593905,83.568137,locality_curated
Bidiapara,GHAZIPUR,Uttar Pradesh,25.551812,83.599738,locality_curated
Sokhani,GHAZIPUR,Uttar Pradesh,25.578468,83.557941,locality_curated
Atrauli,GHAZIPUR,Uttar Pradesh,25.591222,83.585987,locality_curated
Khuthan,GHAZIPUR,Uttar Pradesh,25.555834,83.605692,locality_curated
Sulemapur,GHAZIPUR,Uttar Pradesh,25.596996,83.592651,locality_curated
Manjharia,GHAZIPUR,Uttar Pradesh,25.59784,83.560586,locality_curated
Badahra,GHAZIPUR,Uttar Pradesh,25.556314,83.572622,locality_curated
Mahmoodpur,GHAZIPUR,Uttar Pradesh,25.568078,83.596241,locality_curated
Devaitha,GHAZIPUR,Uttar Pradesh,25.571739,83.600025,locality_curated
Mircha,GHAZIPUR,Uttar Pradesh,25.57766,83.565305,locality_curated
Jalalabad,GHAZIPUR,Uttar Pradesh,25.564702,83.601536,locality_curated
Lahurapur,GHAZIPUR,Uttar Pradesh,25.559799,83.601776,locality_curated
Asaichandpur,GHAZIPUR,Uttar Pradesh,25.588996,83.57804,locality_curated
Nayakdih,GHAZIPUR,Uttar Pradesh,25.586802,83.597315,locality_curated
Sikanderpur,GHAZIPUR,Uttar Pradesh,25.559334,83.608166,locality_curated
Sahabuddinpur,GHAZIPUR,Uttar Pradesh,25.586112,83.588937,locality_curated
Padumpur,GHAZIPUR,Uttar Pradesh,25.578683,83.554329,locality_curated
Gayeghaat,GHAZIPUR,Uttar Pradesh,25.558075,83.597692,locality_curated
damdiyawan me,LALGANJ (SC),Uttar Pradesh,25.871678,82.56215,locality_curated
khada,LALGANJ (SC),Uttar Pradesh,25.892247,82.556729,locality_curated
SRINIKETAN,BOLPUR(SC),West Bengal,23.657469,87.681288,locality_curated
BOLPUR SRINIKETAN,BOLPUR(SC),West Bengal,23.685108,87.698285,locality_curated
BOLPUR,BOLPUR(SC),West Bengal,23.662543,87.722366,locality_curated
ketaki durga,AURANGABAD_BR,Bihar,24.777105,84.373291,locality_curated
BAKUL,BOLPUR(SC),West Bengal,23.663634,87.689499,locality_curated
SOJNA,DAMOH,Madhya Pradesh,23.821351,79.415078,locality_curated
bharthoa,AURANGABAD_BR,Bihar,24.757955,84.404648,locality_curated
South Ilayathankudi,SIVAGANGA,Tamil Nadu,9.85312,78.469076,locality_curated
Singampunari Town,SIVAGANGA,Tamil Nadu,9.824293,78.476283,locality_curated
SURAJPURA,DAMOH,Madhya Pradesh,23.810889,79.435444,locality_curated
Bakshipanch,SABARKANTHA,Gujarat,23.582878,73.023074,locality_curated
Bhutawad,SABARKANTHA,Gujarat,23.61144,72.990593,locality_curated
GRAM,JANJGIR CHAMPA(SC),Chhattisgarh,22.031992,82.546605,locality_curated
BARBHATHA,JANJGIR CHAMPA(SC),Chhattisgarh,22.007869,82.552326,locality_curated
BHATMAHOOL,JANJGIR CHAMPA(SC),Chhattisgarh,22.001413,82.588486,locality_curated
BODSARA,JANJGIR CHAMPA(SC),Chhattisgarh,22.043561,82.557578,locality_curated
Sekkandahalli,DHARAMAPURI,Tamil Nadu,,,locality_curated
Kadathur Town,DHARAMAPURI,Tamil Nadu,,,locality_curated
Khedapati Hanuman,KHARGONE(ST),Madhya Pradesh,21.809385,75.628397,locality_curated
Molasur,VILUPPURAM(SC),Tamil Nadu,11.915835,79.490566,locality_curated
Kottakuppam,VILUPPURAM(SC),Tamil Nadu,11.943679,79.462505,locality_curated
melpathi,VILUPPURAM(SC),Tamil Nadu,11.943299,79.471655,locality_curated
Gram,SHAHDOL (ST),Madhya Pradesh,23.31825,81.33211,locality_curated
Modakurichi Town,ERODE,Tamil Nadu,11.335885,77.699005,locality_curated
Kodumudi town,ERODE,Tamil Nadu,11.343778,77.740273,locality_curated
Veterinary,ERODE,Tamil Nadu,11.344548,77.69145,locality_curated
kotapalli,BASTAR(ST),Chhattisgarh,19.319081,81.718203,locality_curated
tarlaguda,BASTAR(ST),Chhattisgarh,19.287909,81.683,locality_curated
Pochamma,MALKAJGIRI,Telangana,17.456495,78.560389,locality_curated
SEALDANGA GRAM,SREERAMPUR,West Bengal,22.716186,88.789246,locality_curated
MAJU  GRAM,SREERAMPUR,West Bengal,22.71975,88.819098,locality_curated
II  GRAM,SREERAMPUR,West Bengal,22.725577,88.793671,locality_curated
I  GRAM,SREERAMPUR,West Bengal,22.701504,88.800974,locality_curated
II GRAM,SREERAMPUR,West Bengal,22.69059,88.811543,locality_curated
Hanuman ji,FARRUKHABAD,Uttar Pradesh,27.378523,79.550342,locality_curated
baradari SBS,ANANDPUR SAHIB,Punjab,31.242321,76.512623,locality_curated
Bandahalli panchyat Bandahalli,DHARAMAPURI,Tamil Nadu,,,locality_curated
RamDev ji,AJMER,Rajasthan,26.459166,74.666861,locality_curated
Kota,UDUPI CHIKMAGALUR,Karnataka,13.356674,75.104846,locality_curated
Awarse,UDUPI CHIKMAGALUR,Karnataka,13.316608,75.105354,locality_curated
Hangaluru,UDUPI CHIKMAGALUR,Karnataka,13.313249,75.107961,locality_curated
Molahalli,UDUPI CHIKMAGALUR,Karnataka,13.356729,75.09275,locality_curated
Kadur,UDUPI CHIKMAGALUR,Karnataka,13.3409,75.120195,locality_curated
Madamakki,UDUPI CHIKMAGALUR,Karnataka,13.338342,75.079988,locality_curated
Lahar Devi,JHANSI,Uttar Pradesh,25.450622,78.591917,locality_curated
Belve Gram,UDUPI CHIKMAGALUR,Karnataka,13.356945,75.113826,locality_curated
Kutyaru,UDUPI CHIKMAGALUR,Karnataka,13.322612,75.1014,locality_curated
Katageri,CHIKKODI,Karnataka,16.434098,74.567779,locality_curated
Pedamuttevi,MACHILIPATNAM,Andhra Pradesh,16.212539,81.132081,locality_curated
Kasar,KOTA,Rajasthan,25.188175,75.876823,locality_curated
Village Sasthavinallur,THOOTHUKKUDI,Tamil Nadu,8.742948,78.099689,locality_curated
Kodukkamparai,THOOTHUKKUDI,Tamil Nadu,8.737671,78.091349,locality_curated
Kilavipatti,THOOTHUKKUDI,Tamil Nadu,8.751983,78.058881,locality_curated
Gorinathpur,JOYNAGAR(SC),West Bengal,22.160923,88.422894,locality_curated
Ratna,JOYNAGAR(SC),West Bengal,22.172829,88.45012,locality_curated
Amchak,BARDOLI(ST),Gujarat,21.108565,73.135486,locality_curated
Ranakpore,BARDOLI(ST),Gujarat,21.119444,73.081473,locality_curated
Easwaran,Puducherry,Puducherry,11.909168,79.821386,locality_curated
Kolabandh,BARDHAMAN-DURGAPUR,West Bengal,23.548067,87.328241,locality_curated
sandalpur me,ETAWAH(SC),Uttar Pradesh,26.795834,79.027662,locality_curated
Khirvan,ETAWAH(SC),Uttar Pradesh,26.762353,79.035757,locality_curated
Kali,BARDHAMAN-DURGAPUR,West Bengal,23.586623,87.321147,locality_curated
Atradi,UDUPI CHIKMAGALUR,Karnataka,13.32726,75.116433,locality_curated
Veerampattinam,Puducherry,Puducherry,11.930233,79.858456,locality_curated
Dibiyapur Niyamatpur,ETAWAH(SC),Uttar Pradesh,26.772472,79.045668,locality_curated
Chantaru,UDUPI CHIKMAGALUR,Karnataka,13.309772,75.099723,locality_curated
Cherkadi,UDUPI CHIKMAGALUR,Karnataka,13.360393,75.081366,locality_curated
Bikadi,UDUPI CHIKMAGALUR,Karnataka,13.368489,75.092187,locality_curated
kenjur,UDUPI CHIKMAGALUR,Karnataka,13.325837,75.124351,locality_curated
kalthuru,UDUPI CHIKMAGALUR,Karnataka,13.336207,75.084579,locality_curated
Jinnaram,CHELVELLA,Telangana,,,locality_curated
Rompally,CHELVELLA,Telangana,,,locality_curated
Kondapur Kalan,CHELVELLA,Telangana,,,locality_curated
Dharur,CHELVELLA,Telangana,,,locality_curated
Antharam,CHELVELLA,Telangana,,,locality_curated
Siripuram,CHELVELLA,Telangana,,,locality_curated
Saudh Dakshini,KHAGARIA,Bihar,25.525345,86.466059,locality_curated
bala ji,BHIWANI MAHENDRAGARH,Haryana,28.364476,76.141328,locality_curated
Pommaiahpuram,THOOTHUKKUDI,Tamil Nadu,8.770056,78.069604,locality_curated
Sivagnanapuram,THOOTHUKKUDI,Tamil Nadu,8.750529,78.059181,locality_curated
Mettilpatti,THOOTHUKKUDI,Tamil Nadu,8.759958,78.059226,locality_curated
Kurkuba,BARDHAMAN-DURGAPUR,West Bengal,23.552632,87.32044,locality_curated
Adithanar,THOOTHUKKUDI,Tamil Nadu,8.743753,78.090023,locality_curated
Ramkrishna,BARDHAMAN-DURGAPUR,West Bengal,23.591486,87.326331,locality_curated
Hari,BARDHAMAN-DURGAPUR,West Bengal,23.592475,87.319756,locality_curated
Punnakayal,THOOTHUKKUDI,Tamil Nadu,8.740583,78.068303,locality_curated
Siktihwa,BASTI,Uttar Pradesh,26.783336,82.740453,locality_curated
kanthavara,UDUPI CHIKMAGALUR,Karnataka,13.363864,75.120512,locality_curated
nitte,UDUPI CHIKMAGALUR,Karnataka,13.351345,75.089888,locality_curated
BHATHA,SIDHI,Madhya Pradesh,24.432865,81.884254,locality_curated
KURRWAH,SIDHI,Madhya Pradesh,24.395837,81.877045,locality_curated
KUSHIYARI,SIDHI,Madhya Pradesh,24.413647,81.849913,locality_curated
BELAHA,SIDHI,Madhya Pradesh,24.427785,81.89684,locality_curated
JARAUDHI,SIDHI,Madhya Pradesh,24.42125,81.911523,locality_curated
CHITARWAI,SIDHI,Madhya Pradesh,24.39092,81.874345,locality_curated
BIHARA,SIDHI,Madhya Pradesh,24.392904,81.890518,locality_curated
GAJANI,SIDHI,Madhya Pradesh,24.418301,81.903291,locality_curated
Marwatia,BASTI,Uttar Pradesh,26.830869,82.724493,locality_curated
Kohrayan,BASTI,Uttar Pradesh,26.79819,82.743731,locality_curated
WITHIN,SREERAMPUR,West Bengal,22.717669,88.790941,locality_curated
Hayathnagar,MALKAJGIRI,Telangana,17.439669,78.551184,locality_curated
Thallapalli,KADAPA,Andhra Pradesh,14.471738,78.855979,locality_curated
Mylavarm,KADAPA,Andhra Pradesh,14.457756,78.851465,locality_curated
Gadpahra,SAGAR,Madhya Pradesh,23.834485,78.756722,locality_curated
Narayanpur,SAGAR,Madhya Pradesh,23.863211,78.741077,locality_curated
Jasraj,SAGAR,Madhya Pradesh,23.841685,78.722964,locality_curated
Kherai,SAGAR,Madhya Pradesh,23.856182,78.735803,locality_curated
Ishurwara,SAGAR,Madhya Pradesh,23.814746,78.727705,locality_curated
Muhli,SAGAR,Madhya Pradesh,23.862235,78.74278,locality_curated
Hathua Nagar,GOPALGANJ (SC),Bihar,26.466859,84.415467,locality_curated
Kateya Nagar,GOPALGANJ (SC),Bihar,26.500232,84.435287,locality_curated
Madhupur Jambur,JUNAGADH,Gujarat,21.50129,70.449719,locality_curated
Khirdhar,JUNAGADH,Gujarat,21.506957,70.48746,locality_curated
Dhawa,JUNAGADH,Gujarat,21.549706,70.454792,locality_curated
Masoori,BIKANER(SC),Rajasthan,28.033879,73.3374,locality_curated
Nallacheruvupalli,KADAPA,Andhra Pradesh,14.48111,78.831949,locality_curated
Uttaran Bhembay,BARDHAMAN-DURGAPUR,West Bengal,23.573546,87.351336,locality_curated
Kalyaneswar,HOWRAH,West Bengal,22.620538,88.256919,locality_curated
Ladar Durga,MADHUBANI,Bihar,26.367151,86.091009,locality_curated
girls,KHARGONE(ST),Madhya Pradesh,21.835577,75.598732,locality_curated
Panchamukhi Lingeshwara,NIZAMABAD,Telangana,18.682571,78.115795,locality_curated
Vijayanagar,AMRELI,Gujarat,21.589337,71.239002,locality_curated
Hadida,AMRELI,Gujarat,21.596066,71.244147,locality_curated
Dolati,AMRELI,Gujarat,21.608819,71.19285,locality_curated
Ghoba,AMRELI,Gujarat,21.62175,71.229387,locality_curated
Thordi,AMRELI,Gujarat,21.61904,71.200581,locality_curated
Bhuwa,AMRELI,Gujarat,21.601597,71.238824,locality_curated
Rabarika,AMRELI,Gujarat,21.599208,71.24532,locality_curated
Savar,AMRELI,Gujarat,21.606674,71.193918,locality_curated
Putalia,AMRELI,Gujarat,21.631603,71.232831,locality_curated
Loka,AMRELI,Gujarat,21.602139,71.199365,locality_curated
Antalya,AMRELI,Gujarat,21.596233,71.208727,locality_curated
Panchtalavada,AMRELI,Gujarat,21.619551,71.242005,locality_curated
Saldi,AMRELI,Gujarat,21.576651,71.237185,locality_curated
Bhenkavad,JAMNAGAR,Gujarat,22.484452,70.055076,locality_curated
Sajantimba,AMRELI,Gujarat,21.631003,71.212979,locality_curated
Khajuri,FARRUKHABAD,Uttar Pradesh,27.378828,79.555178,locality_curated
Chettikapalayam,POLLACHI,Tamil Nadu,10.685234,76.989207,locality_curated
Nallur,POLLACHI,Tamil Nadu,10.668198,76.993562,locality_curated
Solapalayam,POLLACHI,Tamil Nadu,10.656177,76.984764,locality_curated
Pariuli,FARRUKHABAD,Uttar Pradesh,27.421117,79.566555,locality_curated
village Gilunda,FARRUKHABAD,Uttar Pradesh,27.369805,79.573763,locality_curated
Nagar,FARRUKHABAD,Uttar Pradesh,27.406994,79.607019,locality_curated
village Ugarpur,FARRUKHABAD,Uttar Pradesh,27.41599,79.568229,locality_curated
Hasanpur,FARRUKHABAD,Uttar Pradesh,27.379726,79.549213,locality_curated
Kangsa,AMRELI,Gujarat,21.594689,71.238733,locality_curated
Laduadi Veterinary,NAMAKKAL,Tamil Nadu,11.201747,78.16231,locality_curated
village Rajas,SIKAR,Rajasthan,27.583917,75.15718,locality_curated
Raja Ji,SIKAR,Rajasthan,27.626153,75.164989,locality_curated
School Khirwa,SIKAR,Rajasthan,27.63931,75.1399,locality_curated
village Dhigpur,SIKAR,Rajasthan,27.616844,75.155699,locality_curated
Pendlimadugu,CHELVELLA,Telangana,,,locality_curated
Virpur,AMRELI,Gujarat,21.618398,71.195059,locality_curated
Jiyani,AMRELI,Gujarat,21.624463,71.233126,locality_curated
Nanudi,AMRELI,Gujarat,21.599548,71.204252,locality_curated
Samadhiyala,AMRELI,Gujarat,21.585115,71.236194,locality_curated
Anida,AMRELI,Gujarat,21.58683,71.248425,locality_curated
VijayaNagar,NIZAMABAD,Telangana,18.694533,78.109687,locality_curated
Vaghaniya,AMRELI,Gujarat,21.605325,71.208009,locality_curated
Mota,AMRELI,Gujarat,21.577192,71.234537,locality_curated
Mavjinjva,AMRELI,Gujarat,21.624785,71.21329,locality_curated
Pipariya,AMRELI,Gujarat,21.606322,71.237561,locality_curated
Jesar,AMRELI,Gujarat,21.59363,71.237581,locality_curated
Lakhapadar,AMRELI,Gujarat,21.589034,71.216775,locality_curated
Dhari,AMRELI,Gujarat,21.610995,71.248086,locality_curated
Katpar,AMRELI,Gujarat,21.587774,71.249876,locality_curated
Dharmaraja,ARANI,Tamil Nadu,12.654237,79.292668,locality_curated
Konaiyur,ARANI,Tamil Nadu,12.648287,79.298901,locality_curated
ADC in Kipattu,ARANI,Tamil Nadu,12.652018,79.2601,locality_curated
Saihadri,UTTARA KANNADA,Karnataka,14.996891,74.573399,locality_curated
jogigufa,MANDLA(ST),Madhya Pradesh,22.605779,80.407524,locality_curated
gram evam,MANDLA(ST),Madhya Pradesh,22.594343,80.404332,locality_curated
towards,MANDLA(ST),Madhya Pradesh,22.600685,80.353385,locality_curated
Srinivasa,MALKAJGIRI,Telangana,17.449278,78.552263,locality_curated
Khajuriya,SAGAR,Madhya Pradesh,23.846967,78.758834,locality_curated
Bansiya,SAGAR,Madhya Pradesh,23.829162,78.724788,locality_curated
Padar area Sajiavadar,AMRELI,Gujarat,21.601121,71.23838,locality_curated
Randhya,AMRELI,Gujarat,21.591448,71.207589,locality_curated
Semrahat,SAGAR,Madhya Pradesh,23.816453,78.735663,locality_curated
Radadiya,AMRELI,Gujarat,21.588793,71.220125,locality_curated
crematorium in Pipallag,AMRELI,Gujarat,21.625871,71.233287,locality_curated
Lalavadar,AMRELI,Gujarat,21.57402,71.215629,locality_curated
Indra nagar Middle,CUDDALORE,Tamil Nadu,11.737727,79.756958,locality_curated
mota,AMRELI,Gujarat,21.615652,71.191995,locality_curated
Monpur,AMRELI,Gujarat,21.590618,71.21248,locality_curated
Kanera,SAGAR,Madhya Pradesh,23.843493,78.711405,locality_curated
Jarkhia,AMRELI,Gujarat,21.600914,71.192255,locality_curated
teryala,BHONGIR,Telangana,17.491221,78.889255,locality_curated
Varsada,AMRELI,Gujarat,21.620068,71.225067,locality_curated
CHADA,BHONGIR,Telangana,17.530729,78.90338,locality_curated
DILAWAPUR,BHONGIR,Telangana,17.514912,78.857177,locality_curated
Khiriya,SAGAR,Madhya Pradesh,23.839635,78.720391,locality_curated
MATOOR,BHONGIR,Telangana,17.515682,78.895981,locality_curated
Subrahmanya Swamy,NIZAMABAD,Telangana,18.672953,78.066617,locality_curated
THURUPUGUDEM,BHONGIR,Telangana,17.527676,78.901855,locality_curated
kalya,UDUPI CHIKMAGALUR,Karnataka,13.354062,75.090446,locality_curated
bola,UDUPI CHIKMAGALUR,Karnataka,13.351143,75.076599,locality_curated
SHARAJPET,BHONGIR,Telangana,17.530716,78.889486,locality_curated
PATELGUDA,BHONGIR,Telangana,17.492427,78.893963,locality_curated
KOLLURU,BHONGIR,Telangana,17.504852,78.860414,locality_curated
SRINIVASAPURAM,BHONGIR,Telangana,17.488738,78.886991,locality_curated
TANGUTOOR,BHONGIR,Telangana,17.524216,78.857264,locality_curated
Pettodai,CUDDALORE,Tamil Nadu,11.732324,79.743668,locality_curated
RAGHAVAPURAM,BHONGIR,Telangana,17.528583,78.884393,locality_curated
Sirupalaiyur,CUDDALORE,Tamil Nadu,11.740843,79.792629,locality_curated
PULLAIGUDEM,BHONGIR,Telangana,17.523676,78.863201,locality_curated
Thangalikuppam,CUDDALORE,Tamil Nadu,11.744432,79.801083,locality_curated
MODUGUMAIGUDEM,BHONGIR,Telangana,17.482704,78.877506,locality_curated
THIMMAPUR,BHONGIR,Telangana,17.524697,78.887482,locality_curated
Melpudupettai,CUDDALORE,Tamil Nadu,11.723886,79.760434,locality_curated
POTHIREDDYPALLY,BHONGIR,Telangana,17.495042,78.896195,locality_curated
Kothandaramapuram Karaimedu,CUDDALORE,Tamil Nadu,11.722324,79.7714,locality_curated
GANGAPUR,BHONGIR,Telangana,17.487712,78.882916,locality_curated
KOMMEPALLE,BHONGIR,Telangana,17.489943,78.885021,locality_curated
Ramapuram,CUDDALORE,Tamil Nadu,11.73402,79.751747,locality_curated
NUNEGUDEM,BHONGIR,Telangana,17.512261,78.856733,locality_curated
GUNDALA,BHONGIR,Telangana,17.529868,78.882913,locality_curated
kumlankullam,CUDDALORE,Tamil Nadu,11.74207,79.79004,locality_curated
PARUPALLI,BHONGIR,Telangana,17.525549,78.894773,locality_curated
VANGALA,BHONGIR,Telangana,17.499302,78.910375,locality_curated
BAHUPETA,BHONGIR,Telangana,17.495476,78.861109,locality_curated
KANDUKUR,BHONGIR,Telangana,17.534631,78.886639,locality_curated
SADEVELLE,BHONGIR,Telangana,17.489378,78.8747,locality_curated
TALLAGUDEM,BHONGIR,Telangana,17.487808,78.877838,locality_curated
MAHABUBPET,BHONGIR,Telangana,17.502149,78.870907,locality_curated
Rudraram,MEDAK,Telangana,18.076391,78.278313,locality_curated
JANGAMPALLY,BHONGIR,Telangana,17.530495,78.865445,locality_curated
yellare,UDUPI CHIKMAGALUR,Karnataka,13.355308,75.123353,locality_curated
sooda,UDUPI CHIKMAGALUR,Karnataka,13.364021,75.102645,locality_curated
Sivagnanapuram,VIRUDHUNAGAR,Tamil Nadu,9.555703,77.966847,locality_curated
Village,BILASPUR,Chhattisgarh,22.095548,82.145804,locality_curated
Kothapalli,KADAPA,Andhra Pradesh,14.452452,78.827949,locality_curated
Chamaluru,KADAPA,Andhra Pradesh,14.482999,78.838606,locality_curated
Kottalapalli,KADAPA,Andhra Pradesh,14.497415,78.827358,locality_curated
SHERGARH KI,BAREILLY,Uttar Pradesh,28.39276,79.43935,locality_curated
MEERGANJ KI,BAREILLY,Uttar Pradesh,28.349586,79.44137,locality_curated
BHOJIPURA KI,BAREILLY,Uttar Pradesh,28.36783,79.457413,locality_curated
Thiruvengadam Town,TENKASI(SC),Tamil Nadu,9.435218,77.606873,locality_curated
BHEEMANAPALLY,BHONGIR,Telangana,17.538627,78.881106,locality_curated
DANTHURU,BHONGIR,Telangana,17.485688,78.868801,locality_curated
DESHMUKHI,BHONGIR,Telangana,17.525377,78.876935,locality_curated
DHARMAREDDYPALLY,BHONGIR,Telangana,17.52654,78.888664,locality_curated
DHOTHIGUDEM,BHONGIR,Telangana,17.517605,78.857646,locality_curated
GOSUKONDA,BHONGIR,Telangana,17.4974,78.911213,locality_curated
INDRIYALA,BHONGIR,Telangana,17.522915,78.878743,locality_curated
JAGATHPALLY,BHONGIR,Telangana,17.534721,78.87995,locality_curated
JALALPUR,BHONGIR,Telangana,17.526188,78.905154,locality_curated
JIBLAKPALLY,BHONGIR,Telangana,17.522536,78.896829,locality_curated
JULURU,BHONGIR,Telangana,17.491379,78.884889,locality_curated
as Pallathuviduthi,SIVAGANGA,Tamil Nadu,9.818424,78.494032,locality_curated
KANUMUKULA,BHONGIR,Telangana,17.495059,78.905325,locality_curated
KHAPRAIPALLI,BHONGIR,Telangana,17.523681,78.886639,locality_curated
MEHARNAGAR,BHONGIR,Telangana,17.487609,78.881365,locality_curated
PEDDAGUDEM,BHONGIR,Telangana,17.519398,78.896204,locality_curated
Rangamati,ASANSOL,West Bengal,23.660528,86.976744,locality_curated
RAVULAPALLY,BHONGIR,Telangana,17.52448,78.860525,locality_curated
PILAIPALLY,BHONGIR,Telangana,17.524594,78.891792,locality_curated
RAMALINGAMPALLY,BHONGIR,Telangana,17.525007,78.881503,locality_curated
SHIVAREDDIGUDEM,BHONGIR,Telangana,17.501275,78.856149,locality_curated
VANKAMAMIDI,BHONGIR,Telangana,17.538837,78.874239,locality_curated
BATTUGUDEM,BHONGIR,Telangana,17.487223,78.871326,locality_curated
BRAHMANAPALLY,BHONGIR,Telangana,17.538548,78.891686,locality_curated
GUDUR,BHONGIR,Telangana,17.528486,78.898934,locality_curated
GOLLAGUDEM,BHONGIR,Telangana,17.526885,78.865518,locality_curated
GURRALADANDI,BHONGIR,Telangana,17.487242,78.897912,locality_curated
JAINAPALLY,BHONGIR,Telangana,17.498579,78.900284,locality_curated
JAMEELPETA,BHONGIR,Telangana,17.529697,78.862038,locality_curated
JAMPALLY,BHONGIR,Telangana,17.538605,78.882753,locality_curated
JIYAPALLY,BHONGIR,Telangana,17.518893,78.869116,locality_curated
THANDA,BHONGIR,Telangana,17.491815,78.894363,locality_curated
KONDAMADUGU,BHONGIR,Telangana,17.506276,78.899348,locality_curated
LAXMIDEVIGUDEM,BHONGIR,Telangana,17.495326,78.888129,locality_curated
MADHARAM,BHONGIR,Telangana,17.479732,78.890313,locality_curated
MAHADEVPUR,BHONGIR,Telangana,17.527646,78.879077,locality_curated
ANANTHARAM,BHONGIR,Telangana,17.532313,78.889016,locality_curated
NEMARUGOMULA,BHONGIR,Telangana,17.531516,78.88795,locality_curated
MAQDOOMPALLY,BHONGIR,Telangana,17.505387,78.897232,locality_curated
PADAMATISOMARAM,BHONGIR,Telangana,17.525557,78.892306,locality_curated
PALLEGUDEM,BHONGIR,Telangana,17.503127,78.908612,locality_curated
RAHEEMKHANGUDA,BHONGIR,Telangana,17.5087,78.907861,locality_curated
RAYARAOPET,BHONGIR,Telangana,17.501573,78.913273,locality_curated
PAHAD,BHONGIR,Telangana,17.505538,78.856296,locality_curated
RUDRAVELLY,BHONGIR,Telangana,17.529237,78.883676,locality_curated
VENKIRYAL,BHONGIR,Telangana,17.505795,78.898972,locality_curated
Nallur,ARANI,Tamil Nadu,12.680881,79.269496,locality_curated
Munugapattu,ARANI,Tamil Nadu,12.690758,79.28038,locality_curated
ANAJIPURAM,BHONGIR,Telangana,17.517578,78.907553,locality_curated
BALAMPALLY,BHONGIR,Telangana,17.492999,78.908652,locality_curated
SOMARAM,BHONGIR,Telangana,17.529214,78.865881,locality_curated
BASWAPURAM,BHONGIR,Telangana,17.526181,78.910476,locality_curated
KONDURU,BHONGIR,Telangana,17.526874,78.898189,locality_curated
NAGAR,BHONGIR,Telangana,17.482261,78.888188,locality_curated
GANGASANIPALLY,BHONGIR,Telangana,17.535067,78.890708,locality_curated
HANMAPUR,BHONGIR,Telangana,17.530325,78.890232,locality_curated
JAMMAPUR,BHONGIR,Telangana,17.539312,78.884421,locality_curated
KESARAM,BHONGIR,Telangana,17.522141,78.890174,locality_curated
KUNOOR,BHONGIR,Telangana,17.488294,78.887073,locality_curated
MUTHIREDDIGUDEM,BHONGIR,Telangana,17.485937,78.904792,locality_curated
MUTHYALAPALLY,BHONGIR,Telangana,17.479758,78.870418,locality_curated
NAGIREDDYPALLY,BHONGIR,Telangana,17.487352,78.904174,locality_curated
NAMATHPALLY,BHONGIR,Telangana,17.515281,78.90038,locality_curated
NANDANAM,BHONGIR,Telangana,17.538569,78.881659,locality_curated
PENCHIKALAPAHAD,BHONGIR,Telangana,17.532648,78.862229,locality_curated
RAMACHANDRAPURAM,BHONGIR,Telangana,17.511861,78.868941,locality_curated
REDDINAIKTHANDA,BHONGIR,Telangana,17.486352,78.89473,locality_curated
SUREPALLY,BHONGIR,Telangana,17.523386,78.887139,locality_curated
TAJPURAM,BHONGIR,Telangana,17.50487,78.865903,locality_curated
TUKKAPURAM,BHONGIR,Telangana,17.477785,78.885567,locality_curated
VEERAPALLY,BHONGIR,Telangana,17.5221,78.862468,locality_curated
WADAIGUDEM,BHONGIR,Telangana,17.492834,78.89495,locality_curated
WADAPARTHY,BHONGIR,Telangana,17.490597,78.898131,locality_curated
YERRAMBELLI,BHONGIR,Telangana,17.531372,78.882054,locality_curated
VALIGONDA,BHONGIR,Telangana,17.507127,78.86761,locality_curated
THACHILEDATH,CHALAKUDY,Kerala,10.316577,76.313963,locality_curated
ANTHAMMAGUDEM,BHONGIR,Telangana,17.491302,78.864409,locality_curated
Sonisar,SABARKANTHA,Gujarat,23.572145,73.014826,locality_curated
Vahanvati,SABARKANTHA,Gujarat,23.574362,72.986954,locality_curated
Fatepur,SABARKANTHA,Gujarat,23.623366,72.998217,locality_curated
Salal,SABARKANTHA,Gujarat,23.617046,73.015609,locality_curated
Mathasuliya,SABARKANTHA,Gujarat,23.597434,72.984122,locality_curated
Dedharota,SABARKANTHA,Gujarat,23.629365,73.000559,locality_curated
Pedhamala,SABARKANTHA,Gujarat,23.577791,72.988699,locality_curated
Hapa,SABARKANTHA,Gujarat,23.576768,72.977173,locality_curated
Kodiyawada,SABARKANTHA,Gujarat,23.608376,72.980398,locality_curated
Ramdevpir,SABARKANTHA,Gujarat,23.584987,72.975712,locality_curated
Salatpur,SABARKANTHA,Gujarat,23.588408,73.016192,locality_curated
Aminpur,SABARKANTHA,Gujarat,23.572519,72.987883,locality_curated
SIRIVENIKUNTA,BHONGIR,Telangana,17.498151,78.866266,locality_curated
MANNEVARIPAMPU,BHONGIR,Telangana,17.5205,78.906571,locality_curated
Dholawani,SABARKANTHA,Gujarat,23.618438,72.988847,locality_curated
Navalpur,SABARKANTHA,Gujarat,23.608247,72.983073,locality_curated
Indran,SABARKANTHA,Gujarat,23.575889,72.985415,locality_curated
Vankaneda,SABARKANTHA,Gujarat,23.626153,72.991816,locality_curated
Antisara,SABARKANTHA,Gujarat,23.60817,73.031092,locality_curated
Juni Vansani,SABARKANTHA,Gujarat,23.620446,72.982568,locality_curated
Undwa,SABARKANTHA,Gujarat,23.624248,73.008598,locality_curated
Jeeva,Puducherry,Puducherry,11.930756,79.811511,locality_curated
pracheen baba,HOSHANGABAD,Madhya Pradesh,22.767915,77.731524,locality_curated
GAAME JUNI,DAHOD(ST),Gujarat,22.836175,74.277808,locality_curated
Padunelli,KANCHEEPURAM(SC),Tamil Nadu,12.791706,79.699545,locality_curated
Avalur,KANCHEEPURAM(SC),Tamil Nadu,12.803044,79.719108,locality_curated
Mambakkam,KANCHEEPURAM(SC),Tamil Nadu,12.805488,79.676991,locality_curated
kalakattur,KANCHEEPURAM(SC),Tamil Nadu,12.834796,79.702141,locality_curated
Thallapusapally,MAHABUBABAD,Telangana,17.581199,79.978848,locality_curated
Arpanapally,MAHABUBABAD,Telangana,17.60105,80.031549,locality_curated
Upparapally,MAHABUBABAD,Telangana,17.595673,79.971341,locality_curated
Komatipally,MAHABUBABAD,Telangana,17.602057,80.024669,locality_curated
Katrapally,MAHABUBABAD,Telangana,17.619116,80.013023,locality_curated
dumari me,GHOSI,Uttar Pradesh,26.073926,83.659432,locality_curated
Pullur,KASARAGOD,Kerala,12.500863,75.005403,locality_curated
Ajanur,KASARAGOD,Kerala,12.473191,74.997284,locality_curated
Masani road Badasiguru,KORAPUT(ST),Odisha,18.812561,82.68545,locality_curated
Jangili,KORAPUT(ST),Odisha,18.808173,82.69297,locality_curated
Kundam to Rusganda,KORAPUT(ST),Odisha,18.821032,82.733002,locality_curated
Masani Road Mantrajhala,KORAPUT(ST),Odisha,18.833428,82.716195,locality_curated
Illyas,KASARAGOD,Kerala,12.477782,74.989644,locality_curated
Bovis,KASARAGOD,Kerala,12.484238,74.983267,locality_curated
Kottappara Badar Juma,KASARAGOD,Kerala,12.479199,74.985439,locality_curated
sarangpur,MURSHIDABAD,West Bengal,24.166548,88.263271,locality_curated
Kunjabadi,KORAPUT(ST),Odisha,18.796246,82.7297,locality_curated
Hatpada,KORAPUT(ST),Odisha,18.794743,82.700865,locality_curated
Durgapadu,KORAPUT(ST),Odisha,18.815347,82.697941,locality_curated
Aloor Juma,KASARAGOD,Kerala,12.527435,74.982893,locality_curated
Chithari,KASARAGOD,Kerala,12.527399,74.978735,locality_curated
MANDRA,BHONGIR,Telangana,17.508414,78.86611,locality_curated
NAKKALAPALLY,BHONGIR,Telangana,17.509766,78.851295,locality_curated
NEMMANI,BHONGIR,Telangana,17.507004,78.903627,locality_curated
Badariya Juma,KASARAGOD,Kerala,12.486243,74.99648,locality_curated
THUMALAGUDEM,BHONGIR,Telangana,17.515071,78.867561,locality_curated
CHIPPALAPALLY,BHONGIR,Telangana,17.523988,78.864195,locality_curated
AITIPAMULA,BHONGIR,Telangana,17.495483,78.87464,locality_curated
EDULURU,BHONGIR,Telangana,17.518336,78.904017,locality_curated
MUTHYALAMMAGUDEM,BHONGIR,Telangana,17.495212,78.88709,locality_curated
DUGNEVALLY,BHONGIR,Telangana,17.52241,78.891269,locality_curated
CHANDUPATLA,BHONGIR,Telangana,17.493891,78.893384,locality_curated
GORENKALAPALLY,BHONGIR,Telangana,17.483629,78.891337,locality_curated
NELLIBANDA,BHONGIR,Telangana,17.492364,78.867877,locality_curated
OGODE,BHONGIR,Telangana,17.483978,78.901452,locality_curated
KADAPARTHY,BHONGIR,Telangana,17.485085,78.90129,locality_curated
GUDIWADA,BHONGIR,Telangana,17.487927,78.901577,locality_curated
VALLABHAPURAM,BHONGIR,Telangana,17.488885,78.889652,locality_curated
NADIGUDEM,BHONGIR,Telangana,17.48314,78.894129,locality_curated
KORLAPAHAD,BHONGIR,Telangana,17.519537,78.865115,locality_curated
IPPALAGUDEM,BHONGIR,Telangana,17.505133,78.8995,locality_curated
BOPPARAM,BHONGIR,Telangana,17.522698,78.897474,locality_curated
KETHEPALLY,BHONGIR,Telangana,17.510089,78.904126,locality_curated
DUGINAVELLY,BHONGIR,Telangana,17.481582,78.87123,locality_curated
KASANAGODE,BHONGIR,Telangana,17.487927,78.901577,locality_curated
Thekkekkara Grama,PATHANAMTHITTA,Kerala,9.275263,76.797336,locality_curated
Bhamodra,AMRELI,Gujarat,21.580048,71.221512,locality_curated
Devaliya,AMRELI,Gujarat,21.600364,71.253978,locality_curated
Pandamangalam Town,NAMAKKAL,Tamil Nadu,11.207964,78.192722,locality_curated
Namagiripet Town,NAMAKKAL,Tamil Nadu,11.220069,78.150886,locality_curated
Pothanur Town,NAMAKKAL,Tamil Nadu,11.194525,78.177787,locality_curated
Balaji,AJMER,Rajasthan,26.422924,74.631827,locality_curated
Ananthapadmanabha swamy,NIZAMABAD,Telangana,18.697544,78.082779,locality_curated
hanuman,HOSHANGABAD,Madhya Pradesh,22.752236,77.707854,locality_curated
villahe hanuman,HOSHANGABAD,Madhya Pradesh,22.761481,77.719597,locality_curated
Bishnu,NOWGONG,Assam,26.325658,92.705716,locality_curated
Mokalpur,GONDA,Uttar Pradesh,27.128014,81.92809,locality_curated
Chandwatpur,GONDA,Uttar Pradesh,27.144938,81.948679,locality_curated
Chhachpara,GONDA,Uttar Pradesh,27.130288,81.941478,locality_curated
Kazidewar,GONDA,Uttar Pradesh,27.138517,81.942736,locality_curated
Budhadevar,GONDA,Uttar Pradesh,27.146871,81.955274,locality_curated
Banwaria,GONDA,Uttar Pradesh,27.144232,81.960279,locality_curated
Majha,GONDA,Uttar Pradesh,27.12951,81.975782,locality_curated
Pacharan,GONDA,Uttar Pradesh,27.10233,81.966609,locality_curated
Baidora,GONDA,Uttar Pradesh,27.142247,81.966417,locality_curated
Narayanpur,GONDA,Uttar Pradesh,27.108315,81.944177,locality_curated
Belhari,GONDA,Uttar Pradesh,27.111625,81.949022,locality_curated
Shukulpur,GONDA,Uttar Pradesh,27.114763,81.97836,locality_curated
Raigaon,GONDA,Uttar Pradesh,27.125488,81.939668,locality_curated
Singhwapur,GONDA,Uttar Pradesh,27.137946,81.991138,locality_curated
Karuapara,GONDA,Uttar Pradesh,27.151873,81.94148,locality_curated
Kanchanpur,GONDA,Uttar Pradesh,27.146513,81.958377,locality_curated
Dikhlaul,GONDA,Uttar Pradesh,27.130538,81.977299,locality_curated
Mohan pura,AJMER,Rajasthan,26.420966,74.647957,locality_curated
RENWJHA,DAMOH,Madhya Pradesh,23.853401,79.424934,locality_curated
Andaloor,KANNUR,Kerala,11.855708,75.389603,locality_curated
Terang,Diphu (ST),Assam,25.850979,93.446218,locality_curated
Surayanda Men,ETAWAH(SC),Uttar Pradesh,26.794898,79.034371,locality_curated
Etawah Jila,ETAWAH(SC),Uttar Pradesh,26.76017,79.008239,locality_curated
Vill Kurath,ETAWAH(SC),Uttar Pradesh,26.787324,78.993311,locality_curated
Men Jila,ETAWAH(SC),Uttar Pradesh,26.76609,78.99041,locality_curated
Puliya Chauraha,ETAWAH(SC),Uttar Pradesh,26.777299,78.989046,locality_curated
Jila,ETAWAH(SC),Uttar Pradesh,26.774239,79.000001,locality_curated
Manasha,RANAGHAT(SC),West Bengal,23.154023,88.536575,locality_curated
Kali,RANAGHAT(SC),West Bengal,23.157437,88.575924,locality_curated
Durga,RANAGHAT(SC),West Bengal,23.189217,88.544265,locality_curated
Tarapur Gram,RANAGHAT(SC),West Bengal,23.161478,88.53601,locality_curated
Talwas,KOTA,Rajasthan,25.187883,75.884122,locality_curated
Rehra Bazar,GONDA,Uttar Pradesh,27.145829,81.950543,locality_curated
Budhipur,GONDA,Uttar Pradesh,27.124835,81.936722,locality_curated
Maurya,GONDA,Uttar Pradesh,27.140901,81.929684,locality_curated
Babhanpurwa Bajrangi Upadhyay,GONDA,Uttar Pradesh,27.112254,81.967654,locality_curated
Semra,GONDA,Uttar Pradesh,27.14111,81.942172,locality_curated
Dalkhaniya,AMRELI,Gujarat,21.587051,71.249048,locality_curated
Khambha,AMRELI,Gujarat,21.582137,71.215973,locality_curated
Gram,AMRELI,Gujarat,21.618285,71.230871,locality_curated
Shedubhar,AMRELI,Gujarat,21.601875,71.191231,locality_curated
Patla,AMRELI,Gujarat,21.615847,71.243445,locality_curated
Masani Road Bapuji,KORAPUT(ST),Odisha,18.809378,82.687841,locality_curated
Lochakana,KORAPUT(ST),Odisha,18.8316,82.696648,locality_curated
bangaru Peddamma Thalli,NIZAMABAD,Telangana,18.648175,78.078572,locality_curated
Nagulamma,NIZAMABAD,Telangana,18.674212,78.114652,locality_curated
Baishata Gram,JOYNAGAR(SC),West Bengal,22.191756,88.429094,locality_curated
Manirtat Gram,JOYNAGAR(SC),West Bengal,22.156463,88.415823,locality_curated
Talagadri,KORAPUT(ST),Odisha,18.833524,82.705783,locality_curated
Nirbhay,PRATAPGARH,Uttar Pradesh,25.901901,82.015102,locality_curated
Dhanuha,PRATAPGARH,Uttar Pradesh,25.894945,81.980144,locality_curated
Sadar me,PRATAPGARH,Uttar Pradesh,25.890264,81.969193,locality_curated
Blegach,KORAPUT(ST),Odisha,18.830492,82.722243,locality_curated
Kaliambo,KORAPUT(ST),Odisha,18.834875,82.73355,locality_curated
Barari,BARDHAMAN-DURGAPUR,West Bengal,23.590915,87.313368,locality_curated
Prini,MANDI,Himachal Pradesh,31.699473,76.902832,locality_curated
DANG,TEHRI GARHWAL,Uttarakhand,30.391281,78.474998,locality_curated
somandepalli,HINDUPUR,Andhra Pradesh,13.8078,77.477157,locality_curated
Kathar Engti,Diphu (ST),Assam,25.848599,93.444342,locality_curated
Timung,Diphu (ST),Assam,25.861092,93.455134,locality_curated
Nahorjan Longnit Tokbi,Diphu (ST),Assam,25.822782,93.420638,locality_curated
Shiv Sati,BAHRAICH(SC),Uttar Pradesh,27.591336,81.616341,locality_curated
chakki se,BADAUN,Uttar Pradesh,28.021898,79.134204,locality_curated
Tarapur,AHMEDABAD EAST,Gujarat,23.022254,72.606763,locality_curated
Mirzapur,BAHRAICH(SC),Uttar Pradesh,27.562405,81.587066,locality_curated
Tingai,BAHRAICH(SC),Uttar Pradesh,27.589738,81.583916,locality_curated
Khaira,BAHRAICH(SC),Uttar Pradesh,27.593257,81.606231,locality_curated
Maigla,BAHRAICH(SC),Uttar Pradesh,27.570566,81.610584,locality_curated
Devuni Yerravally,CHELVELLA,Telangana,,,locality_curated
Manmarry,CHELVELLA,Telangana,,,locality_curated
Chakaliguda,CHELVELLA,Telangana,,,locality_curated
Malkapur,CHELVELLA,Telangana,,,locality_curated
CHILLAPURAM,BHONGIR,Telangana,17.523671,78.892002,locality_curated
Kummariguda,CHELVELLA,Telangana,,,locality_curated
Thanda,CHELVELLA,Telangana,,,locality_curated
Pedda Golconda,CHELVELLA,Telangana,,,locality_curated
Nawabpet,CHELVELLA,Telangana,,,locality_curated
murgi form,MAHARAJGANJ_UP,Uttar Pradesh,26.479963,81.206543,locality_curated
KISHANGARH,DAMOH,Madhya Pradesh,23.808882,79.453706,locality_curated
BARKHERA,DAMOH,Madhya Pradesh,23.850413,79.441679,locality_curated
PIPRIYA,DAMOH,Madhya Pradesh,23.812967,79.438528,locality_curated
Mambapur,CHELVELLA,Telangana,,,locality_curated
Kandanelly,CHELVELLA,Telangana,,,locality_curated
SAHAJPURI,DAMOH,Madhya Pradesh,23.832921,79.462789,locality_curated
Navalga,CHELVELLA,Telangana,,,locality_curated
KHAND,DAMOH,Madhya Pradesh,23.834024,79.412997,locality_curated
Neelapally,CHELVELLA,Telangana,,,locality_curated
DEORI,DAMOH,Madhya Pradesh,23.836178,79.4243,locality_curated
Madananthapur,CHELVELLA,Telangana,,,locality_curated
BARPANI,DAMOH,Madhya Pradesh,23.829754,79.420561,locality_curated
Oddandapur,CHELVELLA,Telangana,,,locality_curated
Athkur,CHELVELLA,Telangana,,,locality_curated
Bandameedipally,CHELVELLA,Telangana,,,locality_curated
halekote,KOPPAL,Karnataka,15.337949,76.142748,locality_curated
Pennadam Town,CUDDALORE,Tamil Nadu,11.72797,79.768888,locality_curated
sathiyavadi,CUDDALORE,Tamil Nadu,11.72495,79.751645,locality_curated
Mangalampettai Town,CUDDALORE,Tamil Nadu,11.724283,79.784828,locality_curated
koranapattu,CUDDALORE,Tamil Nadu,11.726584,79.765946,locality_curated
Murarichinthala,KADAPA,Andhra Pradesh,14.484695,78.824412,locality_curated
Thummalapalli,KADAPA,Andhra Pradesh,14.482689,78.808311,locality_curated
Thorapadi Town,CUDDALORE,Tamil Nadu,11.748835,79.787665,locality_curated
NREGS Se,SAGAR,Madhya Pradesh,23.858733,78.746165,locality_curated
Bhapel,SAGAR,Madhya Pradesh,23.863301,78.734511,locality_curated
Basiya,SAGAR,Madhya Pradesh,23.861183,78.732599,locality_curated
Kolinja,SAGAR,Madhya Pradesh,23.811558,78.72454,locality_curated
devnarayan,AJMER,Rajasthan,26.456551,74.620548,locality_curated
Chhachundra,AJMER,Rajasthan,26.43322,74.628706,locality_curated
ka devra,AJMER,Rajasthan,26.459159,74.621243,locality_curated
Police,TIRUCHIRAPPALLI,Tamil Nadu,10.807751,78.690979,locality_curated
Anna,TIRUCHIRAPPALLI,Tamil Nadu,10.815951,78.690339,locality_curated
KK Nagar Burma,TIRUCHIRAPPALLI,Tamil Nadu,10.782846,78.716699,locality_curated
arasadikuppam,CUDDALORE,Tamil Nadu,11.754301,79.756238,locality_curated
ground,KANGRA,Himachal Pradesh,32.080443,76.239853,locality_curated
PRAKHAND VIBHUTIPUR,UJJARPUR,Bihar,,,locality_curated
PRAKHAND DALSINGHSARAY,UJJARPUR,Bihar,,,locality_curated
protect,KANGRA,Himachal Pradesh,32.090566,76.244617,locality_curated
PRAKHAND MOHANPUR,UJJARPUR,Bihar,,,locality_curated
PRAKHAND PATORI,UJJARPUR,Bihar,,,locality_curated
PRAKHAND SARAYRANJAN,UJJARPUR,Bihar,,,locality_curated
PRAKHAND UJIYARPUR,UJJARPUR,Bihar,,,locality_curated
Tardhari,AMRELI,Gujarat,21.616634,71.198215,locality_curated
Amrapur,AMRELI,Gujarat,21.609953,71.241577,locality_curated
Badi,AMRELI,Gujarat,21.614809,71.251569,locality_curated
Vekariapara,AMRELI,Gujarat,21.594511,71.196597,locality_curated
Gorana,AMRELI,Gujarat,21.62011,71.203632,locality_curated
Office,AMRELI,Gujarat,21.618796,71.240504,locality_curated
Malsika,AMRELI,Gujarat,21.617258,71.21158,locality_curated
Chavand,AMRELI,Gujarat,21.599474,71.243698,locality_curated
PRAKHAND PATEPUR,UJJARPUR,Bihar,,,locality_curated
Kamanur,KOPPAL,Karnataka,15.333293,76.146286,locality_curated
Moranahalli,KOPPAL,Karnataka,15.35874,76.180323,locality_curated
Achanur Mallikarjuna,KOPPAL,Karnataka,15.369094,76.145184,locality_curated
Salarnagar,CHELVELLA,Telangana,,,locality_curated
Nazeerabad Thanda,CHELVELLA,Telangana,,,locality_curated
Ibrahimpur,CHELVELLA,Telangana,,,locality_curated
Chityal,CHELVELLA,Telangana,,,locality_curated
Roopsingh Thanda,CHELVELLA,Telangana,,,locality_curated
Idukki,IDUKKI,Kerala,9.837832,77.074947,locality_curated
Nengkong,TURA,Meghalaya,25.496707,90.223813,locality_curated
antargat saho,DARBHANGA,Bihar,26.147173,85.90536,locality_curated
antargat dumri,DARBHANGA,Bihar,26.153728,85.861695,locality_curated
antargat biraul,DARBHANGA,Bihar,26.133042,85.892623,locality_curated
navtol bhawanipur,DARBHANGA,Bihar,26.174498,85.900936,locality_curated
Dhoradaha junior Basic,MURSHIDABAD,West Bengal,24.197867,88.281922,locality_curated
antargat dularpur,DARBHANGA,Bihar,26.138533,85.865922,locality_curated
antargat adalpur,DARBHANGA,Bihar,26.166299,85.882007,locality_curated
antargat ghorghatta,DARBHANGA,Bihar,26.141128,85.861941,locality_curated
Kalaberia khelar,MURSHIDABAD,West Bengal,24.204289,88.272634,locality_curated
Paiksa,MURSHIDABAD,West Bengal,24.202229,88.278412,locality_curated
bashbariya,MURSHIDABAD,West Bengal,24.182009,88.240993,locality_curated
dholna,ETAH,Uttar Pradesh,27.58273,78.657983,locality_curated
sewar,ETAH,Uttar Pradesh,27.54166,78.667286,locality_curated
kaliyan,ETAH,Uttar Pradesh,27.541308,78.654489,locality_curated
mohanimamoorganj,ETAH,Uttar Pradesh,27.545503,78.682379,locality_curated
tirahe,ETAH,Uttar Pradesh,27.575843,78.657026,locality_curated
bahadurpur,ETAH,Uttar Pradesh,27.580306,78.673163,locality_curated
dhantoriya,ETAH,Uttar Pradesh,27.539785,78.668075,locality_curated
Thiruvamathur,VILUPPURAM(SC),Tamil Nadu,11.955191,79.500159,locality_curated
kumraua,ETAH,Uttar Pradesh,27.567214,78.6809,locality_curated
Garhi,ETAH,Uttar Pradesh,27.56692,78.673247,locality_curated
baroli,ETAH,Uttar Pradesh,27.566137,78.639763,locality_curated
gulabgarh,ETAH,Uttar Pradesh,27.580794,78.655845,locality_curated
shyamsar,ETAH,Uttar Pradesh,27.574212,78.646752,locality_curated
Vasantnagar,ETAH,Uttar Pradesh,27.547858,78.680776,locality_curated
Ismailpur,ETAH,Uttar Pradesh,27.549663,78.69849,locality_curated
Gaupura,ETAH,Uttar Pradesh,27.568562,78.645297,locality_curated
Mallanagar,ETAH,Uttar Pradesh,27.565303,78.695403,locality_curated
Devri,ETAH,Uttar Pradesh,27.58218,78.65371,locality_curated
BAITHAK SE,NAGINA(SC),Uttar Pradesh,29.41893,78.43775,locality_curated
Maanpur,ETAH,Uttar Pradesh,27.548875,78.634984,locality_curated
maanpur,ETAH,Uttar Pradesh,27.541293,78.680614,locality_curated
Bidhuni,ETAH,Uttar Pradesh,27.532611,78.662871,locality_curated
kherpur,ETAH,Uttar Pradesh,27.57356,78.667962,locality_curated
antargat sinuar,DARBHANGA,Bihar,26.18085,85.906928,locality_curated
antargat araila,DARBHANGA,Bihar,26.176508,85.881251,locality_curated
antargat godhaila,DARBHANGA,Bihar,26.131101,85.909819,locality_curated
antargat rupauli,DARBHANGA,Bihar,26.138987,85.881617,locality_curated
antargat patori,DARBHANGA,Bihar,26.16902,85.920397,locality_curated
antargat amaithi,DARBHANGA,Bihar,26.1651,85.866902,locality_curated
antargat sajhuar,DARBHANGA,Bihar,26.174291,85.867797,locality_curated
antargat mansara,DARBHANGA,Bihar,26.142858,85.902032,locality_curated
Datlana,ETAH,Uttar Pradesh,27.53081,78.6628,locality_curated
KAMINI DEVI FP,JADAVPUR,West Bengal,22.476379,88.351904,locality_curated
antargat baghrasi,DARBHANGA,Bihar,26.156494,85.873612,locality_curated
SREERAMPUR,JADAVPUR,West Bengal,22.503581,88.347161,locality_curated
gaura mansingh,DARBHANGA,Bihar,26.127632,85.907538,locality_curated
antargat nadai,DARBHANGA,Bihar,26.147088,85.862231,locality_curated
antargat adharpur,DARBHANGA,Bihar,26.171333,85.887041,locality_curated
kasraur basauli,DARBHANGA,Bihar,26.141977,85.917411,locality_curated
antargat nari,DARBHANGA,Bihar,26.151283,85.87128,locality_curated
kumai bhadon,DARBHANGA,Bihar,26.151774,85.922695,locality_curated
dakshni kasraur,DARBHANGA,Bihar,26.173021,85.905943,locality_curated
RADHABALLAVPUR FP,JADAVPUR,West Bengal,22.511193,88.385832,locality_curated
antargat karkauli,DARBHANGA,Bihar,26.173364,85.888035,locality_curated
kasraur belwara,DARBHANGA,Bihar,26.163254,85.909271,locality_curated
BARULI KURER,JADAVPUR,West Bengal,22.488292,88.384064,locality_curated
antargat jamalpur,DARBHANGA,Bihar,26.14283,85.882597,locality_curated
antargat jhagarua,DARBHANGA,Bihar,26.16814,85.916654,locality_curated
KAMLAT FP,JADAVPUR,West Bengal,22.485008,88.384103,locality_curated
SAHEBPUR GHOSHPARA SITALA,JADAVPUR,West Bengal,22.476949,88.38453,locality_curated
SAHEBPUR JAGANNATH,JADAVPUR,West Bengal,22.519228,88.364645,locality_curated
SAHEBPUR SARDARPARA SITALA,JADAVPUR,West Bengal,22.497,88.356008,locality_curated
BENIABOW SHIV,JADAVPUR,West Bengal,22.515511,88.358989,locality_curated
KUSHBERIA CHAKIPARA,JADAVPUR,West Bengal,22.487321,88.341575,locality_curated
narkatia bhandaria,DARBHANGA,Bihar,26.145472,85.871864,locality_curated
Varambali Gram,UDUPI CHIKMAGALUR,Karnataka,13.332453,75.126613,locality_curated
Pandeshwar,UDUPI CHIKMAGALUR,Karnataka,13.322313,75.121181,locality_curated
Kotathatu,UDUPI CHIKMAGALUR,Karnataka,13.310793,75.103564,locality_curated
Irvattur,UDUPI CHIKMAGALUR,Karnataka,13.311661,75.099825,locality_curated
Hebri,UDUPI CHIKMAGALUR,Karnataka,13.345872,75.088088,locality_curated
Nadpalu,UDUPI CHIKMAGALUR,Karnataka,13.350638,75.072335,locality_curated
Meda,JALORE,Rajasthan,25.333791,72.606699,locality_curated
Defence,MALKAJGIRI,Telangana,17.471804,78.555541,locality_curated
Nimbau,JALORE,Rajasthan,25.33302,72.597223,locality_curated
prakhand narkatiyaganj,VALMIKI NAGAR,Bihar,27.10515,84.275727,locality_curated
prakhand lauriya,VALMIKI NAGAR,Bihar,27.070727,84.307121,locality_curated
Kerepalya,BANGALORE RURAL,Karnataka,13.125146,77.381457,locality_curated
prakhand piprasi,VALMIKI NAGAR,Bihar,27.109519,84.28454,locality_curated
Roshannagar,ETAH,Uttar Pradesh,27.578272,78.6638,locality_curated
prakhand madhubani,VALMIKI NAGAR,Bihar,27.068187,84.296951,locality_curated
prakhand bhitaha,VALMIKI NAGAR,Bihar,27.103951,84.278529,locality_curated
prakhand thakraha,VALMIKI NAGAR,Bihar,27.081251,84.331681,locality_curated
tarapur,ETAH,Uttar Pradesh,27.570342,78.679752,locality_curated
etwarpur,ETAH,Uttar Pradesh,27.554842,78.646287,locality_curated
kharpara,ETAH,Uttar Pradesh,27.567515,78.647465,locality_curated
baharpur,ETAH,Uttar Pradesh,27.57747,78.665899,locality_curated
khitauli,ETAH,Uttar Pradesh,27.530919,78.662306,locality_curated
manikapur,ETAH,Uttar Pradesh,27.569392,78.674611,locality_curated
hasanpur,ETAH,Uttar Pradesh,27.5824,78.667429,locality_curated
veerpur,ETAH,Uttar Pradesh,27.582047,78.661249,locality_curated
abhaypura,ETAH,Uttar Pradesh,27.536817,78.676937,locality_curated
bayali,ETAH,Uttar Pradesh,27.570662,78.668478,locality_curated
sewaka,ETAH,Uttar Pradesh,27.578997,78.652351,locality_curated
narrai,ETAH,Uttar Pradesh,27.534413,78.639226,locality_curated
sirsaul,ETAH,Uttar Pradesh,27.574938,78.677526,locality_curated
nagala,ETAH,Uttar Pradesh,27.541061,78.670355,locality_curated
nagar,ETAH,Uttar Pradesh,27.581241,78.664293,locality_curated
dhuviyae,ETAH,Uttar Pradesh,27.557848,78.681486,locality_curated
sunahara,ETAH,Uttar Pradesh,27.565812,78.642523,locality_curated
sarawal,ETAH,Uttar Pradesh,27.533121,78.646241,locality_curated
virsinghpura,ETAH,Uttar Pradesh,27.559328,78.647201,locality_curated
alah,ETAH,Uttar Pradesh,27.579698,78.646588,locality_curated
samaspur,ETAH,Uttar Pradesh,27.573116,78.689121,locality_curated
Quadar,ETAH,Uttar Pradesh,27.565811,78.648317,locality_curated
Barona,ETAH,Uttar Pradesh,27.556739,78.62895,locality_curated
Bagbas,ETAH,Uttar Pradesh,27.56177,78.677911,locality_curated
barona,ETAH,Uttar Pradesh,27.5689,78.669299,locality_curated
myasur,ETAH,Uttar Pradesh,27.531695,78.654819,locality_curated
ashokpur,ETAH,Uttar Pradesh,27.533497,78.679187,locality_curated
rampura,ETAH,Uttar Pradesh,27.562967,78.678156,locality_curated
Dariyavganj,ETAH,Uttar Pradesh,27.530176,78.646162,locality_curated
dariyavganj,ETAH,Uttar Pradesh,27.560338,78.697008,locality_curated
mein,ETAH,Uttar Pradesh,27.570871,78.638318,locality_curated
Achalpur,ETAH,Uttar Pradesh,27.542919,78.669853,locality_curated
Sheorai,ETAH,Uttar Pradesh,27.531052,78.650573,locality_curated
Siraon,ETAH,Uttar Pradesh,27.573402,78.646933,locality_curated
Amritpur,ETAH,Uttar Pradesh,27.5562,78.687985,locality_curated
Akhtauli,ETAH,Uttar Pradesh,27.555479,78.679326,locality_curated
sailar,ETAH,Uttar Pradesh,27.57883,78.646582,locality_curated
Jitauli,ETAH,Uttar Pradesh,27.58255,78.658559,locality_curated
imilaya,ETAH,Uttar Pradesh,27.533688,78.667822,locality_curated
chilamapur,ETAH,Uttar Pradesh,27.563968,78.644119,locality_curated
senakalan,ETAH,Uttar Pradesh,27.58123,78.662814,locality_curated
rijor,ETAH,Uttar Pradesh,27.55049,78.689633,locality_curated
sheelampura,ETAH,Uttar Pradesh,27.54945,78.644956,locality_curated
chachaina,ETAH,Uttar Pradesh,27.58078,78.664768,locality_curated
sonhar,ETAH,Uttar Pradesh,27.564939,78.646727,locality_curated
daspur,ETAH,Uttar Pradesh,27.572089,78.650779,locality_curated
jalalpur,ETAH,Uttar Pradesh,27.567035,78.653545,locality_curated
kansuri,ETAH,Uttar Pradesh,27.542012,78.644728,locality_curated
kartala,ETAH,Uttar Pradesh,27.539117,78.688463,locality_curated
shivsinghpur,ETAH,Uttar Pradesh,27.570465,78.652947,locality_curated
KOMURAVELLY,BHONGIR,Telangana,17.484142,78.872896,locality_curated
prakhand ramnagar,VALMIKI NAGAR,Bihar,27.089851,84.32025,locality_curated
KISHTAMPET,BHONGIR,Telangana,17.518873,78.858169,locality_curated
shitalpur,ETAH,Uttar Pradesh,27.558573,78.638333,locality_curated
GOURAYAPALLY,BHONGIR,Telangana,17.49682,78.86897,locality_curated
INAPUR,BHONGIR,Telangana,17.528188,78.891974,locality_curated
GURUVANNAPET,BHONGIR,Telangana,17.488092,78.886337,locality_curated
MARRIMUSTHIAYALA,BHONGIR,Telangana,17.532892,78.874565,locality_curated
CHITYAL,BHONGIR,Telangana,17.487339,78.868192,locality_curated
NAGAPURI,BHONGIR,Telangana,17.513607,78.907509,locality_curated
KADAVERGU,BHONGIR,Telangana,17.480699,78.882275,locality_curated
MUSTHIYALA,BHONGIR,Telangana,17.501868,78.856564,locality_curated
prakhand ramanagar,VALMIKI NAGAR,Bihar,27.095121,84.277895,locality_curated
mainadher,ETAH,Uttar Pradesh,27.574343,78.645373,locality_curated
prakhand gaunaha,VALMIKI NAGAR,Bihar,27.098942,84.325339,locality_curated
MADDUR,BHONGIR,Telangana,17.533858,78.887008,locality_curated
wajidpur,ETAH,Uttar Pradesh,27.558215,78.685427,locality_curated
LADUNOOR,BHONGIR,Telangana,17.518649,78.873572,locality_curated
pahrai,ETAH,Uttar Pradesh,27.539655,78.653877,locality_curated
GAGILLAPOOR,BHONGIR,Telangana,17.514296,78.861401,locality_curated
MARMAMULA,BHONGIR,Telangana,17.53542,78.884768,locality_curated
NARSAIPALLY,BHONGIR,Telangana,17.479492,78.885442,locality_curated
gram,ETAH,Uttar Pradesh,27.540052,78.66124,locality_curated
REBARTHI,BHONGIR,Telangana,17.478739,78.876622,locality_curated
DHOOLMITTA,BHONGIR,Telangana,17.522195,78.884042,locality_curated
BEKKAL,BHONGIR,Telangana,17.528066,78.883654,locality_curated
Kansuri,ETAH,Uttar Pradesh,27.541725,78.638659,locality_curated
KONDAPOOR,BHONGIR,Telangana,17.515098,78.897055,locality_curated
prakhand sikta,VALMIKI NAGAR,Bihar,27.089567,84.32072,locality_curated
THORNALA,BHONGIR,Telangana,17.524273,78.87498,locality_curated
LINGAPOOR,BHONGIR,Telangana,17.523176,78.863871,locality_curated
arthara,ETAH,Uttar Pradesh,27.576326,78.644066,locality_curated
THARIGOPPULA,BHONGIR,Telangana,17.52629,78.884914,locality_curated
ANKUSHAPURAM,BHONGIR,Telangana,17.496719,78.896772,locality_curated
Milawali,ETAH,Uttar Pradesh,27.557731,78.64406,locality_curated
SOLIPURAM,BHONGIR,Telangana,17.536713,78.887428,locality_curated
POTHARAM,BHONGIR,Telangana,17.527225,78.908163,locality_curated
bagwala,ETAH,Uttar Pradesh,27.544272,78.645946,locality_curated
NARSAPUR,BHONGIR,Telangana,17.494151,78.854607,locality_curated
ABDULNAGARAM,BHONGIR,Telangana,17.517365,78.89677,locality_curated
prakhand mainatar,VALMIKI NAGAR,Bihar,27.091876,84.280807,locality_curated
Jirsami,ETAH,Uttar Pradesh,27.526829,78.65554,locality_curated
ALEEMPUR,BHONGIR,Telangana,17.507169,78.901651,locality_curated
POCHANNAPET,BHONGIR,Telangana,17.526664,78.864463,locality_curated
kathauli,ETAH,Uttar Pradesh,27.545602,78.645392,locality_curated
KODAVATOOR,BHONGIR,Telangana,17.53176,78.889779,locality_curated
KATKOOR,BHONGIR,Telangana,17.47898,78.888236,locality_curated
LINGAMPALLY,BHONGIR,Telangana,17.501029,78.853279,locality_curated
DUBBAGUNTAPALLY,BHONGIR,Telangana,17.49861,78.914026,locality_curated
PEDDAPAHAD,BHONGIR,Telangana,17.540032,78.882153,locality_curated
PEDDARAMANCHERLA,BHONGIR,Telangana,17.508081,78.901899,locality_curated
parkhand mainatand,VALMIKI NAGAR,Bihar,27.06387,84.295387,locality_curated
MARIGADI,BHONGIR,Telangana,17.537493,78.879593,locality_curated
YELLAMLA,BHONGIR,Telangana,17.50738,78.86351,locality_curated
YERRAGOLLAPAHAD,BHONGIR,Telangana,17.517822,78.855522,locality_curated
VENKIRYALA,BHONGIR,Telangana,17.519089,78.89458,locality_curated
PASARMADLA,BHONGIR,Telangana,17.519916,78.907413,locality_curated
Danti,SABARKANTHA,Gujarat,23.601601,73.016622,locality_curated
ADAVIKESHVAPUR,BHONGIR,Telangana,17.530029,78.877724,locality_curated
NARMETTA,BHONGIR,Telangana,17.491897,78.879875,locality_curated
VELDANDA,BHONGIR,Telangana,17.524904,78.859914,locality_curated
AMMAPUR,BHONGIR,Telangana,17.480531,78.869526,locality_curated
HANMANTHAPUR,BHONGIR,Telangana,17.503336,78.902914,locality_curated
BOMMAKUR,BHONGIR,Telangana,17.527961,78.869158,locality_curated
Antargart Dubanochi,KISHANGANJ,Bihar,26.066463,87.933607,locality_curated
Antargart Burhnai,KISHANGANJ,Bihar,26.084098,87.929268,locality_curated
Antargart Sitalpur,KISHANGANJ,Bihar,26.125802,87.938841,locality_curated
Antargart Udgara,KISHANGANJ,Bihar,26.072274,87.938153,locality_curated
Antargart Parlabari,KISHANGANJ,Bihar,26.113925,87.940348,locality_curated
Mothihara Taluka,KISHANGANJ,Bihar,26.114631,87.943658,locality_curated
Antargart Halamala,KISHANGANJ,Bihar,26.089745,87.912064,locality_curated
KAMALAYAPALLY,BHONGIR,Telangana,17.482626,78.873349,locality_curated
AAGAPETA,BHONGIR,Telangana,17.491432,78.896944,locality_curated
KANNEBOINAGUDEM,BHONGIR,Telangana,17.523103,78.890024,locality_curated
CHUNCHANKOTA,BHONGIR,Telangana,17.519451,78.912668,locality_curated
SRP,CUDDALORE,Tamil Nadu,11.726932,79.772151,locality_curated
Antargart Pichhla,KISHANGANJ,Bihar,26.071179,87.927112,locality_curated
Perumanlanickenpalayam,CUDDALORE,Tamil Nadu,11.750633,79.790536,locality_curated
Antargart Teosa,KISHANGANJ,Bihar,26.103702,87.954274,locality_curated
village Paithambadi,CUDDALORE,Tamil Nadu,11.766061,79.780799,locality_curated
Antargart Daula,KISHANGANJ,Bihar,26.08556,87.920653,locality_curated
Antargart Chakla,KISHANGANJ,Bihar,26.086882,87.955053,locality_curated
RENIKUNTA,BHONGIR,Telangana,17.495982,78.897601,locality_curated
PARUPALLY,BHONGIR,Telangana,17.496348,78.857881,locality_curated
NARSAPURAM,BHONGIR,Telangana,17.507404,78.867772,locality_curated
NEMILA,BHONGIR,Telangana,17.495046,78.875034,locality_curated
BASANTHAPURAM,BHONGIR,Telangana,17.529595,78.90521,locality_curated
PEDDATHANDA,BHONGIR,Telangana,17.494736,78.8833,locality_curated
TIRUMALAGIRI,BHONGIR,Telangana,17.509329,78.902182,locality_curated
LAXMITHANDA,BHONGIR,Telangana,17.494277,78.871053,locality_curated
PYARARAM,BHONGIR,Telangana,17.538156,78.877854,locality_curated
PARVATHAPURAM,BHONGIR,Telangana,17.511383,78.903319,locality_curated
NAGINENIPALLY,BHONGIR,Telangana,17.487708,78.876148,locality_curated
KALI,JADAVPUR,West Bengal,22.477819,88.374918,locality_curated
TARA MAA,JADAVPUR,West Bengal,22.470198,88.364227,locality_curated
SHITALA,JADAVPUR,West Bengal,22.524073,88.388918,locality_curated
KALATIPPI,BAGALKOT,Karnataka,16.198672,75.688537,locality_curated
HANAGANDI,BAGALKOT,Karnataka,16.194482,75.707782,locality_curated
MADANAMATTI,BAGALKOT,Karnataka,16.176292,75.717894,locality_curated
YALLATTI,BAGALKOT,Karnataka,16.193804,75.68212,locality_curated
Bhawan,BIKANER(SC),Rajasthan,28.011761,73.340243,locality_curated
Vivekananda Nagar,MALKAJGIRI,Telangana,17.435613,78.54593,locality_curated
Satya Narayana Swamy,NIZAMABAD,Telangana,18.64951,78.08795,locality_curated
Akshra,NIZAMABAD,Telangana,18.69326,78.095532,locality_curated
Mahalaxmamma,NIZAMABAD,Telangana,18.685343,78.100908,locality_curated
Ramalayam,NIZAMABAD,Telangana,18.658494,78.106852,locality_curated
Molhoi,OUTER MANIPUR(ST),Manipur,24.992345,94.175469,locality_curated
Sangaikot,OUTER MANIPUR(ST),Manipur,24.985746,94.216866,locality_curated
Koite,OUTER MANIPUR(ST),Manipur,24.990985,94.212283,locality_curated
M Songgel,OUTER MANIPUR(ST),Manipur,25.007157,94.177067,locality_curated
Teiseng,OUTER MANIPUR(ST),Manipur,25.019426,94.210921,locality_curated
Saikul,OUTER MANIPUR(ST),Manipur,25.009274,94.215756,locality_curated
Thingkangphai,OUTER MANIPUR(ST),Manipur,25.000641,94.179734,locality_curated
Sewara,BAHRAICH(SC),Uttar Pradesh,27.555151,81.588051,locality_curated
BaBhaniyawan,BAHRAICH(SC),Uttar Pradesh,27.598286,81.601413,locality_curated
janijot,BAHRAICH(SC),Uttar Pradesh,27.566658,81.583066,locality_curated
GADDANAKERI,BAGALKOT,Karnataka,16.188049,75.684465,locality_curated
CHIKKALAGUNDI,BAGALKOT,Karnataka,16.164187,75.68761,locality_curated
SIDDAPUR,BAGALKOT,Karnataka,16.172218,75.71124,locality_curated
SONNA,BAGALKOT,Karnataka,16.199692,75.68368,locality_curated
NEERABUDIHAL,BAGALKOT,Karnataka,16.196695,75.71825,locality_curated
YANDIGERI,BAGALKOT,Karnataka,16.163528,75.683539,locality_curated
GANGANABUDIHAL,BAGALKOT,Karnataka,16.194524,75.672713,locality_curated
JALIHAL,BAGALKOT,Karnataka,16.194198,75.707551,locality_curated
PADANAKATTI,BAGALKOT,Karnataka,16.17128,75.720946,locality_curated
SHIROL,BAGALKOT,Karnataka,16.187878,75.714425,locality_curated
KULALI,BAGALKOT,Karnataka,16.184743,75.678777,locality_curated
DHARMANAGAR,BAGALKOT,Karnataka,16.201591,75.67272,locality_curated
Katosan,MAHESANA,Gujarat,23.628748,72.378289,locality_curated
BADAWADAGI,BAGALKOT,Karnataka,16.203153,75.679739,locality_curated
INAM,BAGALKOT,Karnataka,16.164423,75.691654,locality_curated
NAGAR,BAGALKOT,Karnataka,16.200849,75.702637,locality_curated
BUDNI,BAGALKOT,Karnataka,16.196457,75.684002,locality_curated
KANNOLLI,BAGALKOT,Karnataka,16.197052,75.697553,locality_curated
TOLAMATTI,BAGALKOT,Karnataka,16.197262,75.693153,locality_curated
Gorkhi,BHAVNAGAR,Gujarat,21.743344,72.172411,locality_curated
Pratapara,BHAVNAGAR,Gujarat,21.738653,72.149465,locality_curated
Devli,BHAVNAGAR,Gujarat,21.737867,72.136004,locality_curated
KOHKA,RAIPUR,Chhattisgarh,21.252852,81.599869,locality_curated
DHARSIVA,RAIPUR,Chhattisgarh,21.23624,81.641418,locality_curated
TUTA,RAIPUR,Chhattisgarh,21.226805,81.6296,locality_curated
BANSANKARA,RAIPUR,Chhattisgarh,21.244243,81.651901,locality_curated
DAMAKHEDA,RAIPUR,Chhattisgarh,21.243666,81.652399,locality_curated
Thakurganj Nagar,KISHANGANJ,Bihar,26.104659,87.962716,locality_curated
Antargart Bholmara,KISHANGANJ,Bihar,26.112077,87.923307,locality_curated
Bhog Dabar,KISHANGANJ,Bihar,26.08278,87.925784,locality_curated
Antargart Mangra,KISHANGANJ,Bihar,26.112076,87.919407,locality_curated
Antargart Singhimari,KISHANGANJ,Bihar,26.095161,87.966768,locality_curated
Antargart Sontha,KISHANGANJ,Bihar,26.125118,87.942267,locality_curated
Antargart Bualdah,KISHANGANJ,Bihar,26.088329,87.97188,locality_curated
Antargart Bagalbari,KISHANGANJ,Bihar,26.100926,87.95794,locality_curated
Antargart Balia,KISHANGANJ,Bihar,26.074276,87.921101,locality_curated
Antargart Kochadhaman,KISHANGANJ,Bihar,26.080417,87.957968,locality_curated
Brahaman Dharamshala Indira,ROHTAK,Haryana,28.897272,76.577653,locality_curated
nighauli,ETAH,Uttar Pradesh,27.539467,78.637821,locality_curated
naghirpur,ETAH,Uttar Pradesh,27.577667,78.673583,locality_curated
BUZURG ME,KUSHI NAGAR,Uttar Pradesh,,,locality_curated
bharthara,ETAH,Uttar Pradesh,27.531919,78.660921,locality_curated
SINGHAURA,KHAJURAHO,Madhya Pradesh,24.846614,79.905381,locality_curated
WITHIN RISHRA,SREERAMPUR,West Bengal,22.687426,88.827988,locality_curated
PASCHIMPARA IN PIYARAPUR,SREERAMPUR,West Bengal,22.692784,88.806723,locality_curated
KANAIPUR GRAM,SREERAMPUR,West Bengal,22.695495,88.806333,locality_curated
Shiv,KURUKSHETRA,Haryana,29.972485,76.911086,locality_curated
Guru Kunta,KADAPA,Andhra Pradesh,14.480157,78.807237,locality_curated
Gram Baniyatola,RAJNANDGAON,Chhattisgarh,21.098434,80.99785,locality_curated
Gram Dumardeeh,RAJNANDGAON,Chhattisgarh,21.117983,81.053258,locality_curated
Mulanur town,ERODE,Tamil Nadu,11.353219,77.732052,locality_curated
Mangalapatti,ERODE,Tamil Nadu,11.352874,77.735849,locality_curated
Velampalayam,ERODE,Tamil Nadu,11.316204,77.706465,locality_curated
velampalayam,ERODE,Tamil Nadu,11.350318,77.729364,locality_curated
muttur town,ERODE,Tamil Nadu,11.354217,77.725624,locality_curated
rahamatpur,MURSHIDABAD,West Bengal,24.195218,88.286751,locality_curated
Dewanpara,MURSHIDABAD,West Bengal,24.153949,88.265147,locality_curated
Boushmari,MURSHIDABAD,West Bengal,24.204527,88.250059,locality_curated
Kadampara of Gram,KORBA,Chhattisgarh,22.347109,82.741399,locality_curated
Dharaspara inGram,KORBA,Chhattisgarh,22.383064,82.747422,locality_curated
Chhindpara in Gram,KORBA,Chhattisgarh,22.379908,82.762332,locality_curated
Bastipara in Gram,KORBA,Chhattisgarh,22.352837,82.73465,locality_curated
Payoor,CHIKBALLAPUR,Karnataka,13.433718,77.756463,locality_curated
Durga,MADHUBANI,Bihar,26.361755,86.05308,locality_curated
Pathra Patti Mahadev,MADHUBANI,Bihar,26.355452,86.054288,locality_curated
Chitragupta,MADHUBANI,Bihar,26.377703,86.079105,locality_curated
Wall,SHIMLA (SC),Himachal Pradesh,31.087179,77.144009,locality_curated
Khirma Mahavir,MADHUBANI,Bihar,26.342085,86.092317,locality_curated
Khirma Bazaar High,MADHUBANI,Bihar,26.376857,86.089924,locality_curated
Kurubarahalli,KOLAR(SC),Karnataka,13.139202,78.115158,locality_curated
Ammanallur,KOLAR(SC),Karnataka,13.150835,78.132917,locality_curated
Ramapura,KOLAR(SC),Karnataka,13.154545,78.146547,locality_curated
Mangasandra,KOLAR(SC),Karnataka,13.126356,78.15661,locality_curated
Chanjimale,KOLAR(SC),Karnataka,13.129123,78.147796,locality_curated
Kolathammanahalli,KOLAR(SC),Karnataka,13.124529,78.118025,locality_curated
Ammerahalli,KOLAR(SC),Karnataka,13.11654,78.114881,locality_curated
Begli Hosahalli,KOLAR(SC),Karnataka,13.123027,78.137405,locality_curated
Singondahalli,KOLAR(SC),Karnataka,13.125975,78.145875,locality_curated
Bellavi,KOLAR(SC),Karnataka,13.124916,78.118018,locality_curated
Bitnahalli,KOLAR(SC),Karnataka,13.155739,78.117697,locality_curated
Sorakayalahalli,KOLAR(SC),Karnataka,13.129767,78.151721,locality_curated
Panamakanahalli,KOLAR(SC),Karnataka,13.147368,78.109972,locality_curated
Ballahalli,KOLAR(SC),Karnataka,13.132965,78.111726,locality_curated
Kodur,KOLAR(SC),Karnataka,13.162449,78.137704,locality_curated
Devarahalli,KOLAR(SC),Karnataka,13.163641,78.130391,locality_curated
Chickamale,KOLAR(SC),Karnataka,13.148181,78.105876,locality_curated
Chavaramangala,KOLAR(SC),Karnataka,13.153373,78.10814,locality_curated
Guru Nanak,LUDHIANA,Punjab,30.904988,75.827953,locality_curated
Dalatola,BHUBANESWAR,Odisha,20.275073,85.847716,locality_curated
Siko,BHUBANESWAR,Odisha,20.293049,85.842946,locality_curated
janpad,MANDLA(ST),Madhya Pradesh,22.582323,80.374675,locality_curated
kasaisodha,MANDLA(ST),Madhya Pradesh,22.594314,80.347275,locality_curated
Lasariya,AJMER,Rajasthan,26.469577,74.647467,locality_curated
Juma,KANNUR,Kerala,11.882451,75.385681,locality_curated
Cambellabad,THOOTHUKKUDI,Tamil Nadu,8.737519,78.090536,locality_curated
MALDI,RAIPUR,Chhattisgarh,21.267796,81.627751,locality_curated
KOTMI,RAIPUR,Chhattisgarh,21.245663,81.644836,locality_curated
DONGARIYA,RAIPUR,Chhattisgarh,21.274434,81.649614,locality_curated
Parigi,HINDUPUR,Andhra Pradesh,13.805309,77.487905,locality_curated
nandarkha game,BHARUCH,Gujarat,21.705342,73.01937,locality_curated
ghar thi,BHARUCH,Gujarat,21.724512,73.020091,locality_curated
Village Thattampalayam,CUDDALORE,Tamil Nadu,11.741541,79.791703,locality_curated
Ramrechi,JUNAGADH,Gujarat,21.525723,70.430952,locality_curated
Kadavur,KARUR,Tamil Nadu,10.981059,78.07245,locality_curated
Sembianatham,KARUR,Tamil Nadu,10.989156,78.083433,locality_curated
Karudaiyam Palayam,KARUR,Tamil Nadu,10.976304,78.099317,locality_curated
Parangichikkanapalya,BANGALORE RURAL,Karnataka,13.136102,77.417009,locality_curated
Sarwati Vidhya,SHIMLA (SC),Himachal Pradesh,31.119561,77.205823,locality_curated
Naalu cent,ALATHUR(SC),Kerala,10.561915,76.545786,locality_curated
Chengicherla,MALKAJGIRI,Telangana,17.474919,78.542423,locality_curated
land,BEED,Maharashtra,18.993887,75.889222,locality_curated
Yatakallu,ANANTAPUR,Andhra Pradesh,14.653207,77.613191,locality_curated
Kothapalli,ANANTAPUR,Andhra Pradesh,14.657042,77.583912,locality_curated
Cherlopalli,ANANTAPUR,Andhra Pradesh,14.6719,77.582695,locality_curated
Appajipeta,ANANTAPUR,Andhra Pradesh,14.70514,77.601019,locality_curated
Madugupalli,ANANTAPUR,Andhra Pradesh,14.702064,77.583721,locality_curated
Chennampalli,ANANTAPUR,Andhra Pradesh,14.68911,77.62354,locality_curated
Nava,SABARKANTHA,Gujarat,23.60308,73.014561,locality_curated
Ruppura,SABARKANTHA,Gujarat,23.57206,72.995171,locality_curated
Dalpur,SABARKANTHA,Gujarat,23.617366,73.008437,locality_curated
Surajpur,SABARKANTHA,Gujarat,23.59465,73.033112,locality_curated
Vajapur,SABARKANTHA,Gujarat,23.611803,72.972379,locality_curated
Surpur,SABARKANTHA,Gujarat,23.585774,73.000542,locality_curated
Amodara,SABARKANTHA,Gujarat,23.583806,73.005742,locality_curated
Guru Gadi Hanumanji,SABARKANTHA,Gujarat,23.58827,72.981719,locality_curated
Arvind,NAGPUR,Maharashtra,21.154189,79.114321,locality_curated
Lakhanadon antargat,MANDLA(ST),Madhya Pradesh,22.573443,80.390944,locality_curated
sarastal,MANDLA(ST),Madhya Pradesh,22.588725,80.35512,locality_curated
EMS,ALATHUR(SC),Kerala,10.593179,76.5348,locality_curated
Guttapadu,NANDYAL,Andhra Pradesh,15.448198,78.487573,locality_curated
Uddharanpur,BOLPUR(SC),West Bengal,23.644951,87.691193,locality_curated
Midithur,NANDYAL,Andhra Pradesh,15.490699,78.492821,locality_curated
Salempur,AKBARPUR,Uttar Pradesh,26.448446,82.515162,locality_curated
suvanshikhera,AKBARPUR,Uttar Pradesh,26.412101,82.553424,locality_curated
Karbigaon,AKBARPUR,Uttar Pradesh,26.431523,82.505005,locality_curated
gangaganj,AKBARPUR,Uttar Pradesh,26.40032,82.539008,locality_curated
tilsahri,AKBARPUR,Uttar Pradesh,26.418438,82.50199,locality_curated
rahnas,AKBARPUR,Uttar Pradesh,26.431016,82.554264,locality_curated
Kharauti,AKBARPUR,Uttar Pradesh,26.410328,82.510298,locality_curated
Bipausi,AKBARPUR,Uttar Pradesh,26.404234,82.523862,locality_curated
bagaha,AKBARPUR,Uttar Pradesh,26.426013,82.507644,locality_curated
nagapur,AKBARPUR,Uttar Pradesh,26.426154,82.55261,locality_curated
sarsaul,AKBARPUR,Uttar Pradesh,26.428,82.565495,locality_curated
tikarkanh,AKBARPUR,Uttar Pradesh,26.409509,82.51744,locality_curated
panauri,AKBARPUR,Uttar Pradesh,26.43299,82.553796,locality_curated
nasara,AKBARPUR,Uttar Pradesh,26.450911,82.527093,locality_curated
narwal,AKBARPUR,Uttar Pradesh,26.451232,82.556359,locality_curated
Akhari,AKBARPUR,Uttar Pradesh,26.445173,82.51448,locality_curated
Pauhar,AKBARPUR,Uttar Pradesh,26.425156,82.502784,locality_curated
Shishupur,AKBARPUR,Uttar Pradesh,26.453316,82.522148,locality_curated
karbigawansadh,AKBARPUR,Uttar Pradesh,26.424273,82.549692,locality_curated
Therpah,AKBARPUR,Uttar Pradesh,26.428,82.505837,locality_curated
Domanpur,AKBARPUR,Uttar Pradesh,26.420574,82.511398,locality_curated
Maholi,AKBARPUR,Uttar Pradesh,26.409875,82.511295,locality_curated
sikathiya,AKBARPUR,Uttar Pradesh,26.424278,82.56685,locality_curated
Purwamir,AKBARPUR,Uttar Pradesh,26.44966,82.516685,locality_curated
sundhaila,AKBARPUR,Uttar Pradesh,26.425892,82.552172,locality_curated
mavaiya,AKBARPUR,Uttar Pradesh,26.435035,82.515354,locality_curated
Subhauli,AKBARPUR,Uttar Pradesh,26.444126,82.533,locality_curated
Undi,JALORE,Rajasthan,25.351409,72.637117,locality_curated
Bhavanri,JALORE,Rajasthan,25.351219,72.585426,locality_curated
VELUGUPALLY,BHONGIR,Telangana,17.502612,78.913331,locality_curated
KOTHAGUDEM,BHONGIR,Telangana,17.52208,78.900626,locality_curated
ANNARAM,BHONGIR,Telangana,17.533408,78.902123,locality_curated
GUMMADAVALLY,BHONGIR,Telangana,17.486576,78.864514,locality_curated
KUKKADAM,BHONGIR,Telangana,17.51809,78.901064,locality_curated
NUTHANAKAL,BHONGIR,Telangana,17.514432,78.855025,locality_curated
YERRAPAHAD,BHONGIR,Telangana,17.482857,78.895365,locality_curated
MIRYALA,BHONGIR,Telangana,17.497428,78.873729,locality_curated
KOMMALA,BHONGIR,Telangana,17.532091,78.891269,locality_curated
JAJIREDDYGUDEM,BHONGIR,Telangana,17.504777,78.866801,locality_curated
PASNOOR,BHONGIR,Telangana,17.489049,78.88768,locality_curated
VARDHAMANKOTA,BHONGIR,Telangana,17.503418,78.857243,locality_curated
GUNDEPURI,BHONGIR,Telangana,17.532246,78.881574,locality_curated
MAMIDIYALA,BHONGIR,Telangana,17.515827,78.905005,locality_curated
REDDYGUDEM,BHONGIR,Telangana,17.511167,78.858685,locality_curated
RAMANNAGUDEM,BHONGIR,Telangana,17.524264,78.884155,locality_curated
Birhor,KORBA,Chhattisgarh,22.346922,82.761923,locality_curated
Ground,FARIDKOT(SC),Punjab,30.691495,74.732162,locality_curated
Shaheed Parminder Singh,FARIDKOT(SC),Punjab,30.653285,74.736975,locality_curated
Angora,BOLPUR(SC),West Bengal,23.654281,87.697831,locality_curated
SAKULIPUR,BOLPUR(SC),West Bengal,23.650759,87.700846,locality_curated
PAPURI,BOLPUR(SC),West Bengal,23.685401,87.710874,locality_curated
EO Nanoor,BOLPUR(SC),West Bengal,23.680589,87.713193,locality_curated
Palsa,BOLPUR(SC),West Bengal,23.695427,87.69943,locality_curated
Thadangam panchayat Thokkampatty,DHARAMAPURI,Tamil Nadu,,,locality_curated
Panjapalli panchayat Oddarthinnai,DHARAMAPURI,Tamil Nadu,,,locality_curated
Beeravolu,NANDYAL,Andhra Pradesh,15.464303,78.463281,locality_curated
Pusulur,NANDYAL,Andhra Pradesh,15.486998,78.469197,locality_curated
place,ALWAR,Rajasthan,27.560402,76.613222,locality_curated
Pokhriabong II,DARJEELING,West Bengal,27.016243,88.251881,locality_curated
Ramner,AJMER,Rajasthan,26.452423,74.62211,locality_curated
Thudicherla,NANDYAL,Andhra Pradesh,15.498849,78.481492,locality_curated
Vanala,NANDYAL,Andhra Pradesh,15.448445,78.480962,locality_curated
Bhaskarapuram,NANDYAL,Andhra Pradesh,15.479114,78.514264,locality_curated
Kadumur,NANDYAL,Andhra Pradesh,15.470914,78.496463,locality_curated
Masapeta,NANDYAL,Andhra Pradesh,15.509209,78.4781,locality_curated
antargat bajitpur,DARBHANGA,Bihar,26.16854,85.879318,locality_curated
antargat darhar,DARBHANGA,Bihar,26.140117,85.866691,locality_curated
antargat kharajpur,DARBHANGA,Bihar,26.139332,85.879765,locality_curated
biuni andama,DARBHANGA,Bihar,26.167514,85.887826,locality_curated
antargat rambhadrapur,DARBHANGA,Bihar,26.146371,85.905759,locality_curated
antargat kusothar,DARBHANGA,Bihar,26.177608,85.898788,locality_curated
antargat pirari,DARBHANGA,Bihar,26.176216,85.910283,locality_curated
antargat haripatti,DARBHANGA,Bihar,26.151312,85.908352,locality_curated
antargat ughara,DARBHANGA,Bihar,26.144984,85.910322,locality_curated
ughara mahapara,DARBHANGA,Bihar,26.126921,85.883086,locality_curated
antargat ojhaul,DARBHANGA,Bihar,26.135487,85.892893,locality_curated
antargat jalawar,DARBHANGA,Bihar,26.16468,85.865577,locality_curated
tikapatti dekuli,DARBHANGA,Bihar,26.16859,85.90388,locality_curated
antargat khaira,DARBHANGA,Bihar,26.170737,85.908388,locality_curated
antargat basatpur,DARBHANGA,Bihar,26.138465,85.90933,locality_curated
Prathakota,NANDYAL,Andhra Pradesh,15.450036,78.489461,locality_curated
antargat baruara,DARBHANGA,Bihar,26.131073,85.880329,locality_curated
raghopur paschmi,DARBHANGA,Bihar,26.180861,85.899206,locality_curated
Pulakeshi,BANGALORE NORTH,Karnataka,13.021736,77.623043,locality_curated
sarasdoli,MANDLA(ST),Madhya Pradesh,22.596627,80.346891,locality_curated
Mehandwani,MANDLA(ST),Madhya Pradesh,22.610624,80.402826,locality_curated
sarsi,MANDLA(ST),Madhya Pradesh,22.613361,80.399765,locality_curated
Manjhipur,MANDLA(ST),Madhya Pradesh,22.616143,80.360425,locality_curated
Kanala,NANDYAL,Andhra Pradesh,15.492725,78.482932,locality_curated
Krishnapuram,NANDYAL,Andhra Pradesh,15.501734,78.4915,locality_curated
Gummadapuram,NANDYAL,Andhra Pradesh,15.460815,78.470778,locality_curated
Sartanpar,RAJKOT,Gujarat,22.305056,70.820073,locality_curated
Ardoi,RAJKOT,Gujarat,22.288889,70.798454,locality_curated
Nava Rajpipla,RAJKOT,Gujarat,22.288356,70.785399,locality_curated
Naseetpar,RAJKOT,Gujarat,22.299611,70.780388,locality_curated
Harbatiyali,RAJKOT,Gujarat,22.284714,70.801838,locality_curated
Khareda,RAJKOT,Gujarat,22.315167,70.813556,locality_curated
Tola,BANDA,Uttar Pradesh,25.504648,80.349119,locality_curated
Gujeni,BANDA,Uttar Pradesh,25.46339,80.323664,locality_curated
Samsuddeenpur,BANDA,Uttar Pradesh,25.465289,80.345737,locality_curated
Bagehata,BANDA,Uttar Pradesh,25.472609,80.306221,locality_curated
Tarayan,BANDA,Uttar Pradesh,25.491627,80.311607,locality_curated
Augasi,BANDA,Uttar Pradesh,25.48835,80.355414,locality_curated
Korra,BANDA,Uttar Pradesh,25.504773,80.342218,locality_curated
Umarahanee,BANDA,Uttar Pradesh,25.496126,80.333797,locality_curated
Bchhaundha,BANDA,Uttar Pradesh,25.487427,80.349383,locality_curated
Kayal,BANDA,Uttar Pradesh,25.461454,80.327841,locality_curated
Bena,BANDA,Uttar Pradesh,25.481049,80.313375,locality_curated
Shiv,BANDA,Uttar Pradesh,25.461893,80.342534,locality_curated
Korram,BANDA,Uttar Pradesh,25.458523,80.323178,locality_curated
Kairee,BANDA,Uttar Pradesh,25.494045,80.333592,locality_curated
Bachhaundha,BANDA,Uttar Pradesh,25.466179,80.308928,locality_curated
Rasoolpur,BANDA,Uttar Pradesh,25.452668,80.339838,locality_curated
Byonja,BANDA,Uttar Pradesh,25.451008,80.336826,locality_curated
Konee,BANDA,Uttar Pradesh,25.465699,80.325156,locality_curated
Majheevan,BANDA,Uttar Pradesh,25.482593,80.311863,locality_curated
Miyan,BANDA,Uttar Pradesh,25.48908,80.34974,locality_curated
Tilausa,BANDA,Uttar Pradesh,25.465471,80.321799,locality_curated
Muraval,BANDA,Uttar Pradesh,25.482717,80.295602,locality_curated
Banbaraulee,BANDA,Uttar Pradesh,25.463789,80.306169,locality_curated
Dhundhui,BANDA,Uttar Pradesh,25.501969,80.32256,locality_curated
Marka,BANDA,Uttar Pradesh,25.448602,80.331823,locality_curated
Kathar,BANDA,Uttar Pradesh,25.490008,80.314741,locality_curated
Achhah,BANDA,Uttar Pradesh,25.487935,80.34725,locality_curated
Bhanti,BANDA,Uttar Pradesh,25.476027,80.345349,locality_curated
Anathuva,BANDA,Uttar Pradesh,25.457007,80.334951,locality_curated
Malehara,BANDA,Uttar Pradesh,25.496872,80.328365,locality_curated
Para,BANDA,Uttar Pradesh,25.498199,80.305104,locality_curated
Padui,BANDA,Uttar Pradesh,25.463021,80.333656,locality_curated
Madhavpur,BANDA,Uttar Pradesh,25.473566,80.314715,locality_curated
Jarar,BANDA,Uttar Pradesh,25.501716,80.317209,locality_curated
Bachhehi,BANDA,Uttar Pradesh,25.507186,80.337508,locality_curated
Paigambarpur,BANDA,Uttar Pradesh,25.504894,80.328072,locality_curated
Chausad,BANDA,Uttar Pradesh,25.494766,80.34278,locality_curated
Tendura,BANDA,Uttar Pradesh,25.507419,80.318341,locality_curated
Belganv,BANDA,Uttar Pradesh,25.4652,80.303764,locality_curated
Bharkhari,BANDA,Uttar Pradesh,25.480736,80.345547,locality_curated
Atarra,BANDA,Uttar Pradesh,25.50016,80.336828,locality_curated
Palhari,BANDA,Uttar Pradesh,25.486156,80.345316,locality_curated
Pithaurabad,BANDA,Uttar Pradesh,25.502538,80.345601,locality_curated
Saunta,BANDA,Uttar Pradesh,25.505281,80.331468,locality_curated
Ckausand,BANDA,Uttar Pradesh,25.456883,80.307739,locality_curated
Dorai,BANDA,Uttar Pradesh,25.468284,80.354408,locality_curated
Karatal,BANDA,Uttar Pradesh,25.458639,80.31404,locality_curated
Khalari,BANDA,Uttar Pradesh,25.489082,80.353701,locality_curated
Gadha,BANDA,Uttar Pradesh,25.503285,80.326375,locality_curated
Gudhakala,BANDA,Uttar Pradesh,25.504343,80.349592,locality_curated
Naraini,BANDA,Uttar Pradesh,25.499814,80.347774,locality_curated
Ranjeetpur,BANDA,Uttar Pradesh,25.508281,80.334403,locality_curated
Tarahati,BANDA,Uttar Pradesh,25.491441,80.308048,locality_curated
Bahadurpur,BANDA,Uttar Pradesh,25.481836,80.310646,locality_curated
Bharatpur,BANDA,Uttar Pradesh,25.497925,80.343393,locality_curated
Pangara,BANDA,Uttar Pradesh,25.491601,80.309434,locality_curated
Dadhavamanpur,BANDA,Uttar Pradesh,25.454636,80.309587,locality_curated
Bansi,BANDA,Uttar Pradesh,25.488741,80.306035,locality_curated
Patari,BANDA,Uttar Pradesh,25.506073,80.333036,locality_curated
Kusama,BANDA,Uttar Pradesh,25.480319,80.309744,locality_curated
Nandan,BANDA,Uttar Pradesh,25.452679,80.332116,locality_curated
Oran,BANDA,Uttar Pradesh,25.467622,80.316759,locality_curated
Bhadawal,BANDA,Uttar Pradesh,25.467132,80.324812,locality_curated
Singhpur,BANDA,Uttar Pradesh,25.499614,80.343055,locality_curated
Punahur,BANDA,Uttar Pradesh,25.490471,80.340083,locality_curated
Utarawan,BANDA,Uttar Pradesh,25.476427,80.358165,locality_curated
Bhavai,BANDA,Uttar Pradesh,25.495611,80.302325,locality_curated
Motiyari,BANDA,Uttar Pradesh,25.510466,80.33236,locality_curated
Pukari,BANDA,Uttar Pradesh,25.490002,80.297823,locality_curated
Gorepurawa,BANDA,Uttar Pradesh,25.461255,80.344539,locality_curated
Nandwara,BANDA,Uttar Pradesh,25.474269,80.347443,locality_curated
Jabrapur,BANDA,Uttar Pradesh,25.451892,80.338343,locality_curated
Barchha,BANDA,Uttar Pradesh,25.461798,80.341176,locality_curated
Masauni,BANDA,Uttar Pradesh,25.460369,80.355916,locality_curated
Khanpur,BANDA,Uttar Pradesh,25.461238,80.354769,locality_curated
Kheriya,BANDA,Uttar Pradesh,25.473593,80.30525,locality_curated
Tarsuma,BANDA,Uttar Pradesh,25.467615,80.299185,locality_curated
Bhusasi,BANDA,Uttar Pradesh,25.5044,80.330944,locality_curated
Shahpur,BANDA,Uttar Pradesh,25.485037,80.344534,locality_curated
Bhangura,BASTI,Uttar Pradesh,26.791479,82.713483,locality_curated
Baraukhar,BASTI,Uttar Pradesh,26.772999,82.72524,locality_curated
Bharwalia,BASTI,Uttar Pradesh,26.786114,82.730207,locality_curated
Pokharhawa,BASTI,Uttar Pradesh,26.793519,82.708051,locality_curated
Vanamulapadu,NANDYAL,Andhra Pradesh,15.464237,78.474387,locality_curated
LAXMANPUR,SARGUJA(ST),Chhattisgarh,23.109142,83.215448,locality_curated
Harihara,DAKSHINA KANNADA,Karnataka,12.830512,75.277127,locality_curated
Guvvalakuntla,NANDYAL,Andhra Pradesh,15.454781,78.475669,locality_curated
Jutur,NANDYAL,Andhra Pradesh,15.502384,78.498529,locality_curated
Srinagaram,NANDYAL,Andhra Pradesh,15.490943,78.502687,locality_curated
Puttrra,MANDLA(ST),Madhya Pradesh,22.576391,80.380555,locality_curated
khohri,MANDLA(ST),Madhya Pradesh,22.585184,80.367905,locality_curated
Thippayapalli,NANDYAL,Andhra Pradesh,15.468751,78.497767,locality_curated
Palakolanu,NANDYAL,Andhra Pradesh,15.470911,78.499359,locality_curated
rajdih,KARAKAT,Bihar,25.038777,84.276187,locality_curated
Sansa,KARAKAT,Bihar,25.002384,84.259093,locality_curated
Mahuawan,KARAKAT,Bihar,25.008747,84.256426,locality_curated
phag,KARAKAT,Bihar,25.035103,84.271036,locality_curated
deohara,KARAKAT,Bihar,25.01403,84.291802,locality_curated
babhandih,KARAKAT,Bihar,25.010896,84.301414,locality_curated
Prakhand antargat,BANKA,Bihar,24.891854,86.942714,locality_curated
Bigha,KARAKAT,Bihar,25.040161,84.292298,locality_curated
Camera,SHIMLA (SC),Himachal Pradesh,31.129582,77.154604,locality_curated
Rampur,BIJNOR,Uttar Pradesh,29.385328,78.125954,locality_curated
Kalan,BIJNOR,Uttar Pradesh,29.380924,78.144405,locality_curated
Chamunda,MATHURA,Uttar Pradesh,27.510531,77.686401,locality_curated
Girls High,UDHAMPUR,Jammu And Kashmir,32.931759,75.152206,locality_curated
Megaravalli,SHIMOGA,Karnataka,13.910412,75.559577,locality_curated
Attigadde,SHIMOGA,Karnataka,13.925927,75.553824,locality_curated
Morangpally,CHELVELLA,Telangana,,,locality_curated
Hosahalli Agrahara,SHIMOGA,Karnataka,13.926001,75.554092,locality_curated
Rajarajeshwara Swamy,NIZAMABAD,Telangana,18.657656,78.094821,locality_curated
Laxmi Narsimha Swamy,NIZAMABAD,Telangana,18.679891,78.116658,locality_curated
shed,UDHAMPUR,Jammu And Kashmir,32.931526,75.131122,locality_curated
Mahalaxmi,NIZAMABAD,Telangana,18.657923,78.102529,locality_curated
Rampur,CHELVELLA,Telangana,,,locality_curated
Karimpur,CHELVELLA,Telangana,,,locality_curated
Dyacharam,CHELVELLA,Telangana,,,locality_curated
atYethurajpally,CHELVELLA,Telangana,,,locality_curated
Kalimata,KURUKSHETRA,Haryana,29.945081,76.869141,locality_curated
Yellakonda,CHELVELLA,Telangana,,,locality_curated
post hudra,JHANJHARPUR,Bihar,26.290554,86.287404,locality_curated
Vennached,CHELVELLA,Telangana,,,locality_curated
Ashireddypally,CHELVELLA,Telangana,,,locality_curated
Jangamreddy pally,CHELVELLA,Telangana,,,locality_curated
Gonur,CHELVELLA,Telangana,,,locality_curated
Nagasamunder,CHELVELLA,Telangana,,,locality_curated
Mukundapur,CHELVELLA,Telangana,,,locality_curated
Kokat,CHELVELLA,Telangana,,,locality_curated
Juntupally,CHELVELLA,Telangana,,,locality_curated
Mallikarjun,UTTARA KANNADA,Karnataka,14.954404,74.558203,locality_curated
Hosadu,SHIMOGA,Karnataka,13.938278,75.583051,locality_curated
Gangolli,SHIMOGA,Karnataka,13.912966,75.566266,locality_curated
Machhattu,SHIMOGA,Karnataka,13.929411,75.596963,locality_curated
Chittoor,SHIMOGA,Karnataka,13.925323,75.549187,locality_curated
Kavradi,SHIMOGA,Karnataka,13.953512,75.572829,locality_curated
Bijur,SHIMOGA,Karnataka,13.942533,75.585372,locality_curated
Byndoor Patna,SHIMOGA,Karnataka,13.913706,75.576238,locality_curated
Yaljita,SHIMOGA,Karnataka,13.920984,75.54142,locality_curated
Purappemane,SHIMOGA,Karnataka,13.918776,75.589654,locality_curated
Behalli,SHIMOGA,Karnataka,13.930538,75.549269,locality_curated
Sulugodu,SHIMOGA,Karnataka,13.923628,75.543982,locality_curated
Halebaniga,SHIMOGA,Karnataka,13.922383,75.544265,locality_curated
Kodur Gram,SHIMOGA,Karnataka,13.912938,75.569629,locality_curated
Hosakoppa,SHIMOGA,Karnataka,13.95547,75.56902,locality_curated
Balagodu,SHIMOGA,Karnataka,13.944382,75.556442,locality_curated
Ghantinakoppa,SHIMOGA,Karnataka,13.917937,75.55288,locality_curated
Kargal Town,SHIMOGA,Karnataka,13.931682,75.54711,locality_curated
Shiravante,SHIMOGA,Karnataka,13.907103,75.590003,locality_curated
Erimannur,ARAKKONAM,Tamil Nadu,13.052395,79.653089,locality_curated
Melkandigai,ARAKKONAM,Tamil Nadu,13.07793,79.650212,locality_curated
MAdurputhu kandigai,ARAKKONAM,Tamil Nadu,13.079876,79.68863,locality_curated
SASAPOTA UNDER MAROKHANA,ARAMBAG(SC),West Bengal,,,locality_curated
Shanuvalli Grama,UDUPI CHIKMAGALUR,Karnataka,13.347192,75.081499,locality_curated
Gandaghatta,UDUPI CHIKMAGALUR,Karnataka,13.326057,75.089047,locality_curated
Banahlli,KOLAR(SC),Karnataka,13.108418,78.12338,locality_curated
Kshethranahalli,KOLAR(SC),Karnataka,13.147969,78.152516,locality_curated
Nakkanahalli,KOLAR(SC),Karnataka,13.139733,78.160619,locality_curated
Churchugundi,SHIMOGA,Karnataka,13.955097,75.572678,locality_curated
RAJBALHAT I GRAM,SREERAMPUR,West Bengal,22.680065,88.796657,locality_curated
DIGALHATI UNDER KOTALPUR,SREERAMPUR,West Bengal,22.695591,88.831784,locality_curated
Haragi,SHIMOGA,Karnataka,13.932444,75.598059,locality_curated
Kasimpur,CHELVELLA,Telangana,,,locality_curated
Manthatti,CHELVELLA,Telangana,,,locality_curated
Parwathpally,CHELVELLA,Telangana,,,locality_curated
Buggapur,CHELVELLA,Telangana,,,locality_curated
Lingampally,CHELVELLA,Telangana,,,locality_curated
Kotpally,CHELVELLA,Telangana,,,locality_curated
Bedavatti,SHIMOGA,Karnataka,13.949022,75.572288,locality_curated
Jambehalli,SHIMOGA,Karnataka,13.912177,75.569057,locality_curated
Waddigere,SHIMOGA,Karnataka,13.954011,75.58187,locality_curated
Hurulikoppa,SHIMOGA,Karnataka,13.923471,75.594668,locality_curated
Mandgalale,SHIMOGA,Karnataka,13.899832,75.562078,locality_curated
Bennur,SHIMOGA,Karnataka,13.932527,75.593855,locality_curated
Abase,SHIMOGA,Karnataka,13.933875,75.597238,locality_curated
Agasanahalli,SHIMOGA,Karnataka,13.910624,75.568447,locality_curated
Gram,KOTA,Rajasthan,25.194441,75.861793,locality_curated
Ramanagara,SHIMOGA,Karnataka,13.937589,75.583648,locality_curated
Haranahalli,SHIMOGA,Karnataka,13.931003,75.54641,locality_curated
Hihole,SHIMOGA,Karnataka,13.924703,75.581353,locality_curated
Bidar,SHIMOGA,Karnataka,13.91725,75.555946,locality_curated
Haramaghatta,SHIMOGA,Karnataka,13.954108,75.548613,locality_curated
dhandhuka,SURENDRANAGAR,Gujarat,22.706025,71.66061,locality_curated
Akru,SURENDRANAGAR,Gujarat,22.729642,71.665971,locality_curated
Navagam,SURENDRANAGAR,Gujarat,22.750703,71.665311,locality_curated
Kharad,SURENDRANAGAR,Gujarat,22.749793,71.627366,locality_curated
Khasta,SURENDRANAGAR,Gujarat,22.747377,71.670645,locality_curated
Alampur,SURENDRANAGAR,Gujarat,22.72008,71.630618,locality_curated
Devliya,SURENDRANAGAR,Gujarat,22.728801,71.66663,locality_curated
Vejalka,SURENDRANAGAR,Gujarat,22.710835,71.630747,locality_curated
Nawda,SURENDRANAGAR,Gujarat,22.738135,71.62713,locality_curated
Chadheibandha,BHUBANESWAR,Odisha,20.27592,85.819927,locality_curated
Malyala,NANDYAL,Andhra Pradesh,15.479957,78.463557,locality_curated
Nidhanpally,BHONGIR,Telangana,17.491596,78.857686,locality_curated
Ramdevpir,SURENDRANAGAR,Gujarat,22.719919,71.6336,locality_curated
Natwargarh,SURENDRANAGAR,Gujarat,22.745518,71.644975,locality_curated
Bhanezada,SURENDRANAGAR,Gujarat,22.757773,71.654884,locality_curated
Velavadar,SURENDRANAGAR,Gujarat,22.708888,71.657177,locality_curated
Untadi,SURENDRANAGAR,Gujarat,22.713381,71.631699,locality_curated
Teamla,SURENDRANAGAR,Gujarat,22.728216,71.66763,locality_curated
CHUDA,SURENDRANAGAR,Gujarat,22.714939,71.663606,locality_curated
Hadala,SURENDRANAGAR,Gujarat,22.728466,71.630429,locality_curated
Bhimanur,KOPPAL,Karnataka,15.369507,76.160965,locality_curated
Nagaram,NANDYAL,Andhra Pradesh,15.465725,78.477184,locality_curated
Erragudur,NANDYAL,Andhra Pradesh,15.475888,78.460782,locality_curated
Chelimela,NANDYAL,Andhra Pradesh,15.492793,78.467907,locality_curated
Marali,KOPPAL,Karnataka,15.348046,76.182984,locality_curated
H Sompur,KOPPAL,Karnataka,15.35384,76.172733,locality_curated
K ANTARGAT,MACHHLISHAHR(SC),Uttar Pradesh,25.80852,82.61138,locality_curated
zampodar,SURENDRANAGAR,Gujarat,22.745028,71.675532,locality_curated
Kharwa,SURENDRANAGAR,Gujarat,22.716363,71.640184,locality_curated
Veravadar,SURENDRANAGAR,Gujarat,22.698002,71.653134,locality_curated
Karangadh,SURENDRANAGAR,Gujarat,22.717438,71.619926,locality_curated
Khamisana,SURENDRANAGAR,Gujarat,22.749142,71.653742,locality_curated
Madhad,SURENDRANAGAR,Gujarat,22.722197,71.663305,locality_curated
Latuda,SURENDRANAGAR,Gujarat,22.742424,71.672247,locality_curated
Bangitola Field,MALDAHA DAKSHIN,West Bengal,24.876163,88.170092,locality_curated
Guvvalakunta,NANDYAL,Andhra Pradesh,15.494699,78.463792,locality_curated
Pamulapadu,NANDYAL,Andhra Pradesh,15.491233,78.501095,locality_curated
Tarturu,NANDYAL,Andhra Pradesh,15.469524,78.512683,locality_curated
Babravada,UTTARA KANNADA,Karnataka,14.968101,74.580707,locality_curated
Shambulingeshwar,UTTARA KANNADA,Karnataka,14.974174,74.556454,locality_curated
Reff,DARJEELING,West Bengal,27.023205,88.243637,locality_curated
NALKHAMBHA,SURENDRANAGAR,Gujarat,22.703509,71.658151,locality_curated
JAMVALI,SURENDRANAGAR,Gujarat,22.724304,71.632362,locality_curated
GUGALIYANA,SURENDRANAGAR,Gujarat,22.72185,71.617141,locality_curated
TRAMBODA,SURENDRANAGAR,Gujarat,22.724792,71.680056,locality_curated
Vijlia,SURENDRANAGAR,Gujarat,22.737501,71.667577,locality_curated
MORTHALA VILLAGE primary,SURENDRANAGAR,Gujarat,22.748837,71.630894,locality_curated
DANAWADA,SURENDRANAGAR,Gujarat,22.729012,71.630754,locality_curated
Sujangarh,SURENDRANAGAR,Gujarat,22.714412,71.651918,locality_curated
Lakhanka,SURENDRANAGAR,Gujarat,22.741553,71.658364,locality_curated
Pajwali,SURENDRANAGAR,Gujarat,22.705913,71.66348,locality_curated
Reshammiya,SURENDRANAGAR,Gujarat,22.725168,71.614139,locality_curated
Machheri,UTTARA KANNADA,Karnataka,14.961633,74.569336,locality_curated
Vadgam,SURENDRANAGAR,Gujarat,22.741046,71.654646,locality_curated
KHARAGHODA,SURENDRANAGAR,Gujarat,22.714034,71.628758,locality_curated
TALSANA,SURENDRANAGAR,Gujarat,22.723976,71.678275,locality_curated
GADTHAL,SURENDRANAGAR,Gujarat,22.702903,71.645151,locality_curated
Trust,DINDORI(ST),Maharashtra,20.188516,73.763747,locality_curated
Pipaliya Karmal,RAJKOT,Gujarat,22.300916,70.77925,locality_curated
Birunani,MYSORE,Karnataka,12.320901,76.638054,locality_curated
Sagar Town,NILGIRIS(SC),Tamil Nadu,11.503965,76.713507,locality_curated
O Mathampalayam,NILGIRIS(SC),Tamil Nadu,11.470569,76.744635,locality_curated
O Desipalayam,NILGIRIS(SC),Tamil Nadu,11.514948,76.740984,locality_curated
O Machinamkombai,NILGIRIS(SC),Tamil Nadu,11.461978,76.732644,locality_curated
O Chikkarasampalayam,NILGIRIS(SC),Tamil Nadu,11.49999,76.720516,locality_curated
O Bynapuram,NILGIRIS(SC),Tamil Nadu,11.49066,76.706229,locality_curated
Selumithottai at Thingalur,NILGIRIS(SC),Tamil Nadu,11.511987,76.736254,locality_curated
O Assanur,NILGIRIS(SC),Tamil Nadu,11.495546,76.759124,locality_curated
Lingala,NANDYAL,Andhra Pradesh,15.4956,78.472245,locality_curated
Ramasamudram,NANDYAL,Andhra Pradesh,15.460517,78.488032,locality_curated
ANTPUR GRAM,SREERAMPUR,West Bengal,22.726567,88.825754,locality_curated
Kumarakom grama,KOTTAYAM,Kerala,9.571716,76.504042,locality_curated
LALITPUR,SARGUJA(ST),Chhattisgarh,23.102934,83.211931,locality_curated
DUNDAI BLOCK CHAMRAUA,RAMPUR,Uttar Pradesh,28.792649,79.056472,locality_curated
SAMODIYA BLOCK SUAR,RAMPUR,Uttar Pradesh,28.825536,79.043297,locality_curated
KAKRAWWA BLOCK CHAMRAUA,RAMPUR,Uttar Pradesh,28.813343,79.011924,locality_curated
JATPURA BLOCK SAIDNAGAR,RAMPUR,Uttar Pradesh,28.787648,79.028244,locality_curated
UDHAMPUR BLOCK BILASPUR,RAMPUR,Uttar Pradesh,28.787614,79.019749,locality_curated
MANSURPUR,RAMPUR,Uttar Pradesh,28.82118,79.023545,locality_curated
Panayam Thrippanayam Devi,KOLLAM,Kerala,8.866582,76.601537,locality_curated
Sehruwa,DHAURAHRA,Uttar Pradesh,27.706081,80.940272,locality_curated
Mitauli,DHAURAHRA,Uttar Pradesh,27.738613,80.981282,locality_curated
Multanpur,DHAURAHRA,Uttar Pradesh,27.719922,80.952497,locality_curated
Rari,DHAURAHRA,Uttar Pradesh,27.717606,80.950133,locality_curated
Lohati,DHAURAHRA,Uttar Pradesh,27.731763,80.981962,locality_curated
Salahpur,DHAURAHRA,Uttar Pradesh,27.719222,80.985438,locality_curated
Rautapur,DHAURAHRA,Uttar Pradesh,27.696337,80.972427,locality_curated
Gutthna,DHAURAHRA,Uttar Pradesh,27.704197,80.957527,locality_curated
Fariha,DHAURAHRA,Uttar Pradesh,27.708674,80.94371,locality_curated
IRC,BHUBANESWAR,Odisha,20.315402,85.80392,locality_curated
SURAJPUR BLOCK SUAR,RAMPUR,Uttar Pradesh,28.82066,79.028386,locality_curated
Annur Town,NILGIRIS(SC),Tamil Nadu,11.48722,76.70835,locality_curated
o Pazhankarai,NILGIRIS(SC),Tamil Nadu,11.471386,76.709971,locality_curated
Avinashi Town,NILGIRIS(SC),Tamil Nadu,11.51655,76.735927,locality_curated
Queensoolai at Denadu,NILGIRIS(SC),Tamil Nadu,11.503676,76.748918,locality_curated
Nedugula,NILGIRIS(SC),Tamil Nadu,11.509092,76.743595,locality_curated
Pazhathottam at Hubbathalai,NILGIRIS(SC),Tamil Nadu,11.474133,76.734322,locality_curated
Mukkimalai,NILGIRIS(SC),Tamil Nadu,11.501089,76.752704,locality_curated
RAWANNA BLOCK Saidnagar,RAMPUR,Uttar Pradesh,28.81093,79.047548,locality_curated
Benazeerpura Urf Ghatampur,RAMPUR,Uttar Pradesh,28.81108,79.011504,locality_curated
Cherangode,NILGIRIS(SC),Tamil Nadu,11.468086,76.739683,locality_curated
BARKHERA BLOCK SHAHABAD,RAMPUR,Uttar Pradesh,28.816971,79.011035,locality_curated
Kenthorai,NILGIRIS(SC),Tamil Nadu,11.496221,76.719186,locality_curated
Sangaipally,MEDAK,Telangana,18.057235,78.248637,locality_curated
Dheenhatty,NILGIRIS(SC),Tamil Nadu,11.485297,76.705842,locality_curated
Korivipalle,MEDAK,Telangana,18.074685,78.259326,locality_curated
Narmetta,MEDAK,Telangana,18.047523,78.292584,locality_curated
Konaipalle,MEDAK,Telangana,18.056019,78.283347,locality_curated
Velkatur,MEDAK,Telangana,18.054352,78.295564,locality_curated
nagar,BASTAR(ST),Chhattisgarh,19.272065,81.714436,locality_curated
Sokkanalli at Kadanadu,NILGIRIS(SC),Tamil Nadu,11.478226,76.760486,locality_curated
o Thengumarahada,NILGIRIS(SC),Tamil Nadu,11.507126,76.724553,locality_curated
SINDHAULI,BAREILLY,Uttar Pradesh,28.362332,79.411897,locality_curated
JAAM,BAREILLY,Uttar Pradesh,28.380841,79.427627,locality_curated
HURHURI,BAREILLY,Uttar Pradesh,28.369607,79.396538,locality_curated
PAHUCHA,BAREILLY,Uttar Pradesh,28.380765,79.43122,locality_curated
NAGARIYA,BAREILLY,Uttar Pradesh,28.355992,79.420973,locality_curated
KABRA,BAREILLY,Uttar Pradesh,28.376217,79.4165,locality_curated
BAIRAMNAGAR,BAREILLY,Uttar Pradesh,28.364591,79.414872,locality_curated
DHANELI,BAREILLY,Uttar Pradesh,28.384179,79.459344,locality_curated
ITAUA,BAREILLY,Uttar Pradesh,28.384838,79.4304,locality_curated
Bhujiya,BAREILLY,Uttar Pradesh,28.390948,79.453237,locality_curated
RAHPURA,BAREILLY,Uttar Pradesh,28.357966,79.442635,locality_curated
DOHRIYA,BAREILLY,Uttar Pradesh,28.347477,79.429237,locality_curated
DAULI,BAREILLY,Uttar Pradesh,28.361028,79.45762,locality_curated
MANSOORGANJ,BAREILLY,Uttar Pradesh,28.345257,79.453443,locality_curated
KULCHA,BAREILLY,Uttar Pradesh,28.34914,79.432176,locality_curated
SORAHA,BAREILLY,Uttar Pradesh,28.342609,79.44104,locality_curated
ATAYONGI,BAREILLY,Uttar Pradesh,28.35593,79.439209,locality_curated
LAVAKHERA,BAREILLY,Uttar Pradesh,28.384416,79.405067,locality_curated
DANDIYA,BAREILLY,Uttar Pradesh,28.358108,79.44381,locality_curated
NAVADIYA,BAREILLY,Uttar Pradesh,28.383214,79.408439,locality_curated
Kodavatancha,WARANGEL(SC),Telangana,,,locality_curated
Tapattary High,DHUBRI,Assam,25.998144,89.965262,locality_curated
Kondapur,WARANGEL(SC),Telangana,,,locality_curated
Jadalapet,WARANGEL(SC),Telangana,,,locality_curated
Chityal,WARANGEL(SC),Telangana,,,locality_curated
KHANAM MAI,RAMPUR,Uttar Pradesh,28.811685,79.052635,locality_curated
Venkatapuram,HINDUPUR,Andhra Pradesh,13.839794,77.50274,locality_curated
Bilkanda I,DUM DUM,West Bengal,22.632815,88.360173,locality_curated
Kaiwara,KOLAR(SC),Karnataka,13.108754,78.138491,locality_curated
Bommekallu,KOLAR(SC),Karnataka,13.13768,78.149122,locality_curated
Saraswati,RANCHI,Jharkhand,23.371521,85.293045,locality_curated
Dinnamindhahalli,KOLAR(SC),Karnataka,13.151421,78.124558,locality_curated
Town,TENKASI(SC),Tamil Nadu,9.434603,77.648437,locality_curated
Sundarapandiyapuram Town,TENKASI(SC),Tamil Nadu,9.40811,77.642261,locality_curated
Sundarapandiapuram Town,TENKASI(SC),Tamil Nadu,9.444107,77.66045,locality_curated
Melagaram Town,TENKASI(SC),Tamil Nadu,9.44677,77.647286,locality_curated
Thiruvengadam,TENKASI(SC),Tamil Nadu,9.424394,77.624281,locality_curated
Sathan,JAMMU,Jammu And Kashmir,32.702209,74.868714,locality_curated
Kuliang,SHILLONG,Meghalaya,25.565357,91.901224,locality_curated
BARAYTHA,DAMOH,Madhya Pradesh,23.828372,79.424161,locality_curated
HIRAPUR,DAMOH,Madhya Pradesh,23.847409,79.453214,locality_curated
DALPATPUR,DAMOH,Madhya Pradesh,23.844527,79.469433,locality_curated
NOURAJ,DAMOH,Madhya Pradesh,23.811246,79.423796,locality_curated
TINSUWA,DAMOH,Madhya Pradesh,23.813217,79.430954,locality_curated
CHHAPRI,DAMOH,Madhya Pradesh,23.825696,79.46593,locality_curated
HINOTA,DAMOH,Madhya Pradesh,23.822926,79.466453,locality_curated
KANTI,DAMOH,Madhya Pradesh,23.820308,79.462623,locality_curated
KHUWARI,DAMOH,Madhya Pradesh,23.861926,79.45129,locality_curated
GADAR,DAMOH,Madhya Pradesh,23.851648,79.460173,locality_curated
Rampara,SURENDRANAGAR,Gujarat,22.748395,71.651918,locality_curated
Yaleru,HINDUPUR,Andhra Pradesh,13.837871,77.512158,locality_curated
Itikalapalle,MAHABUBABAD,Telangana,17.613827,79.975858,locality_curated
Itikalapally,MAHABUBABAD,Telangana,17.590627,80.016365,locality_curated
Nogaon,SAGAR,Madhya Pradesh,23.853927,78.748134,locality_curated
Mehgod,SAGAR,Madhya Pradesh,23.81449,78.733114,locality_curated
Kanchri,SAGAR,Madhya Pradesh,23.81157,78.744128,locality_curated
Banskhedi,SAGAR,Madhya Pradesh,23.827359,78.759466,locality_curated
Mundra,SAGAR,Madhya Pradesh,23.868129,78.733863,locality_curated
Raikhedi,SAGAR,Madhya Pradesh,23.827708,78.724332,locality_curated
Maheshwaram,MAHABUBABAD,Telangana,17.583158,79.991382,locality_curated
Bhanjipet,MAHABUBABAD,Telangana,17.593152,79.9765,locality_curated
Laknepalle,MAHABUBABAD,Telangana,17.590192,80.012707,locality_curated
Muthojipet,MAHABUBABAD,Telangana,17.624333,80.008295,locality_curated
antargat nagar,JHANJHARPUR,Bihar,26.28064,86.268851,locality_curated
Adderi,SHIMOGA,Karnataka,13.941268,75.587593,locality_curated
Hagalapura,SHIMOGA,Karnataka,13.902406,75.574121,locality_curated
Rakshitpur,BARDHAMAN-DURGAPUR,West Bengal,23.545144,87.296578,locality_curated
Panchdevda,JAMNAGAR,Gujarat,22.492536,70.042355,locality_curated
Gonibidu,SHIMOGA,Karnataka,13.90164,75.579277,locality_curated
Karumariamma,SHIMOGA,Karnataka,13.931924,75.597915,locality_curated
Shanimahatma,SHIMOGA,Karnataka,13.910647,75.580495,locality_curated
Thallikatte,SHIMOGA,Karnataka,13.941242,75.577563,locality_curated
Padmenahalli,SHIMOGA,Karnataka,13.959522,75.567034,locality_curated
Masaralli,SHIMOGA,Karnataka,13.947649,75.591506,locality_curated
Veerabhadrashwar,SHIMOGA,Karnataka,13.902759,75.566145,locality_curated
Huchara Dasappa,SHIMOGA,Karnataka,13.940266,75.555372,locality_curated
Smashanavatika at Itikalapalle,MAHABUBABAD,Telangana,17.6,79.977317,locality_curated
Laknepally,MAHABUBABAD,Telangana,17.616914,80.00093,locality_curated
Kammepalle,MAHABUBABAD,Telangana,17.595788,80.022731,locality_curated
Rajupet,MAHABUBABAD,Telangana,17.588411,79.991167,locality_curated
Gurijala,MAHABUBABAD,Telangana,17.613693,80.020517,locality_curated
Gundlapahad,MAHABUBABAD,Telangana,17.608332,79.98356,locality_curated
Dabeerpet,MAHABUBABAD,Telangana,17.617756,80.012097,locality_curated
Manglavaripet,MAHABUBABAD,Telangana,17.607201,80.026347,locality_curated
Mangalavaripet,MAHABUBABAD,Telangana,17.581171,80.0,locality_curated
Arackal,KOLLAM,Kerala,8.87561,76.615658,locality_curated
BIHROJPUR,AMBEDKAR NAGAR,Uttar Pradesh,26.45808,82.625127,locality_curated
CHAK,AMBEDKAR NAGAR,Uttar Pradesh,26.429169,82.623814,locality_curated
Jhally,MAHABUBABAD,Telangana,17.588297,80.014123,locality_curated
peer baba,ANANDPUR SAHIB,Punjab,31.233096,76.519845,locality_curated
Mohpuri under Aland,PARBHANI,Maharashtra,19.273056,76.601055,locality_curated
kapsi Gram,PARBHANI,Maharashtra,19.276006,76.632155,locality_curated
Kondapur,MAHABUBABAD,Telangana,17.615176,79.982927,locality_curated
Narakkapet,MAHABUBABAD,Telangana,17.606909,80.029071,locality_curated
Rudragudem,MAHABUBABAD,Telangana,17.612157,80.021226,locality_curated
Medapalli,MAHABUBABAD,Telangana,17.590803,79.978328,locality_curated
Regulagadda of Kondapur,MAHABUBABAD,Telangana,17.579712,80.003371,locality_curated
Nimbegondi,SHIMOGA,Karnataka,13.942478,75.585298,locality_curated
Kshetranatha Sri Veerabhadraswamy,SHIMOGA,Karnataka,13.914416,75.553224,locality_curated
Satsang,NOWGONG,Assam,26.352836,92.702857,locality_curated
Bagaribari,NOWGONG,Assam,26.357785,92.666808,locality_curated
Khadkooa,KANGRA,Himachal Pradesh,32.118623,76.296539,locality_curated
Alathuru and Pattabhi,TIRUPATI(SC),Andhra Pradesh,13.648392,79.441589,locality_curated
Kandriga,TIRUPATI(SC),Andhra Pradesh,13.641579,79.408927,locality_curated
Ramapuram,TIRUPATI(SC),Andhra Pradesh,13.6092,79.397573,locality_curated
Pulikondram,TIRUPATI(SC),Andhra Pradesh,13.636567,79.443798,locality_curated
Village Mudiyur,TIRUPATI(SC),Andhra Pradesh,13.613737,79.442179,locality_curated
HW Mudiyur,TIRUPATI(SC),Andhra Pradesh,13.611802,79.395126,locality_curated
AAW Mudiyur,TIRUPATI(SC),Andhra Pradesh,13.611914,79.424512,locality_curated
kolladam,TIRUPATI(SC),Andhra Pradesh,13.606438,79.401222,locality_curated
Guddekoppa,SHIMOGA,Karnataka,13.941165,75.584675,locality_curated
Marashettihalli,SHIMOGA,Karnataka,13.958627,75.56394,locality_curated
Hadigallu,SHIMOGA,Karnataka,13.943583,75.574084,locality_curated
Konandur,SHIMOGA,Karnataka,13.946237,75.575245,locality_curated
Channagonda,SHIMOGA,Karnataka,13.943021,75.583652,locality_curated
Mallasamudra,SHIMOGA,Karnataka,13.904089,75.578844,locality_curated
Murali,MAHABUBABAD,Telangana,17.617634,79.980162,locality_curated
Seelanaickenpatti,THENI,Tamil Nadu,10.024618,77.478773,locality_curated
Kotakonda,NANDYAL,Andhra Pradesh,15.484084,78.512972,locality_curated
Chinnatekur,NANDYAL,Andhra Pradesh,15.481095,78.508337,locality_curated
Rajanagaram,NANDYAL,Andhra Pradesh,15.45471,78.493715,locality_curated
Khatoli,AJMER,Rajasthan,26.436368,74.633794,locality_curated
Rampura,SIKAR,Rajasthan,27.590729,75.154653,locality_curated
Akwa,SIKAR,Rajasthan,27.621978,75.158737,locality_curated
Thirumalarayunigudem,BHONGIR,Telangana,17.522831,78.860483,locality_curated
Ramanujapuram,BHONGIR,Telangana,17.507851,78.866319,locality_curated
Jalonigudem,BHONGIR,Telangana,17.522826,78.855441,locality_curated
Anneboinagudem,BHONGIR,Telangana,17.492484,78.8833,locality_curated
Ramagiri,BHONGIR,Telangana,17.490211,78.871186,locality_curated
Lingotam,BHONGIR,Telangana,17.49164,78.863433,locality_curated
Shaligouraram,BHONGIR,Telangana,17.5087,78.915135,locality_curated
Pattambi,PALAKKAD,Kerala,10.813028,76.664555,locality_curated
Nambram Thottungal,PALAKKAD,Kerala,10.807571,76.648708,locality_curated
Plasha,SHILLONG,Meghalaya,25.567873,91.91928,locality_curated
Velagatur,NANDYAL,Andhra Pradesh,15.459298,78.463671,locality_curated
Bijinavemula,NANDYAL,Andhra Pradesh,15.479098,78.513329,locality_curated
Bungalow,NANDYAL,Andhra Pradesh,15.488069,78.506847,locality_curated
Ramulnayak Thanda,MAHABUBABAD,Telangana,17.588594,80.011555,locality_curated
Jangalapally Thanda,MAHABUBABAD,Telangana,17.609739,80.016351,locality_curated
Parshunayak Thanda,MAHABUBABAD,Telangana,17.606083,80.014333,locality_curated
Dasaripally,MAHABUBABAD,Telangana,17.597267,79.979596,locality_curated
Thanda,MAHABUBABAD,Telangana,17.577767,79.985425,locality_curated
Enugal Thanda,MAHABUBABAD,Telangana,17.586426,79.997489,locality_curated
Rajeswaraopally,MAHABUBABAD,Telangana,17.615875,79.979434,locality_curated
Chandraiahpally,MAHABUBABAD,Telangana,17.585958,79.98045,locality_curated
Akula Thanda,MAHABUBABAD,Telangana,17.60801,79.987541,locality_curated
Parshunaik Thanda,MAHABUBABAD,Telangana,17.592415,79.982127,locality_curated
Chilukamma,MAHABUBABAD,Telangana,17.619874,80.003676,locality_curated
Bandameedi Maamidi Thanda,MAHABUBABAD,Telangana,17.594264,80.020987,locality_curated
Manubothulagadda,MAHABUBABAD,Telangana,17.621147,79.989655,locality_curated
Ashok Nagar,MAHABUBABAD,Telangana,17.619191,80.013075,locality_curated
Ayodhya Nagar,MAHABUBABAD,Telangana,17.587206,80.021481,locality_curated
Chilukamma Nagar,MAHABUBABAD,Telangana,17.58726,80.015928,locality_curated
Ashoknagar,MAHABUBABAD,Telangana,17.619177,79.999297,locality_curated
Borewell,MAHABUBABAD,Telangana,17.610485,80.01514,locality_curated
Shiggaon TQ Panigatti,DHARWAD,Karnataka,15.477119,74.988897,locality_curated
Khadesara,SAGAR,Madhya Pradesh,23.82887,78.755174,locality_curated
Berkhedi,SAGAR,Madhya Pradesh,23.82869,78.748473,locality_curated
Rawan,SAGAR,Madhya Pradesh,23.830588,78.75111,locality_curated
Channapatna,BANGALORE RURAL,Karnataka,13.16187,77.384399,locality_curated
Channapatana,BANGALORE RURAL,Karnataka,13.137362,77.373391,locality_curated
Mydolalu,SHIMOGA,Karnataka,13.924955,75.592069,locality_curated
Chandravalli,SHIMOGA,Karnataka,13.956769,75.579851,locality_curated
Badanehal,SHIMOGA,Karnataka,13.918612,75.559014,locality_curated
Birijan,Sonitpur,Assam,26.639738,92.821473,locality_curated
Hari,Sonitpur,Assam,26.605233,92.779788,locality_curated
Hanuman,RAE BARELI,Uttar Pradesh,26.228159,81.264422,locality_curated
Gangamma Talli,GUNTUR,Andhra Pradesh,16.317231,80.457137,locality_curated
Mallappuzhassery Grama,PATHANAMTHITTA,Kerala,9.238668,76.78654,locality_curated
SHIVMANDIR,AJMER,Rajasthan,26.470899,74.643615,locality_curated
Gram,MUZAFFARPUR,Bihar,26.113681,85.382758,locality_curated
Centre,SHIMLA (SC),Himachal Pradesh,31.103021,77.190318,locality_curated
path,SHIMLA (SC),Himachal Pradesh,31.11446,77.208124,locality_curated
Brahm Devta,SHIMLA (SC),Himachal Pradesh,31.118551,77.18383,locality_curated
Borewell,SHIMLA (SC),Himachal Pradesh,31.109133,77.144697,locality_curated
Debkhanda Shib,ARAMBAG(SC),West Bengal,,,locality_curated
Arandi Kali,ARAMBAG(SC),West Bengal,,,locality_curated
Hazipur,ARAMBAG(SC),West Bengal,,,locality_curated
Kantagaria Kali,ARAMBAG(SC),West Bengal,,,locality_curated
Dabhal,MAHESANA,Gujarat,23.579748,72.406768,locality_curated
EDATHIRUTHY,CHALAKUDY,Kerala,10.275931,76.33658,locality_curated
Maharshi Bunglows,MAHESANA,Gujarat,23.611315,72.372665,locality_curated
SIRAJ,CHALAKUDY,Kerala,10.319403,76.338097,locality_curated
JEPUR,MAHESANA,Gujarat,23.609369,72.40901,locality_curated
Bhisa,SAGAR,Madhya Pradesh,23.822277,78.723172,locality_curated
Primary,MAHESANA,Gujarat,23.599617,72.410989,locality_curated
Mothi,SAGAR,Madhya Pradesh,23.820266,78.727026,locality_curated
Ranipura,SAGAR,Madhya Pradesh,23.841319,78.753416,locality_curated
Govindpura,MAHESANA,Gujarat,23.584677,72.392783,locality_curated
Madhi,MAHESANA,Gujarat,23.609484,72.35451,locality_curated
Toda,SAGAR,Madhya Pradesh,23.832072,78.769662,locality_curated
dhabh,HISAR,Haryana,29.156644,75.73773,locality_curated
Kajla,HISAR,Haryana,29.133135,75.720091,locality_curated
Shitala,ARAMBAG(SC),West Bengal,,,locality_curated
bhavsor,MAHESANA,Gujarat,23.587663,72.371098,locality_curated
vira,MAHESANA,Gujarat,23.592768,72.374955,locality_curated
Bodi,BHAVNAGAR,Gujarat,21.774185,72.132286,locality_curated
Paliyad,BHAVNAGAR,Gujarat,21.755266,72.135353,locality_curated
Kaniyad,BHAVNAGAR,Gujarat,21.760379,72.172775,locality_curated
Bigari,NAVSARI,Gujarat,20.97134,72.960066,locality_curated
Ambheta,NAVSARI,Gujarat,20.968251,72.961323,locality_curated
Devsar,NAVSARI,Gujarat,20.941081,72.974456,locality_curated
Bhagad,NAVSARI,Gujarat,20.940706,72.92626,locality_curated
Pathri,NAVSARI,Gujarat,20.969458,72.949439,locality_curated
Navanagna,JAMNAGAR,Gujarat,22.49137,70.077144,locality_curated
Shelna,AMRELI,Gujarat,21.62364,71.212868,locality_curated
Pipaldhara,NAVSARI,Gujarat,20.951507,72.966141,locality_curated
Khergam,NAVSARI,Gujarat,20.928533,72.959467,locality_curated
Duvada,NAVSARI,Gujarat,20.922208,72.93151,locality_curated
Kalamtha,NAVSARI,Gujarat,20.923377,72.965843,locality_curated
Bhat,NAVSARI,Gujarat,20.949958,72.985194,locality_curated
Kaliari,NAVSARI,Gujarat,20.926777,72.964818,locality_curated
Chhapar,NAVSARI,Gujarat,20.945901,72.927513,locality_curated
Sarikhurad,NAVSARI,Gujarat,20.936961,72.935311,locality_curated
owned,PARBHANI,Maharashtra,19.293433,76.62703,locality_curated
Mavapar,JAMNAGAR,Gujarat,22.462654,70.027336,locality_curated
Sarvaniya,JAMNAGAR,Gujarat,22.482346,70.036725,locality_curated
khadba,JAMNAGAR,Gujarat,22.466205,70.074663,locality_curated
Khilos,JAMNAGAR,Gujarat,22.485275,70.056873,locality_curated
Sadodar,JAMNAGAR,Gujarat,22.456813,70.042672,locality_curated
Gollavilli,AMALAPURAM(SC),Andhra Pradesh,16.54951,81.996087,locality_curated
Nimmada Grama,SRIKAKULAM,Andhra Pradesh,18.279595,83.896353,locality_curated
Limits,SRIKAKULAM,Andhra Pradesh,18.312587,83.868161,locality_curated
Vemavaram,AMALAPURAM(SC),Andhra Pradesh,16.572347,82.034095,locality_curated
Peddavanka,SRIKAKULAM,Andhra Pradesh,18.321129,83.897682,locality_curated
Pedda Limbugam,SRIKAKULAM,Andhra Pradesh,18.283044,83.884044,locality_curated
Payakarampuram,SRIKAKULAM,Andhra Pradesh,18.311239,83.8673,locality_curated
Sakhinetipalli,AMALAPURAM(SC),Andhra Pradesh,16.4041734,81.7574992,nominatim
Padgha,NAVSARI,Gujarat,20.956925,72.939405,locality_curated
Satem,NAVSARI,Gujarat,20.942914,72.92901,locality_curated
Dabhalai,NAVSARI,Gujarat,20.928501,72.927935,locality_curated
Butlav,NAVSARI,Gujarat,20.919954,72.941007,locality_curated
BARRET,DAMOH,Madhya Pradesh,23.815904,79.438149,locality_curated
PATNA,DAMOH,Madhya Pradesh,23.829483,79.410279,locality_curated
PATOUHA,DAMOH,Madhya Pradesh,23.851219,79.447775,locality_curated
GHAT,DAMOH,Madhya Pradesh,23.829472,79.458788,locality_curated
NAYAGAON,DAMOH,Madhya Pradesh,23.803961,79.436045,locality_curated
RASILPUR,DAMOH,Madhya Pradesh,23.849042,79.420503,locality_curated
Kolkhadi,BARDOLI(ST),Gujarat,21.110553,73.1021,locality_curated
Limdha,BARDOLI(ST),Gujarat,21.114106,73.1272,locality_curated
PINDRAI,DAMOH,Madhya Pradesh,23.810749,79.457627,locality_curated
DHANGOR,DAMOH,Madhya Pradesh,23.831077,79.461734,locality_curated
Sathvav,BARDOLI(ST),Gujarat,21.116259,73.129924,locality_curated
JHAROLI,DAMOH,Madhya Pradesh,23.810167,79.423539,locality_curated
kolkhadi,BARDOLI(ST),Gujarat,21.123931,73.087706,locality_curated
Godavadi,BARDOLI(ST),Gujarat,21.133841,73.128062,locality_curated
fatehpur,DAMOH,Madhya Pradesh,23.822377,79.417597,locality_curated
Umbel Gram,BARDOLI(ST),Gujarat,21.143132,73.112057,locality_curated
BHATIYA,DAMOH,Madhya Pradesh,23.83817,79.474024,locality_curated
Koduru,SRIKAKULAM,Andhra Pradesh,18.291856,83.873557,locality_curated
Gajapathinagaram,SRIKAKULAM,Andhra Pradesh,18.295339,83.867331,locality_curated
Harikrishnampeta,SRIKAKULAM,Andhra Pradesh,18.286606,83.924264,locality_curated
Allada,SRIKAKULAM,Andhra Pradesh,18.281546,83.8981,locality_curated
Tekkalipadu,SRIKAKULAM,Andhra Pradesh,18.269213,83.880015,locality_curated
Bhadri,SRIKAKULAM,Andhra Pradesh,18.278906,83.884074,locality_curated
Mugupuram,SRIKAKULAM,Andhra Pradesh,18.314725,83.90897,locality_curated
Budithi,SRIKAKULAM,Andhra Pradesh,18.270395,83.8938,locality_curated
Chinadugam,SRIKAKULAM,Andhra Pradesh,18.310233,83.877077,locality_curated
Madapam,SRIKAKULAM,Andhra Pradesh,18.315927,83.870866,locality_curated
Rallapadu,SRIKAKULAM,Andhra Pradesh,18.293153,83.867486,locality_curated
Boravanipeta,SRIKAKULAM,Andhra Pradesh,18.2949,83.86913,locality_curated
Antalia,NAVSARI,Gujarat,20.966058,72.952724,locality_curated
Vankal,NAVSARI,Gujarat,20.955394,72.968123,locality_curated
Khandarak,NAVSARI,Gujarat,20.97415,72.966335,locality_curated
Machhad,NAVSARI,Gujarat,20.970098,72.967054,locality_curated
Pera,NAVSARI,Gujarat,20.929674,72.923927,locality_curated
Sarona,NAVSARI,Gujarat,20.93028,72.944537,locality_curated
Ensanpally,MEDAK,Telangana,18.063861,78.275698,locality_curated
Chittapur,MEDAK,Telangana,18.067971,78.273394,locality_curated
mattur,KOPPAL,Karnataka,15.342625,76.128985,locality_curated
Pahadpur,SABARKANTHA,Gujarat,23.615588,72.995122,locality_curated
Vanta,SABARKANTHA,Gujarat,23.620093,72.986298,locality_curated
Ramas,SABARKANTHA,Gujarat,23.614895,73.026013,locality_curated
Muwada,SABARKANTHA,Gujarat,23.605783,73.023551,locality_curated
Nathavas,SABARKANTHA,Gujarat,23.623065,72.997798,locality_curated
Vavdi,SABARKANTHA,Gujarat,23.594922,73.022226,locality_curated
HLC,ANANTAPUR,Andhra Pradesh,14.682177,77.584211,locality_curated
Tutu,SABARKANTHA,Gujarat,23.577764,73.01401,locality_curated
Pipodara,SABARKANTHA,Gujarat,23.578987,73.002816,locality_curated
Trikampura,SABARKANTHA,Gujarat,23.613442,72.997149,locality_curated
Godh,SABARKANTHA,Gujarat,23.609374,72.986907,locality_curated
Rambhoda,SABARKANTHA,Gujarat,23.588732,73.032032,locality_curated
Choila,SABARKANTHA,Gujarat,23.620014,73.018326,locality_curated
Jitpur,SABARKANTHA,Gujarat,23.58991,72.968023,locality_curated
Andhariwadi,SABARKANTHA,Gujarat,23.61047,73.022425,locality_curated
Hiratimba in Nava,SABARKANTHA,Gujarat,23.607252,72.970467,locality_curated
Shitla Mataji,SABARKANTHA,Gujarat,23.577552,72.98154,locality_curated
Rupaji,SABARKANTHA,Gujarat,23.582075,72.986806,locality_curated
Mahakali,SABARKANTHA,Gujarat,23.590986,72.977906,locality_curated
Bhatia,SABARKANTHA,Gujarat,23.583136,73.009785,locality_curated
Kesharpura,SABARKANTHA,Gujarat,23.627602,73.016016,locality_curated
Chhatrisa,SABARKANTHA,Gujarat,23.623239,73.012369,locality_curated
Chhapara,SABARKANTHA,Gujarat,23.612085,72.972961,locality_curated
Jotamali Mataji,SABARKANTHA,Gujarat,23.615537,73.00685,locality_curated
Camp,SABARKANTHA,Gujarat,23.620363,73.011816,locality_curated
different Gram,BANKURA,West Bengal,23.249669,87.086259,locality_curated
Bandhgora Gram,JHARGRAM(ST),West Bengal,22.437362,87.004359,locality_curated
Nedabahara Gram,JHARGRAM(ST),West Bengal,22.435225,87.022831,locality_curated
Salboni Gram,JHARGRAM(ST),West Bengal,22.435929,87.01867,locality_curated
Kharikamathani Gram,JHARGRAM(ST),West Bengal,22.462922,86.975106,locality_curated
Samnapur,MANDLA(ST),Madhya Pradesh,22.571254,80.385489,locality_curated
Mahadeo,GADCHIROLI-CHIMUR(ST),Maharashtra,,,locality_curated
nagar,GADCHIROLI-CHIMUR(ST),Maharashtra,,,locality_curated
Bothali under Nagar,GADCHIROLI-CHIMUR(ST),Maharashtra,,,locality_curated
Ragra Gram,JHARGRAM(ST),West Bengal,22.425702,86.993412,locality_curated
Silda Gram,JHARGRAM(ST),West Bengal,22.457673,86.967069,locality_curated
Binpur Gram,JHARGRAM(ST),West Bengal,22.463113,86.974238,locality_curated
Bhelaidiha Gram,JHARGRAM(ST),West Bengal,22.443353,87.008648,locality_curated
Radhanagar Gram,JHARGRAM(ST),West Bengal,22.474888,86.986159,locality_curated
Andhari Gram,JHARGRAM(ST),West Bengal,22.429988,87.018145,locality_curated
JOTHIMMA,NAGINA(SC),Uttar Pradesh,29.440065,78.448658,locality_curated
Luhari,SAGAR,Madhya Pradesh,23.824138,78.723367,locality_curated
Gambhiriya,SAGAR,Madhya Pradesh,23.868904,78.741259,locality_curated
Berkheri,SAGAR,Madhya Pradesh,23.844813,78.718709,locality_curated
BADI,KALAHANDI,Odisha,19.886306,83.184321,locality_curated
KURLUBHATA,KALAHANDI,Odisha,19.902275,83.194265,locality_curated
jevari,BUXAR,Bihar,25.553072,83.988277,locality_curated
Kali,NOWGONG,Assam,26.327334,92.678836,locality_curated
KHADGAONKALA,SARGUJA(ST),Chhattisgarh,23.118755,83.169975,locality_curated
Basul,KALAHANDI,Odisha,19.917115,83.186287,locality_curated
Ambedkar Nagar Chilchila,KALAHANDI,Odisha,19.926677,83.173092,locality_curated
Tarni,KALAHANDI,Odisha,19.91977,83.149009,locality_curated
Pandkul,KALAHANDI,Odisha,19.888172,83.153711,locality_curated
delanpur,RATLAM(ST),Madhya Pradesh,23.310934,75.03395,locality_curated
muddyi,RATLAM(ST),Madhya Pradesh,23.333007,75.021088,locality_curated
simlavda,RATLAM(ST),Madhya Pradesh,23.322983,75.069049,locality_curated
janpad,RATLAM(ST),Madhya Pradesh,23.338533,75.011649,locality_curated
Amarpura,RATLAM(ST),Madhya Pradesh,23.349894,75.040594,locality_curated
Ratlam Mp,RATLAM(ST),Madhya Pradesh,23.315169,75.019525,locality_curated
Karbal,RATLAM(ST),Madhya Pradesh,23.317454,75.030828,locality_curated
Kundia,RATLAM(ST),Madhya Pradesh,23.336647,75.068489,locality_curated
Bhilon,RATLAM(ST),Madhya Pradesh,23.348903,75.042494,locality_curated
Piplipada,RATLAM(ST),Madhya Pradesh,23.336426,75.01146,locality_curated
Kelkacch,RATLAM(ST),Madhya Pradesh,23.337263,75.056015,locality_curated
Chikni,RATLAM(ST),Madhya Pradesh,23.310099,75.02038,locality_curated
Patdi,RATLAM(ST),Madhya Pradesh,23.304128,75.021511,locality_curated
Basidra,RATLAM(ST),Madhya Pradesh,23.309351,75.017854,locality_curated
Kindri,MANDLA(ST),Madhya Pradesh,22.591281,80.393462,locality_curated
Chatuamal,MANDLA(ST),Madhya Pradesh,22.579476,80.388776,locality_curated
kudamaili,MANDLA(ST),Madhya Pradesh,22.58294,80.380102,locality_curated
Sindhori,MANDLA(ST),Madhya Pradesh,22.575401,80.393419,locality_curated
mungapar,MANDLA(ST),Madhya Pradesh,22.606608,80.360688,locality_curated
Durlavpur,ULUBERIA,West Bengal,22.444951,88.117873,locality_curated
Rajeev Gandhi Dasalaksham,THIRUVANANTHAPURAM,Kerala,8.504993,76.930322,locality_curated
Saltora,BANKURA,West Bengal,23.240065,87.045817,locality_curated
Raste,SHIMLA (SC),Himachal Pradesh,31.078041,77.182362,locality_curated
Rasta,SHIMLA (SC),Himachal Pradesh,31.106115,77.202716,locality_curated
Keeranur Town,TIRUCHIRAPPALLI,Tamil Nadu,10.783023,78.717884,locality_curated
Vellalaviduthi,TIRUCHIRAPPALLI,Tamil Nadu,10.786761,78.726286,locality_curated
Sengamedu,TIRUCHIRAPPALLI,Tamil Nadu,10.819919,78.701023,locality_curated
Gundlai,MANDLA(ST),Madhya Pradesh,22.6127,80.38478,locality_curated
Chandamau,SAGAR,Madhya Pradesh,23.841297,78.769002,locality_curated
Mudra,SAGAR,Madhya Pradesh,23.826479,78.725239,locality_curated
Gannavaram,AMALAPURAM(SC),Andhra Pradesh,16.594205,82.009754,locality_curated
Eegai,TIRUCHIRAPPALLI,Tamil Nadu,10.812713,78.688866,locality_curated
KUNDURUPALLI,WARANGEL(SC),Telangana,,,locality_curated
Kachari Para,ULUBERIA,West Bengal,22.45299,88.111362,locality_curated
Tatipamula,BHONGIR,Telangana,17.528701,78.870699,locality_curated
Khan,KANNAUJ,Uttar Pradesh,27.036925,79.897987,locality_curated
Rathodipura,MAHESANA,Gujarat,23.629807,72.401174,locality_curated
KANSA,MAHESANA,Gujarat,23.625878,72.39244,locality_curated
Basarikatte Grama,UDUPI CHIKMAGALUR,Karnataka,13.359606,75.095887,locality_curated
Totagere Basavanna,CHIKBALLAPUR,Karnataka,13.425373,77.762428,locality_curated
Ukkinakantte,MYSORE,Karnataka,12.294151,76.620111,locality_curated
Ankandahalli,KOLAR(SC),Karnataka,13.131335,78.159644,locality_curated
Jhanjharpur nagar,JHANJHARPUR,Bihar,26.261136,86.306422,locality_curated
Phulparas nagar,JHANJHARPUR,Bihar,26.266511,86.253923,locality_curated
Kasthambady,ARANI,Tamil Nadu,12.652595,79.286651,locality_curated
Avaniyapuram,ARANI,Tamil Nadu,12.672509,79.258054,locality_curated
Primary,RANAGHAT(SC),West Bengal,23.158557,88.570158,locality_curated
Bhawanipur Pry,ULUBERIA,West Bengal,22.447669,88.119312,locality_curated
Najir Para Jama,ULUBERIA,West Bengal,22.475376,88.117308,locality_curated
Ahubhag West,ULUBERIA,West Bengal,22.455282,88.125449,locality_curated
Iswaripur,ULUBERIA,West Bengal,22.486974,88.118239,locality_curated
North,ULUBERIA,West Bengal,22.466789,88.133539,locality_curated
Karapoondy,ARANI,Tamil Nadu,12.678983,79.304058,locality_curated
Melsathamangalam,ARANI,Tamil Nadu,12.687678,79.274304,locality_curated
Rajammapuram,ARANI,Tamil Nadu,12.66417,79.303663,locality_curated
Venmandai,ARANI,Tamil Nadu,12.662506,79.299697,locality_curated
Konndayakuppam,ARANI,Tamil Nadu,12.690068,79.255748,locality_curated
Mattavettu,TIRUVANNAMALAI,Tamil Nadu,12.253575,79.08523,locality_curated
Kilkuppam,TIRUVANNAMALAI,Tamil Nadu,12.211479,79.075937,locality_curated
Melpalur,TIRUVANNAMALAI,Tamil Nadu,12.211149,79.046282,locality_curated
Aniyalai,TIRUVANNAMALAI,Tamil Nadu,12.212282,79.097771,locality_curated
Seettampattu,TIRUVANNAMALAI,Tamil Nadu,12.238297,79.054983,locality_curated
Kalur,TIRUVANNAMALAI,Tamil Nadu,12.232507,79.061927,locality_curated
SHIRUR,BAGALKOT,Karnataka,16.159588,75.686089,locality_curated
Sanipoondi,TIRUVANNAMALAI,Tamil Nadu,12.239576,79.071595,locality_curated
Iyangunnam,TIRUVANNAMALAI,Tamil Nadu,12.204235,79.087144,locality_curated
Ganapapauram,TIRUVANNAMALAI,Tamil Nadu,12.218218,79.090239,locality_curated
Neivanatham,TIRUVANNAMALAI,Tamil Nadu,12.218857,79.105717,locality_curated
Thailakullam at Karikilambadi,TIRUVANNAMALAI,Tamil Nadu,12.231746,79.091024,locality_curated
Vazhuthalangunnam,TIRUVANNAMALAI,Tamil Nadu,12.213082,79.05545,locality_curated
Nagengapattu,TIRUVANNAMALAI,Tamil Nadu,12.216728,79.096409,locality_curated
Kazhikulam,TIRUVANNAMALAI,Tamil Nadu,12.238588,79.09825,locality_curated
Aruddirapattu,TIRUVANNAMALAI,Tamil Nadu,12.208419,79.091973,locality_curated
Viruvilanginan,TIRUVANNAMALAI,Tamil Nadu,12.2015,79.064363,locality_curated
Panaiyur,TIRUVANNAMALAI,Tamil Nadu,12.244553,79.08701,locality_curated
Nedungur,KARUR,Tamil Nadu,10.943048,78.063512,locality_curated
Undach Vaniya faliya,NAVSARI,Gujarat,20.934962,72.927332,locality_curated
Kesli,NAVSARI,Gujarat,20.957245,72.965944,locality_curated
Ponsari,NAVSARI,Gujarat,20.932466,72.978399,locality_curated
Nandarkha,NAVSARI,Gujarat,20.937356,72.940888,locality_curated
Gandeva,NAVSARI,Gujarat,20.958627,72.942023,locality_curated
Endhal,NAVSARI,Gujarat,20.974385,72.948884,locality_curated
Dhanori,NAVSARI,Gujarat,20.95275,72.921523,locality_curated
Torangam,NAVSARI,Gujarat,20.938933,72.934165,locality_curated
Shree AKATHEESHWARAR BHAIRAVAR,SIVAGANGA,Tamil Nadu,9.8366,78.502136,locality_curated
Peraiyur,SIVAGANGA,Tamil Nadu,9.855826,78.474232,locality_curated
SAMUDRAM,SIVAGANGA,Tamil Nadu,9.848246,78.465001,locality_curated
Posampatti,SIVAGANGA,Tamil Nadu,9.827057,78.486712,locality_curated
Hemmige,MYSORE,Karnataka,12.283944,76.64888,locality_curated
Hirikyathanahalli,MYSORE,Karnataka,12.312881,76.619289,locality_curated
Mallavadi,TIRUVANNAMALAI,Tamil Nadu,12.239444,79.099767,locality_curated
Kiliyapattu,TIRUVANNAMALAI,Tamil Nadu,12.199417,79.087049,locality_curated
Vadapulithiyur,TIRUVANNAMALAI,Tamil Nadu,12.230322,79.04556,locality_curated
Randam,TIRUVANNAMALAI,Tamil Nadu,12.212153,79.098967,locality_curated
Parsantaj,KHEDA,Gujarat,22.70062,72.67645,locality_curated
Vansar,KHEDA,Gujarat,22.702086,72.663669,locality_curated
Meenakshipuram Government Primary,SIVAGANGA,Tamil Nadu,9.849445,78.506079,locality_curated
Halladakoppalu,MYSORE,Karnataka,12.303609,76.651248,locality_curated
Dharmapura,MYSORE,Karnataka,12.310116,76.639912,locality_curated
Bolanahalli,MYSORE,Karnataka,12.293267,76.620956,locality_curated
Alangudi Government,SIVAGANGA,Tamil Nadu,9.857146,78.472517,locality_curated
Tharmar,SIVAGANGA,Tamil Nadu,9.830818,78.489244,locality_curated
Shree Karpaga Vinayagar,SIVAGANGA,Tamil Nadu,9.824323,78.504299,locality_curated
Kalethimmanna,MYSORE,Karnataka,12.280397,76.635176,locality_curated
Boothanahalli,MYSORE,Karnataka,12.313214,76.629521,locality_curated
Chowkur,MYSORE,Karnataka,12.295522,76.623082,locality_curated
Bhuvanahalli,MYSORE,Karnataka,12.288761,76.660324,locality_curated
Kandegala,MYSORE,Karnataka,12.277629,76.635106,locality_curated
Malaganakere,MYSORE,Karnataka,12.282134,76.627241,locality_curated
kellur,MYSORE,Karnataka,12.283043,76.622689,locality_curated
Ekta,DHULE,Maharashtra,20.891769,74.763891,locality_curated
Sadguru,DHULE,Maharashtra,20.903201,74.750409,locality_curated
Dildar,DHULE,Maharashtra,20.915108,74.744409,locality_curated
Doddabyalalu,MYSORE,Karnataka,12.287377,76.627089,locality_curated
Kogilavadi,MYSORE,Karnataka,12.312102,76.635853,locality_curated
Kanimangalam LP,ALATHUR(SC),Kerala,10.576037,76.540476,locality_curated
Mangodu laksham Veedu,ALATHUR(SC),Kerala,10.571553,76.574379,locality_curated
Kelavalli HPS,UTTARA KANNADA,Karnataka,14.985879,74.601309,locality_curated
Gerupalya,BANGALORE NORTH,Karnataka,13.040769,77.617458,locality_curated
Kodigehalli,BANGALORE NORTH,Karnataka,13.065253,77.601788,locality_curated
agara,BANGALORE NORTH,Karnataka,13.016208,77.619334,locality_curated
Uttari,BANGALORE NORTH,Karnataka,13.039077,77.564996,locality_curated
koluru kundalapura,BANGALORE NORTH,Karnataka,13.05583,77.577828,locality_curated
Ellis,MADURAI,Tamil Nadu,9.94618,78.114883,locality_curated
Bacholli,UTTARA KANNADA,Karnataka,14.960885,74.581424,locality_curated
Mahatma Gandhi Government,JALORE,Rajasthan,25.343681,72.629806,locality_curated
Aanloj,JALORE,Rajasthan,25.326961,72.633852,locality_curated
Basaveshwara,UTTARA KANNADA,Karnataka,14.985747,74.554502,locality_curated
samarth,AMRAVATI(SC),Maharashtra,20.942574,77.773591,locality_curated
musukalamakki,UTTARA KANNADA,Karnataka,14.966635,74.545041,locality_curated
Debawas,JALORE,Rajasthan,25.35295,72.595515,locality_curated
Jalampura,JALORE,Rajasthan,25.317483,72.605486,locality_curated
Rajikawas,JALORE,Rajasthan,25.336402,72.643788,locality_curated
Nallahalli,BANGALORE RURAL,Karnataka,13.146762,77.38114,locality_curated
Dodda Allahalli,BANGALORE RURAL,Karnataka,13.160788,77.380014,locality_curated
Dantlavas,JALORE,Rajasthan,25.327587,72.603049,locality_curated
Mandapalli,AMALAPURAM(SC),Andhra Pradesh,16.578681,81.986494,locality_curated
Vanapallli,AMALAPURAM(SC),Andhra Pradesh,16.595449,81.990862,locality_curated
Vanapalli,AMALAPURAM(SC),Andhra Pradesh,16.548987,82.001117,locality_curated
MGNREGA se,SAGAR,Madhya Pradesh,23.85378,78.729812,locality_curated
Bhoot,SAGAR,Madhya Pradesh,23.827461,78.768484,locality_curated
Nathanpur,SAGAR,Madhya Pradesh,23.84414,78.714386,locality_curated
Khejda,SAGAR,Madhya Pradesh,23.819665,78.764577,locality_curated
Bamora,SAGAR,Madhya Pradesh,23.827523,78.721439,locality_curated
Semra,SAGAR,Madhya Pradesh,23.84228,78.70681,locality_curated
Charkha,AMRELI,Gujarat,21.579972,71.219334,locality_curated
Kerala,AMRELI,Gujarat,21.622561,71.235009,locality_curated
Dodiya Kui,KHEDA,Gujarat,22.727609,72.652008,locality_curated
Tajpar,AMRELI,Gujarat,21.605182,71.240264,locality_curated
Toda,AMRELI,Gujarat,21.610206,71.238912,locality_curated
Kotdapitha,AMRELI,Gujarat,21.577723,71.219954,locality_curated
Vandaliya,AMRELI,Gujarat,21.621087,71.243776,locality_curated
Thalapatti,KARUR,Tamil Nadu,10.942959,78.097407,locality_curated
Kali,ASKA,Odisha,19.621434,84.6409,locality_curated
Mendhar,NAVSARI,Gujarat,20.959987,72.948453,locality_curated
Desad,NAVSARI,Gujarat,20.939256,72.936357,locality_curated
Pati,NAVSARI,Gujarat,20.927537,72.950925,locality_curated
Ancheli,NAVSARI,Gujarat,20.937746,72.934704,locality_curated
Ajarai,NAVSARI,Gujarat,20.964681,72.96181,locality_curated
Ganghor,NAVSARI,Gujarat,20.917752,72.942524,locality_curated
Amalsad,NAVSARI,Gujarat,20.954175,72.969978,locality_curated
Gandevi,NAVSARI,Gujarat,20.92727,72.948332,locality_curated
Gram,JALORE,Rajasthan,25.335201,72.598971,locality_curated
Bhimana,JALORE,Rajasthan,25.331922,72.604879,locality_curated
Kanskheda,MANDLA(ST),Madhya Pradesh,22.595917,80.343918,locality_curated
Manikpur,MANDLA(ST),Madhya Pradesh,22.586735,80.403228,locality_curated
Banji,MANDLA(ST),Madhya Pradesh,22.622819,80.39575,locality_curated
Sudgaon,MANDLA(ST),Madhya Pradesh,22.583189,80.387086,locality_curated
Umariya,MANDLA(ST),Madhya Pradesh,22.609201,80.387903,locality_curated
Mungwani,MANDLA(ST),Madhya Pradesh,22.579037,80.384417,locality_curated
Badjhar,MANDLA(ST),Madhya Pradesh,22.609242,80.399756,locality_curated
Githar,MANDLA(ST),Madhya Pradesh,22.594606,80.391641,locality_curated
VOC,CHENNAI NORTH,Tamil Nadu,13.143454,80.260498,locality_curated
BODA,SIDHI,Madhya Pradesh,24.438763,81.854786,locality_curated
BARDI,SIDHI,Madhya Pradesh,24.433193,81.873816,locality_curated
SARETHI,SIDHI,Madhya Pradesh,24.386535,81.878763,locality_curated
RAMPUR,SIDHI,Madhya Pradesh,24.424195,81.866111,locality_curated
North Indira,TIRUCHIRAPPALLI,Tamil Nadu,10.802604,78.692379,locality_curated
Gram,CHHINDWARA,Madhya Pradesh,22.051571,78.961673,locality_curated
Chhahun me,DEORIA,Uttar Pradesh,26.515728,83.754189,locality_curated
BARO MAAR,ARAMBAG(SC),West Bengal,,,locality_curated
NAYGRAM HIGH,ARAMBAG(SC),West Bengal,,,locality_curated
Bollare,BANGALORE NORTH,Karnataka,13.053329,77.586189,locality_curated
Alawara,ALWAR,Rajasthan,26.7851156,77.0868158,nominatim
Ramnagar Chaurahe,ETAWAH(SC),Uttar Pradesh,26.748156,79.009854,locality_curated
Kurumala sanchay,ALATHUR(SC),Kerala,10.581097,76.536284,locality_curated
Shitala,TAMLUK,West Bengal,22.280113,87.922422,locality_curated
kuti Nandwa,BETUL(ST),Madhya Pradesh,21.923284,77.89544,locality_curated
Pipariya,MANDLA(ST),Madhya Pradesh,22.585665,80.347395,locality_curated
Golhai,BETUL(ST),Madhya Pradesh,21.921872,77.920701,locality_curated
Vijaypal,BIJNOR,Uttar Pradesh,29.394113,78.121637,locality_curated
Ravinder,BIJNOR,Uttar Pradesh,29.397599,78.130769,locality_curated
Khanni Uparali,KANGRA,Himachal Pradesh,32.104141,76.301452,locality_curated
Laveri me,MANDLA(ST),Madhya Pradesh,22.578485,80.381709,locality_curated
Munnur,DAKSHINA KANNADA,Karnataka,12.851523,75.220276,locality_curated
Chelur,DAKSHINA KANNADA,Karnataka,12.84486,75.279021,locality_curated
Someshwara,DAKSHINA KANNADA,Karnataka,12.832089,75.2401,locality_curated
Kamod,MANDLA(ST),Madhya Pradesh,22.598162,80.354923,locality_curated
kareli,MANDLA(ST),Madhya Pradesh,22.613789,80.353923,locality_curated
Kamti me,MANDLA(ST),Madhya Pradesh,22.601231,80.404044,locality_curated
Nagwara,MANDLA(ST),Madhya Pradesh,22.617524,80.386399,locality_curated
Bhama,MANDLA(ST),Madhya Pradesh,22.621323,80.370645,locality_curated
Lathgaon,MANDLA(ST),Madhya Pradesh,22.611157,80.390602,locality_curated
Murdai,MANDLA(ST),Madhya Pradesh,22.608171,80.398364,locality_curated
Kursiwada,MANDLA(ST),Madhya Pradesh,22.611699,80.354704,locality_curated
Rajakachhar,MANDLA(ST),Madhya Pradesh,22.625826,80.370147,locality_curated
baglai,MANDLA(ST),Madhya Pradesh,22.60876,80.400861,locality_curated
Kanjai,MANDLA(ST),Madhya Pradesh,22.57418,80.37078,locality_curated
Kotekar,DAKSHINA KANNADA,Karnataka,12.850329,75.222909,locality_curated
Dighari,MANDLA(ST),Madhya Pradesh,22.609289,80.391409,locality_curated
kilepal,BASTAR(ST),Chhattisgarh,19.326073,81.713474,locality_curated
Bagaspur,MANDLA(ST),Madhya Pradesh,22.595732,80.360478,locality_curated
Muwar,MANDLA(ST),Madhya Pradesh,22.618885,80.39798,locality_curated
Saliwada,MANDLA(ST),Madhya Pradesh,22.610015,80.387131,locality_curated
Basanpani,MANDLA(ST),Madhya Pradesh,22.591038,80.393234,locality_curated
Barheta,MANDLA(ST),Madhya Pradesh,22.578846,80.384936,locality_curated
Belkhedi,MANDLA(ST),Madhya Pradesh,22.599749,80.401724,locality_curated
Kapkheda,MANDLA(ST),Madhya Pradesh,22.596146,80.359804,locality_curated
Nandiya,MANDLA(ST),Madhya Pradesh,22.612462,80.382952,locality_curated
Kahapa,MANDLA(ST),Madhya Pradesh,22.586366,80.368614,locality_curated
Kandhrapur,MANDLA(ST),Madhya Pradesh,22.619237,80.400846,locality_curated
akola,MANDLA(ST),Madhya Pradesh,22.599226,80.398428,locality_curated
Gundrai,MANDLA(ST),Madhya Pradesh,22.579675,80.382921,locality_curated
Mekh,MANDLA(ST),Madhya Pradesh,22.620739,80.375059,locality_curated
Bauchhar,MANDLA(ST),Madhya Pradesh,22.604668,80.390227,locality_curated
Budhgaon,MANDLA(ST),Madhya Pradesh,22.596099,80.400647,locality_curated
tongkongera,BASTAR(ST),Chhattisgarh,19.296454,81.669398,locality_curated
Richha,MANDLA(ST),Madhya Pradesh,22.57786,80.353544,locality_curated
Badhaiyakheda,MANDLA(ST),Madhya Pradesh,22.581168,80.383869,locality_curated
Magardhashedh,MANDLA(ST),Madhya Pradesh,22.613214,80.36515,locality_curated
Madogarh,MANDLA(ST),Madhya Pradesh,22.617581,80.368784,locality_curated
Talapadi,DAKSHINA KANNADA,Karnataka,12.866974,75.253387,locality_curated
Boliyaru,DAKSHINA KANNADA,Karnataka,12.82472,75.272948,locality_curated
Kodman,DAKSHINA KANNADA,Karnataka,12.86342,75.236745,locality_curated
Pajiru,DAKSHINA KANNADA,Karnataka,12.855026,75.233682,locality_curated
Kairangala,DAKSHINA KANNADA,Karnataka,12.826921,75.242275,locality_curated
Konaje,DAKSHINA KANNADA,Karnataka,12.834904,75.260459,locality_curated
Nanda durga,BANKURA,West Bengal,23.248991,87.076284,locality_curated
Koni,UDUPI CHIKMAGALUR,Karnataka,13.358142,75.111631,locality_curated
Aranthodu,DAKSHINA KANNADA,Karnataka,12.824774,75.246193,locality_curated
ADAYKKAPANTHAL JUNCTION SITHARA,CHALAKUDY,Kerala,10.28122,76.345986,locality_curated
Lahadi,KANGRA,Himachal Pradesh,32.093477,76.23677,locality_curated
singh,KANGRA,Himachal Pradesh,32.083594,76.268432,locality_curated
Singh,KANGRA,Himachal Pradesh,32.104676,76.305443,locality_curated
Badkua,SAGAR,Madhya Pradesh,23.829525,78.765658,locality_curated
Nagaur,SAGAR,Madhya Pradesh,23.844326,78.70938,locality_curated
Amarpura,SAGAR,Madhya Pradesh,23.810794,78.723523,locality_curated
path,KANGRA,Himachal Pradesh,32.096414,76.289666,locality_curated
Taneipal,KEONJHAR(ST),Odisha,21.605392,85.588547,locality_curated
Baunsagad,KEONJHAR(ST),Odisha,21.61884,85.594569,locality_curated
Patulia Gram,DUM DUM,West Bengal,22.636965,88.374028,locality_curated
swapneswar mahdev,KEONJHAR(ST),Odisha,21.616928,85.591423,locality_curated
KHAMCHAURA,SIDHI,Madhya Pradesh,24.401112,81.889154,locality_curated
Soladanga Shiv,MALDAHA UTTAR,West Bengal,24.993149,88.15871,locality_curated
Nalkur Grama,UDUPI CHIKMAGALUR,Karnataka,13.356892,75.124022,locality_curated
Padubidri,UDUPI CHIKMAGALUR,Karnataka,13.348021,75.083286,locality_curated
Tenka Grama,UDUPI CHIKMAGALUR,Karnataka,13.342704,75.127908,locality_curated
Pellakur,TIRUPATI(SC),Andhra Pradesh,13.632995,79.437897,locality_curated
Patrame,DAKSHINA KANNADA,Karnataka,12.839691,75.234115,locality_curated
Ujire,DAKSHINA KANNADA,Karnataka,12.818879,75.24656,locality_curated
Shirlalu,DAKSHINA KANNADA,Karnataka,12.831478,75.221988,locality_curated
Sevalal,BIJAPUR(SC),Karnataka,16.8541,75.693158,locality_curated
Shivayogeshwar,BIJAPUR(SC),Karnataka,16.845684,75.694915,locality_curated
Patbaushi,BARPETA,Assam,26.317027,91.021882,locality_curated
Radhakrishna,KEONJHAR(ST),Odisha,21.646421,85.608871,locality_curated
Sathanur,TIRUVANNAMALAI,Tamil Nadu,12.239832,79.055669,locality_curated
Kolundampattu,TIRUVANNAMALAI,Tamil Nadu,12.254409,79.082126,locality_curated
Melvanakkambadi,TIRUVANNAMALAI,Tamil Nadu,12.237906,79.08276,locality_curated
Porasapattu,TIRUVANNAMALAI,Tamil Nadu,12.2043,79.063275,locality_curated
Melpulidiyur,TIRUVANNAMALAI,Tamil Nadu,12.224251,79.090057,locality_curated
Pudupattu,TIRUVANNAMALAI,Tamil Nadu,12.220457,79.087609,locality_curated
Andanur,TIRUVANNAMALAI,Tamil Nadu,12.237535,79.089101,locality_curated
Theethandapattu,TIRUVANNAMALAI,Tamil Nadu,12.207482,79.084394,locality_curated
puliyampatti,TIRUVANNAMALAI,Tamil Nadu,12.207499,79.078571,locality_curated
perumakkam,TIRUVANNAMALAI,Tamil Nadu,12.247729,79.075101,locality_curated
Kannakurukkai,TIRUVANNAMALAI,Tamil Nadu,12.219212,79.045396,locality_curated
Beemanandal,TIRUVANNAMALAI,Tamil Nadu,12.196824,79.087673,locality_curated
Pachal,TIRUVANNAMALAI,Tamil Nadu,12.211315,79.058807,locality_curated
Kallathur,TIRUVANNAMALAI,Tamil Nadu,12.203785,79.095959,locality_curated
Thenmalai athipattu,TIRUVANNAMALAI,Tamil Nadu,12.2124,79.049876,locality_curated
Kanamalai,TIRUVANNAMALAI,Tamil Nadu,12.205153,79.089134,locality_curated
Nellanthangal,TIRUVANNAMALAI,Tamil Nadu,12.202727,79.066747,locality_curated
Agrahara,UDUPI CHIKMAGALUR,Karnataka,13.360009,75.123212,locality_curated
Hampapur,UDUPI CHIKMAGALUR,Karnataka,13.346433,75.076771,locality_curated
Urubage Grama,UDUPI CHIKMAGALUR,Karnataka,13.353152,75.07959,locality_curated
Kachahalli,KOLAR(SC),Karnataka,13.125009,78.146779,locality_curated
Chikkamagaravalli Kalleshwar,UDUPI CHIKMAGALUR,Karnataka,13.357928,75.123799,locality_curated
Addagadde,UDUPI CHIKMAGALUR,Karnataka,13.336659,75.087145,locality_curated
Alandur,UDUPI CHIKMAGALUR,Karnataka,13.336786,75.119714,locality_curated
Begaru,UDUPI CHIKMAGALUR,Karnataka,13.339667,75.115881,locality_curated
Nemmaru,UDUPI CHIKMAGALUR,Karnataka,13.322341,75.123342,locality_curated
Hirekodige Gram,UDUPI CHIKMAGALUR,Karnataka,13.338885,75.121105,locality_curated
Nuggi,UDUPI CHIKMAGALUR,Karnataka,13.324805,75.104615,locality_curated
Maritotlu Gram,UDUPI CHIKMAGALUR,Karnataka,13.350495,75.088778,locality_curated
Harandur Grama,UDUPI CHIKMAGALUR,Karnataka,13.310905,75.100862,locality_curated
Tuluvinakoppa Gram,UDUPI CHIKMAGALUR,Karnataka,13.337615,75.125422,locality_curated
Pipeline,UDUPI CHIKMAGALUR,Karnataka,13.327768,75.082823,locality_curated
Karkeshwar Gram,UDUPI CHIKMAGALUR,Karnataka,13.336002,75.08678,locality_curated
Kanabur,UDUPI CHIKMAGALUR,Karnataka,13.328836,75.122035,locality_curated
Huigere,UDUPI CHIKMAGALUR,Karnataka,13.340303,75.083819,locality_curated
Dhagarniya,SAGAR,Madhya Pradesh,23.818449,78.73142,locality_curated
Chhirari,SAGAR,Madhya Pradesh,23.808334,78.735471,locality_curated
Muskara,SAGAR,Madhya Pradesh,23.83617,78.77067,locality_curated
Amet,SAGAR,Madhya Pradesh,23.8429,78.705906,locality_curated
Girol,SAGAR,Madhya Pradesh,23.811512,78.72325,locality_curated
Chartoriya,SAGAR,Madhya Pradesh,23.825608,78.748279,locality_curated
Nani Paniyali,BHAVNAGAR,Gujarat,21.734274,72.144982,locality_curated
Paniyani,BHAVNAGAR,Gujarat,21.762143,72.133841,locality_curated
Thadach,BHAVNAGAR,Gujarat,21.746297,72.13713,locality_curated
Jamanvav Gram,BHAVNAGAR,Gujarat,21.779673,72.17909,locality_curated
Todi,BHAVNAGAR,Gujarat,21.782582,72.17682,locality_curated
Shree Bahadurgadh,BHAVNAGAR,Gujarat,21.763538,72.171662,locality_curated
Gram,BHAVNAGAR,Gujarat,21.741536,72.174164,locality_curated
Hanol,BHAVNAGAR,Gujarat,21.76648,72.182382,locality_curated
Pipaliya,BHAVNAGAR,Gujarat,21.792411,72.149271,locality_curated
JAMODI,SIDHI,Madhya Pradesh,24.403701,81.860421,locality_curated
Thamballagondhi,KADAPA,Andhra Pradesh,14.448226,78.826181,locality_curated
Manyamvaripalli,KADAPA,Andhra Pradesh,14.481023,78.819529,locality_curated
Moolavaripalli,KADAPA,Andhra Pradesh,14.446995,78.813822,locality_curated
Nandipalli,KADAPA,Andhra Pradesh,14.452697,78.811804,locality_curated
Abbusahebpeta,KADAPA,Andhra Pradesh,14.474826,78.844078,locality_curated
Mallmpeta,KADAPA,Andhra Pradesh,14.490229,78.836636,locality_curated
Konasamudram,KADAPA,Andhra Pradesh,14.448695,78.847121,locality_curated
Lekkavaripalli,KADAPA,Andhra Pradesh,14.448604,78.818899,locality_curated
Siddarthanagar,KADAPA,Andhra Pradesh,14.473341,78.840082,locality_curated
Muddamvaripalli,KADAPA,Andhra Pradesh,14.441844,78.811793,locality_curated
Nagar,KADAPA,Andhra Pradesh,14.491437,78.816511,locality_curated
varikuntla,KADAPA,Andhra Pradesh,14.484522,78.830188,locality_curated
Musalireddypalli,KADAPA,Andhra Pradesh,14.454768,78.830463,locality_curated
Porumamilla,KADAPA,Andhra Pradesh,14.480969,78.838113,locality_curated
Rangasamudram,KADAPA,Andhra Pradesh,14.480541,78.839173,locality_curated
veeran,CUDDALORE,Tamil Nadu,11.741731,79.750457,locality_curated
Anbumani,CUDDALORE,Tamil Nadu,11.763112,79.799246,locality_curated
School karimbedu,ARAKKONAM,Tamil Nadu,13.085699,79.65777,locality_curated
Adlaguri Laxmi,BARPETA,Assam,26.336955,91.010548,locality_curated
Rata,BANKA,Bihar,24.89602,86.907874,locality_curated
Narakoduru,GUNTUR,Andhra Pradesh,16.2390824,80.6372643,nominatim
will be,GURDASPUR,Punjab,32.03611,75.425589,locality_curated
Chandragutti,SHIMOGA,Karnataka,13.951177,75.546178,locality_curated
Jeelani,MAVELIKKARA(SC),Kerala,9.23845,76.537158,locality_curated
Ambedkar,MAVELIKKARA(SC),Kerala,9.287865,76.545448,locality_curated
Kitchen,SHIMLA (SC),Himachal Pradesh,31.096774,77.195483,locality_curated
Jameel,AMRAVATI(SC),Maharashtra,20.917322,77.740458,locality_curated
Mandagatta,SHIMOGA,Karnataka,13.901728,75.576974,locality_curated
Mupparam,WARANGEL(SC),Telangana,,,locality_curated
Narayanagiri,WARANGEL(SC),Telangana,,,locality_curated
Ibrahimpur,WARANGEL(SC),Telangana,,,locality_curated
Chinnapendyala,WARANGEL(SC),Telangana,,,locality_curated
imperial,WARANGEL(SC),Telangana,,,locality_curated
Gorad,MAHESANA,Gujarat,23.608419,72.40855,locality_curated
TIMLI,VALSAD(ST),Gujarat,20.625536,72.921673,locality_curated
DHANORI,VALSAD(ST),Gujarat,20.571686,72.944898,locality_curated
NADAGCHAUND,VALSAD(ST),Gujarat,20.626661,72.933176,locality_curated
RAMUBHAI PANDUBHAI,VALSAD(ST),Gujarat,20.587603,72.917148,locality_curated
JAMNAI,VALSAD(ST),Gujarat,20.588024,72.919971,locality_curated
hanuman,INDORE,Madhya Pradesh,22.698089,75.83948,locality_curated
Ekachakreshwara,NIZAMABAD,Telangana,18.653622,78.102051,locality_curated
Neerugonda Hanuman,NIZAMABAD,Telangana,18.688808,78.111214,locality_curated
Vengalrao,NELLORE(SC),Andhra Pradesh,14.414498,79.982422,locality_curated
Redladinne,NELLORE(SC),Andhra Pradesh,14.45862,79.961974,locality_curated
North Harijanawada,NELLORE(SC),Andhra Pradesh,14.415703,79.997722,locality_curated
Udayagiri,NELLORE(SC),Andhra Pradesh,14.429591,79.990607,locality_curated
Brahmanakraka,NELLORE(SC),Andhra Pradesh,14.44451,80.014712,locality_curated
Brahmanakraka Grama,NELLORE(SC),Andhra Pradesh,14.445885,79.96726,locality_curated
Bukkapuram Grama,NELLORE(SC),Andhra Pradesh,14.459436,79.973399,locality_curated
Rajolu,NELLORE(SC),Andhra Pradesh,14.450002,80.003667,locality_curated
Ramannapalem Grama,NELLORE(SC),Andhra Pradesh,14.417982,79.977747,locality_curated
Yallayapalem Grama,NELLORE(SC),Andhra Pradesh,14.429649,79.976422,locality_curated
Annaluru Grama,NELLORE(SC),Andhra Pradesh,14.458464,79.963105,locality_curated
Grama,NELLORE(SC),Andhra Pradesh,14.466866,79.990022,locality_curated
Velagapadu,NELLORE(SC),Andhra Pradesh,14.467895,79.972611,locality_curated
Velagapadu Grama,NELLORE(SC),Andhra Pradesh,14.453264,79.959243,locality_curated
Vinjamur,NELLORE(SC),Andhra Pradesh,14.420296,80.003856,locality_curated
Purama Grama,NELLORE(SC),Andhra Pradesh,14.424887,80.001312,locality_curated
Narrawada Grama,NELLORE(SC),Andhra Pradesh,14.44429,80.011464,locality_curated
Ramapuram Grama,NELLORE(SC),Andhra Pradesh,14.423258,79.999471,locality_curated
Saipet Grama,NELLORE(SC),Andhra Pradesh,14.423787,80.001678,locality_curated
Leguntapadu,NELLORE(SC),Andhra Pradesh,14.423219,79.970864,locality_curated
Kodayapalem Grama,NELLORE(SC),Andhra Pradesh,14.443691,79.954238,locality_curated
Mypadu Grama,NELLORE(SC),Andhra Pradesh,14.419081,79.974125,locality_curated
Palem Grama,NELLORE(SC),Andhra Pradesh,14.440228,80.006445,locality_curated
Devispet Grama,NELLORE(SC),Andhra Pradesh,14.464018,79.99455,locality_curated
Keelarankiyam,SIVAGANGA,Tamil Nadu,9.841305,78.501119,locality_curated
Madapuram,SIVAGANGA,Tamil Nadu,9.82813,78.494655,locality_curated
Kanjirankulam,SIVAGANGA,Tamil Nadu,9.855493,78.463349,locality_curated
Keelasorikulam,SIVAGANGA,Tamil Nadu,9.857045,78.476251,locality_curated
Jeyankondanilai,SIVAGANGA,Tamil Nadu,9.869694,78.472482,locality_curated
Periya Avarankadu,SIVAGANGA,Tamil Nadu,9.83119,78.463392,locality_curated
Bhavani,NELLORE(SC),Andhra Pradesh,14.423981,79.991294,locality_curated
Hallimala,BANGALORE RURAL,Karnataka,13.140652,77.423761,locality_curated
Bommachanahalli,BANGALORE RURAL,Karnataka,13.136556,77.409312,locality_curated
Ramapura Janatha,BANGALORE RURAL,Karnataka,13.142157,77.417273,locality_curated
Pirampuvayal,SIVAGANGA,Tamil Nadu,9.847253,78.505226,locality_curated
Vadakudi,SIVAGANGA,Tamil Nadu,9.868523,78.470315,locality_curated
Kothamankalam,SIVAGANGA,Tamil Nadu,9.872504,78.489826,locality_curated
Natarajapuram,SIVAGANGA,Tamil Nadu,9.837862,78.511452,locality_curated
Karaikudi,SIVAGANGA,Tamil Nadu,9.828131,78.461996,locality_curated
Pannapakkam,TIRUVALLUR(SC),Tamil Nadu,13.151156,79.898647,locality_curated
Bhusra,MUZAFFARPUR,Bihar,26.112166,85.379679,locality_curated
Nagarampatti,SIVAGANGA,Tamil Nadu,9.837323,78.469622,locality_curated
Kalaiyarmangalam,SIVAGANGA,Tamil Nadu,9.814722,78.485682,locality_curated
Siruvanoor,SIVAGANGA,Tamil Nadu,9.829124,78.48362,locality_curated
Narasimapuram,SIVAGANGA,Tamil Nadu,9.870552,78.492982,locality_curated
Nattarasankottai Town,SIVAGANGA,Tamil Nadu,9.835207,78.497058,locality_curated
Kottaiyur Town,SIVAGANGA,Tamil Nadu,9.833539,78.511712,locality_curated
Pallathur Town,SIVAGANGA,Tamil Nadu,9.85108,78.468598,locality_curated
Kanadukathan Town,SIVAGANGA,Tamil Nadu,9.835739,78.501477,locality_curated
Kandanur Town,SIVAGANGA,Tamil Nadu,9.861128,78.494962,locality_curated
Puduvayal Town,SIVAGANGA,Tamil Nadu,9.827528,78.502782,locality_curated
Mahwara,MUZAFFARPUR,Bihar,26.10819,85.339163,locality_curated
Nakalank,BARDOLI(ST),Gujarat,21.106985,73.128324,locality_curated
Periyakottai,SIVAGANGA,Tamil Nadu,9.863804,78.487415,locality_curated
Thiruppathur Town,SIVAGANGA,Tamil Nadu,9.854341,78.49838,locality_curated
Kunvarda,BARDOLI(ST),Gujarat,21.109797,73.082013,locality_curated
Appavaram,TIRUVALLUR(SC),Tamil Nadu,13.109864,79.896633,locality_curated
Panpakakkam,TIRUVALLUR(SC),Tamil Nadu,13.151758,79.93425,locality_curated
Ellapuram Block Lachivakkam,TIRUVALLUR(SC),Tamil Nadu,13.162995,79.922804,locality_curated
Nelvoy,TIRUVALLUR(SC),Tamil Nadu,13.151342,79.92021,locality_curated
Uthukottai Town,TIRUVALLUR(SC),Tamil Nadu,13.149098,79.927456,locality_curated
Balethi,BARDOLI(ST),Gujarat,21.123279,73.136544,locality_curated
Luharwad,BARDOLI(ST),Gujarat,21.147661,73.120426,locality_curated
Bhaguda,AMRELI,Gujarat,21.618815,71.194312,locality_curated
Rampura,SAGAR,Madhya Pradesh,23.864361,78.754591,locality_curated
Baroda,SAGAR,Madhya Pradesh,23.820768,78.722398,locality_curated
Dharwad Taluk Dubbanamardi,DHARWAD,Karnataka,15.465862,74.991576,locality_curated
Dharwad Taluk Kurubagatti,DHARWAD,Karnataka,15.479346,74.991226,locality_curated
Dharwad Taluk Kotur,DHARWAD,Karnataka,15.479292,75.000926,locality_curated
Javur,UDUPI CHIKMAGALUR,Karnataka,13.353045,75.117964,locality_curated
Dagrawan,MUZAFFARPUR,Bihar,26.09975,85.342734,locality_curated
kandolpada,VALSAD(ST),Gujarat,20.602759,72.952087,locality_curated
dih,MUZAFFARPUR,Bihar,26.110025,85.377689,locality_curated
sipapur,MUZAFFARPUR,Bihar,26.145222,85.36707,locality_curated
Rampur Gram,KHAGARIA,Bihar,25.517264,86.454375,locality_curated
Baggavalli,UDUPI CHIKMAGALUR,Karnataka,13.331446,75.079577,locality_curated
Solapur,UDUPI CHIKMAGALUR,Karnataka,13.329988,75.122492,locality_curated
Tadaga,UDUPI CHIKMAGALUR,Karnataka,13.350637,75.128894,locality_curated
prakhand antargat,BANKA,Bihar,24.85609,86.924715,locality_curated
Kukkadam,BHONGIR,Telangana,17.537259,78.869967,locality_curated
Kuntapally,BHONGIR,Telangana,17.51353,78.857243,locality_curated
HaranKhedi,INDORE,Madhya Pradesh,22.691587,75.853432,locality_curated
Shumbha,KHAGARIA,Bihar,25.518515,86.473156,locality_curated
chithode Town,ERODE,Tamil Nadu,11.363623,77.720033,locality_curated
Chithode town,ERODE,Tamil Nadu,11.354294,77.725672,locality_curated
Sivagiri Town,ERODE,Tamil Nadu,11.319533,77.726046,locality_curated
thirunagar,ERODE,Tamil Nadu,11.319445,77.706948,locality_curated
Vengambur Town,ERODE,Tamil Nadu,11.363658,77.709243,locality_curated
Mansa,AMRELI,Gujarat,21.599339,71.250051,locality_curated
Jira,AMRELI,Gujarat,21.625421,71.205201,locality_curated
Dhamel,AMRELI,Gujarat,21.609626,71.235851,locality_curated
Veerpur,AMRELI,Gujarat,21.597037,71.209276,locality_curated
FAIZGANJ MAI,RAMPUR,Uttar Pradesh,28.819094,79.035934,locality_curated
Thirupuvanam Town,SIVAGANGA,Tamil Nadu,9.838144,78.51263,locality_curated
Thillaividangan in Madhanam,MAYILADUTHURAI,Tamil Nadu,11.113431,79.680522,locality_curated
Bazaar in Kesingan,MAYILADUTHURAI,Tamil Nadu,11.089129,79.629867,locality_curated
Uluthukuppai,MAYILADUTHURAI,Tamil Nadu,11.121977,79.654318,locality_curated
Keelagaram in Achalpuram,MAYILADUTHURAI,Tamil Nadu,11.08705,79.646466,locality_curated
Periyakoppiyam in Pannangudi,MAYILADUTHURAI,Tamil Nadu,11.125004,79.646314,locality_curated
Madavamedu in Puthupattinam,MAYILADUTHURAI,Tamil Nadu,11.077665,79.669199,locality_curated
Kulatthinganallur in Umaiyalpathi,MAYILADUTHURAI,Tamil Nadu,11.111011,79.639904,locality_curated
Neithavasal in Kaveripoompattinam,MAYILADUTHURAI,Tamil Nadu,11.106011,79.686135,locality_curated
kotlav,VALSAD(ST),Gujarat,20.588922,72.94444,locality_curated
karan me,UNNAO,Uttar Pradesh,26.541217,80.474665,locality_curated
Nevajkheda,UNNAO,Uttar Pradesh,26.525745,80.499538,locality_curated
Barbat Gram,UNNAO,Uttar Pradesh,26.537649,80.513341,locality_curated
Rampur Lone,UNNAO,Uttar Pradesh,26.527001,80.482606,locality_curated
Isakalapalem,SRIKAKULAM,Andhra Pradesh,18.265556,83.887231,locality_curated
Thotavuru,SRIKAKULAM,Andhra Pradesh,18.292883,83.863416,locality_curated
Nelavanka,SRIKAKULAM,Andhra Pradesh,18.320461,83.909976,locality_curated
Lollaputtuga,SRIKAKULAM,Andhra Pradesh,18.27938,83.910727,locality_curated
Savasanaputtuga,SRIKAKULAM,Andhra Pradesh,18.275709,83.880674,locality_curated
Gokarnapuram,SRIKAKULAM,Andhra Pradesh,18.288048,83.91001,locality_curated
Sasanam,SRIKAKULAM,Andhra Pradesh,18.312764,83.897457,locality_curated
Loddaputti,SRIKAKULAM,Andhra Pradesh,18.305256,83.879326,locality_curated
Kothapeta,MAHABUBNAGAR,Telangana,16.681146,77.964347,locality_curated
Manikonda,MAHABUBNAGAR,Telangana,16.689178,77.981526,locality_curated
Mulamalla,MAHABUBNAGAR,Telangana,16.692394,77.990131,locality_curated
Thipudampally,MAHABUBNAGAR,Telangana,16.711627,77.968561,locality_curated
Tirumaldevuni,MAHABUBNAGAR,Telangana,16.684942,77.97645,locality_curated
Bijjaram,MAHABUBNAGAR,Telangana,16.688818,77.947558,locality_curated
Narsapur,MAHABUBNAGAR,Telangana,16.708746,77.944996,locality_curated
Veeraram,MAHABUBNAGAR,Telangana,16.70626,77.94519,locality_curated
Kasht Bhanjan,KHARGONE(ST),Madhya Pradesh,21.8234,75.645713,locality_curated
Tarai,CHHINDWARA,Madhya Pradesh,22.036529,78.931743,locality_curated
Balak Manjhi,GAYA (SC),Bihar,24.80889,85.01369,locality_curated
Kothapalli,ELURU,Andhra Pradesh,16.734429,81.073663,locality_curated
Sai Baba,RAJAMPET,Andhra Pradesh,14.166222,79.162279,locality_curated
Bakhri,MUZAFFARPUR,Bihar,26.135133,85.395812,locality_curated
Ramapuram,RAJAMPET,Andhra Pradesh,14.201174,79.181596,locality_curated
Dinnevaddipalli,RAJAMPET,Andhra Pradesh,14.182234,79.184536,locality_curated
Chitur,KARUR,Tamil Nadu,10.975919,78.100488,locality_curated
Vadsangal,NAVSARI,Gujarat,20.927186,72.961744,locality_curated
Morli,NAVSARI,Gujarat,20.954547,72.922698,locality_curated
Kurel,NAVSARI,Gujarat,20.950576,72.978201,locality_curated
Mata Rani,KHERI,Uttar Pradesh,27.912134,80.762389,locality_curated
Shiv ji,KHERI,Uttar Pradesh,27.8956,80.784458,locality_curated
Shitala Mata,KHERI,Uttar Pradesh,27.910942,80.750935,locality_curated
Ariyanayagipuram,TENKASI(SC),Tamil Nadu,9.45132,77.639594,locality_curated
Puliyampatti,TENKASI(SC),Tamil Nadu,9.463734,77.617267,locality_curated
Vadikottai,TENKASI(SC),Tamil Nadu,9.467137,77.629948,locality_curated
Vadakkuputhur,TENKASI(SC),Tamil Nadu,9.459544,77.645195,locality_curated
Sankarankovil,TENKASI(SC),Tamil Nadu,9.448415,77.606037,locality_curated
Nakki Baba,KHERI,Uttar Pradesh,27.911842,80.778373,locality_curated
Hanuman,KHERI,Uttar Pradesh,27.906471,80.790116,locality_curated
Jama Gaunsia,KHERI,Uttar Pradesh,27.921724,80.750795,locality_curated
Kali Mata,KHERI,Uttar Pradesh,27.873672,80.780843,locality_curated
Raghav Ji,KHERI,Uttar Pradesh,27.924888,80.777546,locality_curated
Noori Barkati,KHERI,Uttar Pradesh,27.916714,80.773676,locality_curated
Radhakrishna,KHERI,Uttar Pradesh,27.917382,80.767933,locality_curated
Durga Devi,KHERI,Uttar Pradesh,27.877714,80.765098,locality_curated
Sati Mata,KHERI,Uttar Pradesh,27.918531,80.745011,locality_curated
Devi,KHERI,Uttar Pradesh,27.907323,80.74949,locality_curated
Mahakaleshwar,KHERI,Uttar Pradesh,27.878327,80.782495,locality_curated
Madrasa wali,KHERI,Uttar Pradesh,27.885524,80.748263,locality_curated
Madina,KHERI,Uttar Pradesh,27.90242,80.789483,locality_curated
Keelaneelithanallur,TENKASI(SC),Tamil Nadu,9.421474,77.632111,locality_curated
Jama,KHERI,Uttar Pradesh,27.870277,80.759718,locality_curated
Sumer Giri Baba,KHERI,Uttar Pradesh,27.881779,80.759495,locality_curated
Mata Ji,KHERI,Uttar Pradesh,27.917987,80.754663,locality_curated
Shiv Ji,KHERI,Uttar Pradesh,27.930957,80.774923,locality_curated
mallapalle,HINDUPUR,Andhra Pradesh,13.80722,77.50893,locality_curated
Shankar Ji,KHERI,Uttar Pradesh,27.885115,80.759063,locality_curated
shed,KANGRA,Himachal Pradesh,32.103527,76.286745,locality_curated
ghat,KANGRA,Himachal Pradesh,32.101679,76.300821,locality_curated
Saidapur,KHERI,Uttar Pradesh,27.898831,80.795246,locality_curated
Pachpedwa,KHERI,Uttar Pradesh,27.880162,80.780948,locality_curated
Rajaganj,KHERI,Uttar Pradesh,27.883211,80.778458,locality_curated
Jiganha,KHERI,Uttar Pradesh,27.906909,80.738645,locality_curated
Karanpur,KHERI,Uttar Pradesh,27.922336,80.793568,locality_curated
Murtiha,KHERI,Uttar Pradesh,27.870716,80.778262,locality_curated
Kaimhra,KHERI,Uttar Pradesh,27.887805,80.750293,locality_curated
Aman,KHERI,Uttar Pradesh,27.918063,80.786551,locality_curated
Dodagatta,HINDUPUR,Andhra Pradesh,13.819662,77.477261,locality_curated
Lakesar,KHERI,Uttar Pradesh,27.906512,80.75264,locality_curated
Raunsa,KHERI,Uttar Pradesh,27.917932,80.767148,locality_curated
Kodhaiya,KHERI,Uttar Pradesh,27.9,80.737787,locality_curated
Nardwal,KHERI,Uttar Pradesh,27.885133,80.744096,locality_curated
Parsehra,KHERI,Uttar Pradesh,27.913199,80.792998,locality_curated
Kotri,KHERI,Uttar Pradesh,27.910405,80.790393,locality_curated
Bhaduri,KHERI,Uttar Pradesh,27.912184,80.799564,locality_curated
Shankarpur,KHERI,Uttar Pradesh,27.919344,80.761598,locality_curated
Koraiya,KHERI,Uttar Pradesh,27.913293,80.740481,locality_curated
Siyathu,KHERI,Uttar Pradesh,27.887639,80.741322,locality_curated
Baragaon,KHERI,Uttar Pradesh,27.904709,80.739783,locality_curated
Patrasi,KHERI,Uttar Pradesh,27.898446,80.786728,locality_curated
Hindolna,KHERI,Uttar Pradesh,27.899569,80.742073,locality_curated
Odara,KHERI,Uttar Pradesh,27.881822,80.763711,locality_curated
Korara,KHERI,Uttar Pradesh,27.91598,80.776941,locality_curated
Maujmabad,KHERI,Uttar Pradesh,27.874313,80.784809,locality_curated
Chapartala,KHERI,Uttar Pradesh,27.885016,80.776171,locality_curated
Padaria,KHERI,Uttar Pradesh,27.897989,80.737459,locality_curated
Pipra,KHERI,Uttar Pradesh,27.923244,80.748701,locality_curated
Sunderwal,KHERI,Uttar Pradesh,27.911711,80.802797,locality_curated
Belhan,KHERI,Uttar Pradesh,27.876045,80.774779,locality_curated
Srinagar,KHERI,Uttar Pradesh,27.879647,80.749264,locality_curated
Tendua,KHERI,Uttar Pradesh,27.923049,80.769089,locality_curated
Pipragum,KHERI,Uttar Pradesh,27.916372,80.751475,locality_curated
Ankenpally,MEDAK,Telangana,18.053474,78.289028,locality_curated
Anantha Padmanabha swamy,NIZAMABAD,Telangana,18.68705,78.099896,locality_curated
Mallikarjuna,NIZAMABAD,Telangana,18.686246,78.085282,locality_curated
Beerappa,NIZAMABAD,Telangana,18.698267,78.112346,locality_curated
Ashti,HINGOLI,Maharashtra,19.3731889,77.7107942,nominatim
Babhali,HINGOLI,Maharashtra,19.741989,77.134076,locality_curated
Maksoha,KHERI,Uttar Pradesh,27.880955,80.755464,locality_curated
Delelnagar,KHERI,Uttar Pradesh,27.883275,80.79337,locality_curated
Sisaura,KHERI,Uttar Pradesh,27.910549,80.783257,locality_curated
Baraula,KHERI,Uttar Pradesh,27.906848,80.744654,locality_curated
Maheva,KHERI,Uttar Pradesh,27.92548,80.768993,locality_curated
Sisauna,KHERI,Uttar Pradesh,27.914684,80.787818,locality_curated
Anjanapur,KHERI,Uttar Pradesh,27.886134,80.749918,locality_curated
Ekdhari,HINGOLI,Maharashtra,19.703903,77.146303,locality_curated
Niwgha Bajar,HINGOLI,Maharashtra,19.729602,77.127071,locality_curated
Kondapalli Gopal Rao,MAHABUBABAD,Telangana,17.613966,80.004761,locality_curated
Kondapally Rao,MAHABUBABAD,Telangana,17.623427,80.019202,locality_curated
PANDHARWANI,BALAGHAT,Madhya Pradesh,21.837081,80.192783,locality_curated
Gardaha,KHERI,Uttar Pradesh,27.922042,80.768693,locality_curated
Rasoolpur,KHERI,Uttar Pradesh,27.885175,80.754358,locality_curated
Chhaturi,KHERI,Uttar Pradesh,27.869358,80.773644,locality_curated
Amirnagar Bazaar wali,KHERI,Uttar Pradesh,27.913559,80.743427,locality_curated
Deoria,KHERI,Uttar Pradesh,27.882323,80.754373,locality_curated
Mathana,KHERI,Uttar Pradesh,27.870017,80.761541,locality_curated
Guptha,MAHABUBABAD,Telangana,17.577895,79.976809,locality_curated
Krishna,MAHABUBABAD,Telangana,17.582394,80.014431,locality_curated
kalamnuri,HINGOLI,Maharashtra,19.701838,77.16036,locality_curated
Dhiravan Nuruddin Ansari,KHERI,Uttar Pradesh,27.913708,80.76837,locality_curated
Ganeshpur,KHERI,Uttar Pradesh,27.879105,80.746357,locality_curated
Bheemanna,NIZAMABAD,Telangana,18.661289,78.082572,locality_curated
Mata Ji Ka,KHERI,Uttar Pradesh,27.885754,80.75079,locality_curated
Lalganj,KHERI,Uttar Pradesh,27.910375,80.755502,locality_curated
Wazirnagar,KHERI,Uttar Pradesh,27.892252,80.739427,locality_curated
Vadada,SRIKAKULAM,Andhra Pradesh,18.312164,83.911983,locality_curated
Malpur,KHERI,Uttar Pradesh,27.897568,80.789584,locality_curated
Dhakherwa,KHERI,Uttar Pradesh,27.890946,80.752255,locality_curated
Majhra,KHERI,Uttar Pradesh,27.92811,80.780952,locality_curated
Teliar,KHERI,Uttar Pradesh,27.889652,80.74702,locality_curated
Khairtiya,KHERI,Uttar Pradesh,27.870065,80.760924,locality_curated
Bairiya,KHERI,Uttar Pradesh,27.88523,80.761485,locality_curated
Sujanpur,KHERI,Uttar Pradesh,27.917153,80.754283,locality_curated
Chhedipurwa,KHERI,Uttar Pradesh,27.910073,80.788241,locality_curated
Janbai,AMRELI,Gujarat,21.58544,71.240312,locality_curated
Keriyanagar,AMRELI,Gujarat,21.609511,71.199542,locality_curated
Semri,KHERI,Uttar Pradesh,27.906994,80.785532,locality_curated
Danduri,KHERI,Uttar Pradesh,27.891351,80.75305,locality_curated
Chandpura,KHERI,Uttar Pradesh,27.898228,80.798677,locality_curated
Kharwahiya,KHERI,Uttar Pradesh,27.895713,80.75507,locality_curated
Sinsaiya,KHERI,Uttar Pradesh,27.893916,80.792519,locality_curated
Sohariya,KHERI,Uttar Pradesh,27.868972,80.774311,locality_curated
Mallabehad village,KHERI,Uttar Pradesh,27.915036,80.770594,locality_curated
Gauria,KHERI,Uttar Pradesh,27.928879,80.771713,locality_curated
Okeshar Nath,KHERI,Uttar Pradesh,27.877019,80.773193,locality_curated
vaishnav Dham,INDORE,Madhya Pradesh,22.735366,75.852474,locality_curated
Kamalapura,DAVANAGERE,Karnataka,14.449149,75.94125,locality_curated
Nagar,GAYA (SC),Bihar,24.798331,85.033269,locality_curated
Yekkegondi,DAVANAGERE,Karnataka,14.442123,75.929275,locality_curated
Mattihalli,DAVANAGERE,Karnataka,14.483055,75.915166,locality_curated
Thyavanige,DAVANAGERE,Karnataka,14.449443,75.937795,locality_curated
Ponnala,MEDAK,Telangana,18.071353,78.250535,locality_curated
TUMBA,BAGALKOT,Karnataka,16.160567,75.705869,locality_curated
antargat shekhpurdani,MADHUBANI,Bihar,26.369976,86.054616,locality_curated
antargat nanaura,MADHUBANI,Bihar,26.384508,86.084325,locality_curated
house,BAGHPAT,Uttar Pradesh,28.956842,77.239485,locality_curated
Chelluru,VIZIANAGARAM,Andhra Pradesh,18.088099,83.415171,locality_curated
Kottayam Rajas High,KANNUR,Kerala,11.857435,75.391935,locality_curated
Korukonda,VIZIANAGARAM,Andhra Pradesh,18.124783,83.399992,locality_curated
Pinavemali,VIZIANAGARAM,Andhra Pradesh,18.102829,83.410798,locality_curated
Gollalapeta,VIZIANAGARAM,Andhra Pradesh,18.123824,83.402879,locality_curated
Billalavalasa,VIZIANAGARAM,Andhra Pradesh,18.093799,83.385739,locality_curated
Gantyada,VIZIANAGARAM,Andhra Pradesh,18.106461,83.381195,locality_curated
singhhouse,BAGHPAT,Uttar Pradesh,28.957964,77.216,locality_curated
Bondapalli,VIZIANAGARAM,Andhra Pradesh,18.076416,83.402956,locality_curated
Gajapathinagaram,VIZIANAGARAM,Andhra Pradesh,18.125723,83.381059,locality_curated
Vadanappally Grama,THRISSUR,Kerala,10.544099,76.231182,locality_curated
Bagakandra Nuaguda Hundi,NABARANGPUR(ST),Odisha,19.215696,82.523792,locality_curated
Rama,NABARANGPUR(ST),Odisha,19.212624,82.54644,locality_curated
Trinath,NABARANGPUR(ST),Odisha,19.246038,82.548623,locality_curated
Shiba,NABARANGPUR(ST),Odisha,19.2437,82.56271,locality_curated
Krushna,NABARANGPUR(ST),Odisha,19.236331,82.561611,locality_curated
Karakalaghatta Janatha,BANGALORE RURAL,Karnataka,13.166423,77.37301,locality_curated
Thippasandra,BANGALORE RURAL,Karnataka,13.12497,77.400898,locality_curated
Rampuradoddi Iruligara,BANGALORE RURAL,Karnataka,13.172735,77.40539,locality_curated
ICDS in Kotabommali,SRIKAKULAM,Andhra Pradesh,18.316059,83.88041,locality_curated
Kotabommali,SRIKAKULAM,Andhra Pradesh,18.298389,83.914638,locality_curated
Sompeta mandal,SRIKAKULAM,Andhra Pradesh,18.300412,83.868652,locality_curated
Lakkavaram,SRIKAKULAM,Andhra Pradesh,18.321621,83.907526,locality_curated
Inagalur,TIRUPATI(SC),Andhra Pradesh,13.649086,79.437995,locality_curated
village Dhakherwa Khalsa,KHERI,Uttar Pradesh,27.918125,80.745558,locality_curated
Shani Maharaj,KHERI,Uttar Pradesh,27.884167,80.745341,locality_curated
Ludhauri,KHERI,Uttar Pradesh,27.903801,80.745605,locality_curated
Constructionof,NIZAMABAD,Telangana,18.685956,78.070361,locality_curated
Bagur,ULUBERIA,West Bengal,22.485939,88.104515,locality_curated
Amta I,ULUBERIA,West Bengal,22.461814,88.073902,locality_curated
Gangabehar,KHERI,Uttar Pradesh,27.907214,80.737261,locality_curated
Barautha,KHERI,Uttar Pradesh,27.895028,80.755344,locality_curated
Paramasivan,THENI,Tamil Nadu,10.031258,77.453477,locality_curated
Bhedauri,KHERI,Uttar Pradesh,27.884552,80.759908,locality_curated
Lalpur,KHERI,Uttar Pradesh,27.905673,80.803022,locality_curated
Mudabujurg,KHERI,Uttar Pradesh,27.91358,80.763159,locality_curated
Harisinghpur,KHERI,Uttar Pradesh,27.921792,80.752084,locality_curated
Gavanal,CHIKKODI,Karnataka,16.415478,74.61193,locality_curated
Hirekodi,CHIKKODI,Karnataka,16.441764,74.585144,locality_curated
Kanagala,CHIKKODI,Karnataka,16.42868,74.578201,locality_curated
DIH BABA,MACHHLISHAHR(SC),Uttar Pradesh,25.797897,82.570586,locality_curated
Kodanda Ramapuram,TIRUPATI(SC),Andhra Pradesh,13.653091,79.41789,locality_curated
Gauriya,KHERI,Uttar Pradesh,27.891318,80.74147,locality_curated
Gayatri,NABARANGPUR(ST),Odisha,19.218132,82.559729,locality_curated
Maa Koshaleswari,NABARANGPUR(ST),Odisha,19.211555,82.569791,locality_curated
Thakurani,NABARANGPUR(ST),Odisha,19.23785,82.514677,locality_curated
Baba Chaurian,NABARANGPUR(ST),Odisha,19.209382,82.5465,locality_curated
Nagarabujurg,GONDA,Uttar Pradesh,27.105951,81.97147,locality_curated
Maskanwa,GONDA,Uttar Pradesh,27.122443,81.947412,locality_curated
Ramduttpur,GONDA,Uttar Pradesh,27.117609,81.940837,locality_curated
Bhuigwan,GONDA,Uttar Pradesh,27.144573,81.934786,locality_curated
Keshavnagar,GONDA,Uttar Pradesh,27.149421,81.967514,locality_curated
Turkadiha,GONDA,Uttar Pradesh,27.132128,81.975097,locality_curated
Bakharwa,GONDA,Uttar Pradesh,27.12967,81.981255,locality_curated
Maa Parbati,NABARANGPUR(ST),Odisha,19.212318,82.53729,locality_curated
Maa Thakurani,NABARANGPUR(ST),Odisha,19.241485,82.530816,locality_curated
Kalki Mata,NABARANGPUR(ST),Odisha,19.203583,82.543048,locality_curated
Lodhiaghata,GONDA,Uttar Pradesh,27.108234,81.954802,locality_curated
Kishundaspur,GONDA,Uttar Pradesh,27.141813,81.975819,locality_curated
Khadauwa,GONDA,Uttar Pradesh,27.145332,81.951222,locality_curated
Chadauwa,GONDA,Uttar Pradesh,27.118509,81.948776,locality_curated
Dadwa,GONDA,Uttar Pradesh,27.139114,81.926506,locality_curated
Motigaon,NABARANGPUR(ST),Odisha,19.237599,82.525801,locality_curated
Maa Bhandar Gharani,NABARANGPUR(ST),Odisha,19.205687,82.564872,locality_curated
Pendrani,NABARANGPUR(ST),Odisha,19.245706,82.550273,locality_curated
Mausi Maa,NABARANGPUR(ST),Odisha,19.212333,82.54437,locality_curated
Katra,GONDA,Uttar Pradesh,27.149013,81.964153,locality_curated
Gandhi,NABARANGPUR(ST),Odisha,19.253656,82.529299,locality_curated
Kali,NABARANGPUR(ST),Odisha,19.248993,82.539908,locality_curated
Maa Kali,NABARANGPUR(ST),Odisha,19.233053,82.528391,locality_curated
Alekha Mahima,NABARANGPUR(ST),Odisha,19.254644,82.533887,locality_curated
Khutiariguda,NABARANGPUR(ST),Odisha,19.252823,82.552728,locality_curated
Kankalini,NABARANGPUR(ST),Odisha,19.225512,82.52583,locality_curated
Radhakrishna,NABARANGPUR(ST),Odisha,19.20615,82.540506,locality_curated
Adishakti Maa Kali,NABARANGPUR(ST),Odisha,19.234072,82.566644,locality_curated
Hanuman,NABARANGPUR(ST),Odisha,19.233618,82.51972,locality_curated
Sunshine Public,GUWAHATI,Assam,26.122267,91.71467,locality_curated
Kali,GUWAHATI,Assam,26.156444,91.746226,locality_curated
Raghopur,MUZAFFARPUR,Bihar,26.109611,85.379164,locality_curated
Villiyanallur,CHIDAMBARAM(SC),Tamil Nadu,11.399833,79.65945,locality_curated
Veeramudiyanatham Village Veeramudiyanatham,CHIDAMBARAM(SC),Tamil Nadu,11.410252,79.702169,locality_curated
Harsha,MALKAJGIRI,Telangana,17.482322,78.537431,locality_curated
Mandavne,MAVAL,Maharashtra,18.740454,73.517871,locality_curated
Lakhanpur,MUZAFFARPUR,Bihar,26.131733,85.334837,locality_curated
Ghanshyampur,MUZAFFARPUR,Bihar,26.13012,85.384013,locality_curated
Malampatti,SIVAGANGA,Tamil Nadu,9.851185,78.498468,locality_curated
Vaniyankadu,SIVAGANGA,Tamil Nadu,9.850359,78.468148,locality_curated
Bangaru Maisamma,NIZAMABAD,Telangana,18.677901,78.111546,locality_curated
Land,GURGAON,Haryana,28.449156,77.015628,locality_curated
Vinayakanagara,DAVANAGERE,Karnataka,14.472304,75.952266,locality_curated
Kadathi,DAVANAGERE,Karnataka,14.450593,75.914535,locality_curated
Goppenahalli,DAVANAGERE,Karnataka,14.465082,75.941977,locality_curated
Hanumasagara,DAVANAGERE,Karnataka,14.442364,75.913064,locality_curated
Kurumbur,SIVAGANGA,Tamil Nadu,9.842806,78.454224,locality_curated
Walajabad,KANCHEEPURAM(SC),Tamil Nadu,12.811448,79.719923,locality_curated
Karanaipuducheri,KANCHEEPURAM(SC),Tamil Nadu,12.840663,79.708357,locality_curated
Oradadam,KANCHEEPURAM(SC),Tamil Nadu,12.818164,79.674931,locality_curated
Thirumani,KANCHEEPURAM(SC),Tamil Nadu,12.832786,79.706994,locality_curated
Mamapakkam,KANCHEEPURAM(SC),Tamil Nadu,12.7949,79.698968,locality_curated
Anoor,KANCHEEPURAM(SC),Tamil Nadu,12.80528,79.707793,locality_curated
Nathamkarimacheri,KANCHEEPURAM(SC),Tamil Nadu,12.805416,79.701537,locality_curated
Thriukalukundram Town,KANCHEEPURAM(SC),Tamil Nadu,12.827697,79.673514,locality_curated
Natarajapuram Village Vasaputhur,CHIDAMBARAM(SC),Tamil Nadu,11.374836,79.701193,locality_curated
Pudhuchathiram Village Villiyanallur,CHIDAMBARAM(SC),Tamil Nadu,11.401584,79.671627,locality_curated
Manjakuzhi,CHIDAMBARAM(SC),Tamil Nadu,11.410507,79.713037,locality_curated
Keelnathur,TIRUVALLUR(SC),Tamil Nadu,13.16656,79.898564,locality_curated
Viyasapuram,TIRUVALLUR(SC),Tamil Nadu,13.130545,79.87727,locality_curated
Vengathur,TIRUVALLUR(SC),Tamil Nadu,13.152703,79.932733,locality_curated
Keelachery,TIRUVALLUR(SC),Tamil Nadu,13.123672,79.915683,locality_curated
light Vishnuvakkam,TIRUVALLUR(SC),Tamil Nadu,13.151011,79.929465,locality_curated
Arambakkam,TIRUVALLUR(SC),Tamil Nadu,13.153164,79.93478,locality_curated
Throupathi amman,TIRUVALLUR(SC),Tamil Nadu,13.127446,79.919382,locality_curated
Ponnankoil  Paradhur,CHIDAMBARAM(SC),Tamil Nadu,11.389615,79.673488,locality_curated
Srivakkaramari,CHIDAMBARAM(SC),Tamil Nadu,11.382592,79.695167,locality_curated
Achalpuram,CHIDAMBARAM(SC),Tamil Nadu,11.421421,79.68539,locality_curated
Kilvanniyur,CHIDAMBARAM(SC),Tamil Nadu,11.420017,79.685331,locality_curated
jagarnathpur me,JAUNPUR,Uttar Pradesh,25.738217,82.709785,locality_curated
Thalikulam Village Vadathalaikulam,CHIDAMBARAM(SC),Tamil Nadu,11.383792,79.683885,locality_curated
Pavazhankudi,CHIDAMBARAM(SC),Tamil Nadu,11.405015,79.705786,locality_curated
Jeevangi,CHELVELLA,Telangana,,,locality_curated
Kothapally,CHELVELLA,Telangana,,,locality_curated
Non Municipal,CHIDAMBARAM(SC),Tamil Nadu,11.407953,79.701898,locality_curated
Govindapuram,CHIDAMBARAM(SC),Tamil Nadu,11.420738,79.690982,locality_curated
motapung,DIBRUGARH,Assam,27.45914,94.910923,locality_curated
Parppanachery Village Parppanachery,CHIDAMBARAM(SC),Tamil Nadu,11.402517,79.663873,locality_curated
Keezha,CHIDAMBARAM(SC),Tamil Nadu,11.369103,79.697712,locality_curated
School Thirumanur,CHIDAMBARAM(SC),Tamil Nadu,11.403362,79.720087,locality_curated
Dhulijan LP,DIBRUGARH,Assam,27.461984,94.926024,locality_curated
Vanavanallur Village Thaluthalaimedu,CHIDAMBARAM(SC),Tamil Nadu,11.419534,79.673885,locality_curated
Vadaveekkam Village Thandalai,CHIDAMBARAM(SC),Tamil Nadu,11.427929,79.693155,locality_curated
Kalleri West,CHIDAMBARAM(SC),Tamil Nadu,11.385906,79.693504,locality_curated
Elaiyur VIllage Elaiyur,CHIDAMBARAM(SC),Tamil Nadu,11.373585,79.674838,locality_curated
AD Street Koodalur,CHIDAMBARAM(SC),Tamil Nadu,11.375987,79.686833,locality_curated
Village Thirumandurai,CHIDAMBARAM(SC),Tamil Nadu,11.416267,79.669972,locality_curated
MUTTATTI,BAGALKOT,Karnataka,16.206948,75.680447,locality_curated
KAGALGOMBA,BAGALKOT,Karnataka,16.174349,75.714111,locality_curated
PETLUR,BAGALKOT,Karnataka,16.168597,75.707873,locality_curated
CHIKKUR,BAGALKOT,Karnataka,16.164432,75.718312,locality_curated
RUGI,BAGALKOT,Karnataka,16.203883,75.706556,locality_curated
INGALAGI,BAGALKOT,Karnataka,16.168626,75.720282,locality_curated
BHANTANUR,BAGALKOT,Karnataka,16.197971,75.71995,locality_curated
Durga,DIBRUGARH,Assam,27.483351,94.892969,locality_curated
KOTIKAL,BAGALKOT,Karnataka,16.203524,75.676165,locality_curated
GALAGALI,BAGALKOT,Karnataka,16.183077,75.712483,locality_curated
GOTHE,BAGALKOT,Karnataka,16.174181,75.720302,locality_curated
Kankanawadi,BAGALKOT,Karnataka,16.171024,75.707138,locality_curated
Mallappuzhasserry Grama,PATHANAMTHITTA,Kerala,9.274301,76.805295,locality_curated
ASANGI,BAGALKOT,Karnataka,16.195488,75.680426,locality_curated
KADUR,HASSAN,Karnataka,12.995119,76.107381,locality_curated
ARASIKERE,HASSAN,Karnataka,13.013567,76.07076,locality_curated
Basahari,SAGAR,Madhya Pradesh,23.856467,78.721593,locality_curated
Bildhav,SAGAR,Madhya Pradesh,23.852583,78.768695,locality_curated
Canal Katta Hanumna,NIZAMABAD,Telangana,18.655706,78.115126,locality_curated
hosanna,NIZAMABAD,Telangana,18.683322,78.105032,locality_curated
ZUNJARAKOPPA,BAGALKOT,Karnataka,16.208968,75.689036,locality_curated
Tuppur gram,SHIMOGA,Karnataka,13.946332,75.543921,locality_curated
ELKURTHY,WARANGEL(SC),Telangana,,,locality_curated
Pisawan ki,DHAURAHRA,Uttar Pradesh,27.71597,81.00229,locality_curated
Nanoshi in Manghar,MAVAL,Maharashtra,18.769605,73.551001,locality_curated
towards,KANGRA,Himachal Pradesh,32.113814,76.288815,locality_curated
playground,KANGRA,Himachal Pradesh,32.07893,76.277583,locality_curated
house,KANGRA,Himachal Pradesh,32.08152,76.257138,locality_curated
Dhramraj,KAUSHAMBI(SC),Uttar Pradesh,25.524007,81.360344,locality_curated
Lal,KAUSHAMBI(SC),Uttar Pradesh,25.536859,81.391086,locality_curated
Singh,KAUSHAMBI(SC),Uttar Pradesh,25.564359,81.383048,locality_curated
Tripathi,KAUSHAMBI(SC),Uttar Pradesh,25.524815,81.396319,locality_curated
Mujahair,KAUSHAMBI(SC),Uttar Pradesh,25.534857,81.341528,locality_curated
Yadav,KAUSHAMBI(SC),Uttar Pradesh,25.552145,81.378692,locality_curated
Pasi,KAUSHAMBI(SC),Uttar Pradesh,25.533488,81.405513,locality_curated
Karela,SURENDRANAGAR,Gujarat,22.702316,71.640568,locality_curated
Lunavas,JALORE,Rajasthan,25.345489,72.591485,locality_curated
Center,LUDHIANA,Punjab,30.913144,75.890643,locality_curated
Azimpeta,BHONGIR,Telangana,17.488219,78.867697,locality_curated
Gugudu,ANANTAPUR,Andhra Pradesh,14.670948,77.615624,locality_curated
Gram,RAE BARELI,Uttar Pradesh,26.229301,81.252109,locality_curated
Satya Sai,RAE BARELI,Uttar Pradesh,26.221387,81.263412,locality_curated
Njeezhoor,KOTTAYAM,Kerala,9.576609,76.49787,locality_curated
khamher,MANDLA(ST),Madhya Pradesh,22.572517,80.369402,locality_curated
Morangial,NOWGONG,Assam,26.329802,92.706895,locality_curated
Sai baba,NIZAMABAD,Telangana,18.682884,78.124115,locality_curated
Sagarin,LUDHIANA,Punjab,30.910162,75.879193,locality_curated
Rehamania,NAGPUR,Maharashtra,21.159318,79.091546,locality_curated
Marg se,GAUTAM BUDDHA NAGAR,Uttar Pradesh,28.511013,77.395915,locality_curated
Govt Elementary,TIRUVALLUR(SC),Tamil Nadu,13.123464,79.925935,locality_curated
Korattur,TIRUVALLUR(SC),Tamil Nadu,13.147694,79.927096,locality_curated
Tirumazhisai Town,TIRUVALLUR(SC),Tamil Nadu,13.122777,79.929766,locality_curated
Kannigapuram,TIRUVALLUR(SC),Tamil Nadu,13.160636,79.924725,locality_curated
Vellakulam Roundtana Thozhuvur,TIRUVALLUR(SC),Tamil Nadu,13.166749,79.904135,locality_curated
KHAJJIDONI,BAGALKOT,Karnataka,16.16471,75.686434,locality_curated
Nallur,TIRUVALLUR(SC),Tamil Nadu,13.145944,79.889638,locality_curated
Nos  Perungavur,TIRUVALLUR(SC),Tamil Nadu,13.13719,79.885279,locality_curated
Orakkadu,TIRUVALLUR(SC),Tamil Nadu,13.161031,79.921494,locality_curated
Alamathi,TIRUVALLUR(SC),Tamil Nadu,13.1172,79.887936,locality_curated
Pudhur,TIRUVALLUR(SC),Tamil Nadu,13.156268,79.882379,locality_curated
Aangadu,TIRUVALLUR(SC),Tamil Nadu,13.118345,79.925899,locality_curated
nerkundram,TIRUVALLUR(SC),Tamil Nadu,13.12041,79.898392,locality_curated
padiyanallur,TIRUVALLUR(SC),Tamil Nadu,13.160862,79.889883,locality_curated
Athur,TIRUVALLUR(SC),Tamil Nadu,13.110611,79.906051,locality_curated
Padiyanallur,TIRUVALLUR(SC),Tamil Nadu,13.13244,79.919502,locality_curated
Shoalavaram,TIRUVALLUR(SC),Tamil Nadu,13.15854,79.926042,locality_curated
Sothuperumbedu,TIRUVALLUR(SC),Tamil Nadu,13.111809,79.892636,locality_curated
Kummanur,TIRUVALLUR(SC),Tamil Nadu,13.143505,79.887357,locality_curated
Nos  Pammathukulam,TIRUVALLUR(SC),Tamil Nadu,13.152329,79.878661,locality_curated
Pothur,TIRUVALLUR(SC),Tamil Nadu,13.159919,79.889423,locality_curated
Vellanoor,TIRUVALLUR(SC),Tamil Nadu,13.138649,79.922235,locality_curated
Morai,TIRUVALLUR(SC),Tamil Nadu,13.126349,79.887911,locality_curated
Vellacheri,TIRUVALLUR(SC),Tamil Nadu,13.15481,79.910155,locality_curated
Arakkambakam,TIRUVALLUR(SC),Tamil Nadu,13.126174,79.928033,locality_curated
Pandeshwaram,TIRUVALLUR(SC),Tamil Nadu,13.165085,79.903848,locality_curated
Palavaedu,TIRUVALLUR(SC),Tamil Nadu,13.148808,79.879093,locality_curated
Alathur,TIRUVALLUR(SC),Tamil Nadu,13.138922,79.921784,locality_curated
Karalapakkam,TIRUVALLUR(SC),Tamil Nadu,13.157043,79.881243,locality_curated
Sangameswara,HAVERI,Karnataka,14.805171,75.369501,locality_curated
Suhagpur,KEONJHAR(ST),Odisha,21.6288,85.564259,locality_curated
Kodumur,KURNOOL,Andhra Pradesh,15.849725,78.044172,locality_curated
Alekha Mahima,KEONJHAR(ST),Odisha,21.649971,85.5818,locality_curated
Anjaneya swamy,KURNOOL,Andhra Pradesh,15.841446,78.015939,locality_curated
modern,KURNOOL,Andhra Pradesh,15.848672,78.029517,locality_curated
Bettadamalali,UDUPI CHIKMAGALUR,Karnataka,13.33182,75.119714,locality_curated
Kalvach,NAVSARI,Gujarat,20.936494,72.965987,locality_curated
Kumbharfaliya,NAVSARI,Gujarat,20.963029,72.97697,locality_curated
Alipor,NAVSARI,Gujarat,20.938656,72.984146,locality_curated
Balvada,NAVSARI,Gujarat,20.936055,72.968278,locality_curated
Rethvaniya,NAVSARI,Gujarat,20.967503,72.97351,locality_curated
Vishnudev,MADHA,Maharashtra,17.913814,75.550853,locality_curated
KOladasapuram,KRISHNAGIRI,Tamil Nadu,12.529032,78.226896,locality_curated
Palavanapalli,KRISHNAGIRI,Tamil Nadu,12.526519,78.235987,locality_curated
GGHSS in Bagalur,KRISHNAGIRI,Tamil Nadu,12.535204,78.22561,locality_curated
GHSS in Masinayakkanapalli,KRISHNAGIRI,Tamil Nadu,12.500517,78.20659,locality_curated
PUPS in Thummanapalli,KRISHNAGIRI,Tamil Nadu,12.506064,78.22303,locality_curated
Bismillah,KRISHNAGIRI,Tamil Nadu,12.535968,78.19652,locality_curated
saraswati sishu vidya,KEONJHAR(ST),Odisha,21.621888,85.567207,locality_curated
Ratnagiri,HINDUPUR,Andhra Pradesh,13.80163,77.504742,locality_curated
Dodderi,HINDUPUR,Andhra Pradesh,13.851588,77.500532,locality_curated
Basarahalli,UDUPI CHIKMAGALUR,Karnataka,13.358441,75.094116,locality_curated
Sattihalli,UDUPI CHIKMAGALUR,Karnataka,13.37199,75.098042,locality_curated
Baigur,UDUPI CHIKMAGALUR,Karnataka,13.343012,75.070366,locality_curated
Hariharadahalli,UDUPI CHIKMAGALUR,Karnataka,13.326679,75.104774,locality_curated
Moodigere Town,UDUPI CHIKMAGALUR,Karnataka,13.370229,75.09982,locality_curated
Kotbaspally,CHELVELLA,Telangana,,,locality_curated
Sirigiripet,CHELVELLA,Telangana,,,locality_curated
Kothrepally,CHELVELLA,Telangana,,,locality_curated
badnai,KEONJHAR(ST),Odisha,21.627932,85.599608,locality_curated
primary,KEONJHAR(ST),Odisha,21.627353,85.552088,locality_curated
shiv,KEONJHAR(ST),Odisha,21.646513,85.59723,locality_curated
panasadiha,KEONJHAR(ST),Odisha,21.621478,85.552406,locality_curated
tikirpada,KEONJHAR(ST),Odisha,21.640798,85.571716,locality_curated
Digdhar,KEONJHAR(ST),Odisha,21.633071,85.560187,locality_curated
Kathuanugan,KEONJHAR(ST),Odisha,21.599822,85.590153,locality_curated
sweeper,KEONJHAR(ST),Odisha,21.601835,85.575634,locality_curated
Sonandur,DAKSHINA KANNADA,Karnataka,12.842452,75.221509,locality_curated
Sarat Sishu,KEONJHAR(ST),Odisha,21.617149,85.608677,locality_curated
thakurmunda sishu,KEONJHAR(ST),Odisha,21.635356,85.596259,locality_curated
Suakati Saraswati Sishu,KEONJHAR(ST),Odisha,21.650395,85.605031,locality_curated
Ghatgaon Sishu,KEONJHAR(ST),Odisha,21.634397,85.567616,locality_curated
Dhenkikote Sishu,KEONJHAR(ST),Odisha,21.646214,85.592184,locality_curated
DAKATE KALI,ARAMBAG(SC),West Bengal,,,locality_curated
BISHALAKSHMI,ARAMBAG(SC),West Bengal,,,locality_curated
DURGA,ARAMBAG(SC),West Bengal,,,locality_curated
OLAICHANDI MATA,ARAMBAG(SC),West Bengal,,,locality_curated
BISHLAXMI,ARAMBAG(SC),West Bengal,,,locality_curated
Arma,MAINPURI,Uttar Pradesh,27.211525,78.996811,locality_curated
Vyoti,MAINPURI,Uttar Pradesh,27.251305,79.042366,locality_curated
Pahadpuru,MAINPURI,Uttar Pradesh,27.240351,78.984275,locality_curated
Kali Mata,SHIMLA (SC),Himachal Pradesh,31.103857,77.204946,locality_curated
Mouneshwar,BIJAPUR(SC),Karnataka,16.820222,75.693318,locality_curated
Aranya Siddeshwar,BIJAPUR(SC),Karnataka,16.823218,75.722634,locality_curated
Hanuman,JAMMU,Jammu And Kashmir,32.712457,74.83959,locality_curated
sejpur game,BHARUCH,Gujarat,21.725959,73.019507,locality_curated
Tannirupantha,DAKSHINA KANNADA,Karnataka,12.83965,75.263787,locality_curated
Marodi,DAKSHINA KANNADA,Karnataka,12.8301,75.265885,locality_curated
Sirunagalur,KALLAKURICHI,Tamil Nadu,11.713324,78.942929,locality_curated
Harnivav,KHEDA,Gujarat,22.690318,72.700904,locality_curated
Pardhol,KHEDA,Gujarat,22.735625,72.661742,locality_curated
Zanu,KHEDA,Gujarat,22.716885,72.700775,locality_curated
Chaloda,KHEDA,Gujarat,22.704884,72.706987,locality_curated
Dampat,KHEDA,Gujarat,22.719623,72.714279,locality_curated
KHAIRA,SIDHI,Madhya Pradesh,24.421676,81.90364,locality_curated
SATHORI,SIDHI,Madhya Pradesh,24.407732,81.854831,locality_curated
GANDHIGRAM,SIDHI,Madhya Pradesh,24.398572,81.887482,locality_curated
NEBUHA,SIDHI,Madhya Pradesh,24.409488,81.860771,locality_curated
GHOGHARA,SIDHI,Madhya Pradesh,24.408087,81.900553,locality_curated
Mahadev Pura,KHEDA,Gujarat,22.707234,72.663172,locality_curated
Ruppura,KHEDA,Gujarat,22.732594,72.66009,locality_curated
Alina,KHEDA,Gujarat,22.733728,72.696591,locality_curated
Mangalpur,KHEDA,Gujarat,22.710794,72.70659,locality_curated
Finav Village Shaileshbhai,KHEDA,Gujarat,22.703373,72.676413,locality_curated
Kadi,KHEDA,Gujarat,22.717506,72.711211,locality_curated
wall,JAIPUR RURAL,Rajasthan,26.830991,75.581035,locality_curated
agency Bhir,JHUNJHUNU,Rajasthan,28.154981,75.381805,locality_curated
agency Bamanwas,JHUNJHUNU,Rajasthan,28.133637,75.380554,locality_curated
agency Peethola,JHUNJHUNU,Rajasthan,28.150449,75.397219,locality_curated
Lamba Gothra,JHUNJHUNU,Rajasthan,28.150595,75.393884,locality_curated
lyngkhat,SHILLONG,Meghalaya,25.552853,91.910584,locality_curated
line,SUNDARGARH (ST),Odisha,22.094043,84.03797,locality_curated
Dubku School,SUNDARGARH (ST),Odisha,22.091913,84.044545,locality_curated
ram janki,HOSHANGABAD,Madhya Pradesh,22.746845,77.708833,locality_curated
khedapati,HOSHANGABAD,Madhya Pradesh,22.747527,77.719453,locality_curated
Mundiya,NAINITAL UDHAM SINGH NAG.,Uttarakhand,,,locality_curated
bajrang,HOSHANGABAD,Madhya Pradesh,22.768656,77.704351,locality_curated
yadav,HOSHANGABAD,Madhya Pradesh,22.759118,77.71813,locality_curated
Kandur,MAHABUBNAGAR,Telangana,16.682118,77.96521,locality_curated
Ranipet,MAHABUBNAGAR,Telangana,16.714148,77.949356,locality_curated
Khaithuda,KOTA,Rajasthan,25.198608,75.888781,locality_curated
Velagavalasa,VIZIANAGARAM,Andhra Pradesh,18.076736,83.40464,locality_curated
Vamali,KHEDA,Gujarat,22.701285,72.654342,locality_curated
Modaj,KHEDA,Gujarat,22.730674,72.679296,locality_curated
Sundha,KHEDA,Gujarat,22.690364,72.692894,locality_curated
Sojali,KHEDA,Gujarat,22.71688,72.700482,locality_curated
Khodiyarmata,KHEDA,Gujarat,22.702691,72.676387,locality_curated
Parmar nana,KHEDA,Gujarat,22.700293,72.705727,locality_curated
Italava,BARDOLI(ST),Gujarat,21.105474,73.12291,locality_curated
Sarosi,UNNAO,Uttar Pradesh,26.530892,80.50786,locality_curated
Italwa,BARDOLI(ST),Gujarat,21.128899,73.095939,locality_curated
Khand Bighapur,UNNAO,Uttar Pradesh,26.52952,80.503327,locality_curated
Matlabpur,UNNAO,Uttar Pradesh,26.551414,80.51491,locality_curated
Mavaiya,UNNAO,Uttar Pradesh,26.520447,80.506258,locality_curated
Buxar,UNNAO,Uttar Pradesh,26.528498,80.499853,locality_curated
jakasna,MAHESANA,Gujarat,23.591721,72.369623,locality_curated
Pratapnagar,MAHESANA,Gujarat,23.624876,72.374386,locality_curated
Nadala,SURENDRANAGAR,Gujarat,22.731613,71.62729,locality_curated
Garambhadi,SURENDRANAGAR,Gujarat,22.725908,71.678887,locality_curated
Devgarh,SURENDRANAGAR,Gujarat,22.718226,71.671557,locality_curated
Mandal,SURENDRANAGAR,Gujarat,22.724135,71.628796,locality_curated
Sher,SURENDRANAGAR,Gujarat,22.746199,71.661382,locality_curated
Sadra,SURENDRANAGAR,Gujarat,22.743358,71.630645,locality_curated
Ughroj,SURENDRANAGAR,Gujarat,22.723908,71.666749,locality_curated
Sitapur,SURENDRANAGAR,Gujarat,22.710324,71.624469,locality_curated
Jalisana,SURENDRANAGAR,Gujarat,22.714749,71.618766,locality_curated
Dhedhasana,SURENDRANAGAR,Gujarat,22.738167,71.657676,locality_curated
Sinaj,SURENDRANAGAR,Gujarat,22.756003,71.6579,locality_curated
Trent,SURENDRANAGAR,Gujarat,22.745238,71.66434,locality_curated
Kanpura,SURENDRANAGAR,Gujarat,22.73793,71.662431,locality_curated
Vanpardi,SURENDRANAGAR,Gujarat,22.735116,71.629568,locality_curated
Ughroz,SURENDRANAGAR,Gujarat,22.712658,71.643262,locality_curated
MAHABIR,SREERAMPUR,West Bengal,22.68325,88.807357,locality_curated
Shiva,JAMNAGAR,Gujarat,22.4591,70.045577,locality_curated
Maripur,JAMNAGAR,Gujarat,22.445032,70.05527,locality_curated
Vadugappatti,KARUR,Tamil Nadu,10.977462,78.051343,locality_curated
Tennilai,KARUR,Tamil Nadu,10.938818,78.073938,locality_curated
Markandeya,NIZAMABAD,Telangana,18.678211,78.106928,locality_curated
Mallanna,NIZAMABAD,Telangana,18.661799,78.082303,locality_curated
Vaghela,KHEDA,Gujarat,22.729179,72.668979,locality_curated
Daduram,KHEDA,Gujarat,22.736471,72.69709,locality_curated
Roudakunda,KOPPAL,Karnataka,15.332813,76.130348,locality_curated
timmapur,KOPPAL,Karnataka,15.335898,76.14298,locality_curated
waddarahatti,KOPPAL,Karnataka,15.378706,76.16425,locality_curated
tanakal,KOPPAL,Karnataka,15.34918,76.137767,locality_curated
bannikoppa,KOPPAL,Karnataka,15.353259,76.1381,locality_curated
Popatbhai,KHEDA,Gujarat,22.693797,72.70041,locality_curated
Alasya,RATLAM(ST),Madhya Pradesh,23.311633,75.051294,locality_curated
Dula,RATLAM(ST),Madhya Pradesh,23.346151,75.055715,locality_curated
Matapada,RATLAM(ST),Madhya Pradesh,23.346249,75.027048,locality_curated
kardawad,RATLAM(ST),Madhya Pradesh,23.321748,75.023585,locality_curated
Mohankot,RATLAM(ST),Madhya Pradesh,23.320801,75.011713,locality_curated
Parewa,RATLAM(ST),Madhya Pradesh,23.334346,75.014645,locality_curated
Ratamba,RATLAM(ST),Madhya Pradesh,23.353357,75.040045,locality_curated
jhawalia,RATLAM(ST),Madhya Pradesh,23.311236,75.030372,locality_curated
Pahadwa,RATLAM(ST),Madhya Pradesh,23.307903,75.024717,locality_curated
Umri,RATLAM(ST),Madhya Pradesh,23.326682,75.00694,locality_curated
Ambar,RATLAM(ST),Madhya Pradesh,23.306937,75.04337,locality_curated
Amankuwa,RATLAM(ST),Madhya Pradesh,23.308118,75.046475,locality_curated
Kotbu,RATLAM(ST),Madhya Pradesh,23.301362,75.043676,locality_curated
Masni,RATLAM(ST),Madhya Pradesh,23.319999,75.046486,locality_curated
KUIKATA,KALAHANDI,Odisha,19.918723,83.147072,locality_curated
Sakthi Vilagam,CHIDAMBARAM(SC),Tamil Nadu,11.420982,79.685494,locality_curated
Waund,MAVAL,Maharashtra,18.753123,73.511978,locality_curated
Padmi,MANDLA(ST),Madhya Pradesh,22.600473,80.406466,locality_curated
Bharathanoor Shiva,ATTINGAL,Kerala,8.710577,76.822855,locality_curated
Khijdia,AMRELI,Gujarat,21.612552,71.243175,locality_curated
Kudari,MANDLA(ST),Madhya Pradesh,22.572932,80.365269,locality_curated
Ghansore,MANDLA(ST),Madhya Pradesh,22.57409,80.37028,locality_curated
Chhinda,MANDLA(ST),Madhya Pradesh,22.62102,80.357519,locality_curated
Dilwara,MANDLA(ST),Madhya Pradesh,22.608964,80.390941,locality_curated
Suthar,KHEDA,Gujarat,22.700427,72.697298,locality_curated
Adinar,KHEDA,Gujarat,22.708465,72.702907,locality_curated
Shiva,JORHAT,Assam,26.734008,94.196077,locality_curated
Vegdavav,SURENDRANAGAR,Gujarat,22.727413,71.617726,locality_curated
Ishanpur,SURENDRANAGAR,Gujarat,22.734263,71.677884,locality_curated
Ghatila,SURENDRANAGAR,Gujarat,22.718991,71.668714,locality_curated
Ghanshyampur,SURENDRANAGAR,Gujarat,22.72204,71.625842,locality_curated
Igorala,SURENDRANAGAR,Gujarat,22.737757,71.672003,locality_curated
Sundergarh,SURENDRANAGAR,Gujarat,22.741414,71.648,locality_curated
Ramji,SURENDRANAGAR,Gujarat,22.731095,71.676211,locality_curated
Golasan,SURENDRANAGAR,Gujarat,22.749027,71.670119,locality_curated
Tikar,SURENDRANAGAR,Gujarat,22.747315,71.670573,locality_curated
Narali,SURENDRANAGAR,Gujarat,22.73901,71.665202,locality_curated
Jasmatpur,SURENDRANAGAR,Gujarat,22.705253,71.649717,locality_curated
Charadwa,SURENDRANAGAR,Gujarat,22.72331,71.6224,locality_curated
Sukhpar,SURENDRANAGAR,Gujarat,22.74308,71.619494,locality_curated
Rawaliyavadar,SURENDRANAGAR,Gujarat,22.707681,71.669169,locality_curated
Halvad,SURENDRANAGAR,Gujarat,22.69753,71.639177,locality_curated
Dhanala,SURENDRANAGAR,Gujarat,22.706663,71.652894,locality_curated
Shivpur,SURENDRANAGAR,Gujarat,22.743731,71.63459,locality_curated
Chandragarh,SURENDRANAGAR,Gujarat,22.744747,71.641352,locality_curated
Ranjitgarh,SURENDRANAGAR,Gujarat,22.743066,71.650311,locality_curated
Mayapur,SURENDRANAGAR,Gujarat,22.717607,71.620379,locality_curated
Raydhra,SURENDRANAGAR,Gujarat,22.712285,71.663787,locality_curated
Ranekpar,SURENDRANAGAR,Gujarat,22.740242,71.62573,locality_curated
Devaliya,SURENDRANAGAR,Gujarat,22.718983,71.662333,locality_curated
Malaniyad,SURENDRANAGAR,Gujarat,22.734763,71.626389,locality_curated
Sundari,SURENDRANAGAR,Gujarat,22.737274,71.661008,locality_curated
Devalia,SURENDRANAGAR,Gujarat,22.736144,71.679172,locality_curated
Jogad,SURENDRANAGAR,Gujarat,22.711769,71.640213,locality_curated
benakal,KOPPAL,Karnataka,15.357405,76.177634,locality_curated
kinnal,KOPPAL,Karnataka,15.339067,76.145142,locality_curated
hitnal,KOPPAL,Karnataka,15.365852,76.159026,locality_curated
navagam,KHEDA,Gujarat,22.70667,72.701015,locality_curated
Vivekananda High,BANASKANTHA,Gujarat,24.154932,72.425264,locality_curated
field,BAGHPAT,Uttar Pradesh,28.960131,77.207793,locality_curated
Doddamagalli,MYSORE,Karnataka,12.302927,76.664838,locality_curated
Parakalakottai,THANJAVUR,Tamil Nadu,10.806797,79.145942,locality_curated
Toomdi,CHHINDWARA,Madhya Pradesh,22.026182,78.936435,locality_curated
Nagdhara,NAVSARI,Gujarat,20.941944,72.98088,locality_curated
Khadsupa,NAVSARI,Gujarat,20.936427,72.93686,locality_curated
Kanbad,NAVSARI,Gujarat,20.975579,72.950379,locality_curated
Unn,NAVSARI,Gujarat,20.949798,72.93319,locality_curated
Kambada,NAVSARI,Gujarat,20.942458,72.980679,locality_curated
Boriach,NAVSARI,Gujarat,20.931889,72.975512,locality_curated
Rajwada,NAVSARI,Gujarat,20.966988,72.955441,locality_curated
Toli,NAVSARI,Gujarat,20.938196,72.940755,locality_curated
Mogar,NAVSARI,Gujarat,20.918183,72.942665,locality_curated
Talav,NAVSARI,Gujarat,20.923236,72.930918,locality_curated
Gandhi,NAVSARI,Gujarat,20.929236,72.96661,locality_curated
Salej,NAVSARI,Gujarat,20.933691,72.947741,locality_curated
Haripar,SURENDRANAGAR,Gujarat,22.750837,71.650614,locality_curated
Mudhauli,MAINPURI,Uttar Pradesh,27.240908,78.991927,locality_curated
Tisauli,MAINPURI,Uttar Pradesh,27.220777,79.013425,locality_curated
Tirkara,MAINPURI,Uttar Pradesh,27.226419,79.043135,locality_curated
Chhinkaura,MAINPURI,Uttar Pradesh,27.25746,79.033193,locality_curated
Karhal,MAINPURI,Uttar Pradesh,27.261238,79.021849,locality_curated
Bamtapur,MAINPURI,Uttar Pradesh,27.219446,79.010646,locality_curated
Havra,MAINPURI,Uttar Pradesh,27.212202,79.000138,locality_curated
Saifai,MAINPURI,Uttar Pradesh,27.255042,78.991375,locality_curated
Banupur I,HOWRAH,West Bengal,22.573974,88.276704,locality_curated
khan,ANANTNAG,Jammu And Kashmir,33.75113,75.122873,locality_curated
Tulsa wali,ROHTAK,Haryana,28.901167,76.62185,locality_curated
Gram,GHAZIPUR,Uttar Pradesh,25.584413,83.596753,locality_curated
Annehal,CHITRADURGA(SC),Karnataka,14.221132,76.413132,locality_curated
NAWABGARH,TEHRI GARHWAL,Uttarakhand,30.381662,78.462977,locality_curated
Susta,MUZAFFARPUR,Bihar,26.13394,85.346765,locality_curated
Palayamkottai,TIRUNELVELI,Tamil Nadu,8.70001,77.739346,locality_curated
Hulligemma Devi,BIJAPUR(SC),Karnataka,16.830521,75.729198,locality_curated
Porur,VILUPPURAM(SC),Tamil Nadu,11.942651,79.475838,locality_curated
Nagar,VILUPPURAM(SC),Tamil Nadu,11.936375,79.479023,locality_curated
Dhrowpathi amman,VILUPPURAM(SC),Tamil Nadu,11.927328,79.501105,locality_curated
Government,VILUPPURAM(SC),Tamil Nadu,11.930372,79.4736,locality_curated
Vengandhur,VILUPPURAM(SC),Tamil Nadu,11.922534,79.516127,locality_curated
Vellaiyampattu,VILUPPURAM(SC),Tamil Nadu,11.934012,79.521573,locality_curated
Jeyankondam Town,KARUR,Tamil Nadu,10.979537,78.095062,locality_curated
Puliyur Town,KARUR,Tamil Nadu,10.936136,78.0766,locality_curated
Atwa,GHAZIPUR,Uttar Pradesh,25.597044,83.583055,locality_curated
Nagar,GHAZIPUR,Uttar Pradesh,25.592088,83.603106,locality_curated
Paliya,GHAZIPUR,Uttar Pradesh,25.567297,83.602243,locality_curated
Raksha,GHAZIPUR,Uttar Pradesh,25.583164,83.594076,locality_curated
Jakhania,GHAZIPUR,Uttar Pradesh,25.565459,83.596865,locality_curated
Barhi,GHAZIPUR,Uttar Pradesh,25.56323,83.555261,locality_curated
Rampur,GHAZIPUR,Uttar Pradesh,25.564434,83.555832,locality_curated
Khadicha,GHAZIPUR,Uttar Pradesh,25.552144,83.570443,locality_curated
Manapadaiveedu,TIRUNELVELI,Tamil Nadu,8.736786,77.762904,locality_curated
Shihor,SURENDRANAGAR,Gujarat,22.745022,71.654392,locality_curated
connecting,SIKAR,Rajasthan,27.629673,75.113582,locality_curated
Kalika,NAINITAL UDHAM SINGH NAG.,Uttarakhand,,,locality_curated
Pachtar,JAMNAGAR,Gujarat,22.471367,70.078356,locality_curated
Weaver,HINDUPUR,Andhra Pradesh,13.841563,77.467896,locality_curated
weavers,HINDUPUR,Andhra Pradesh,13.81559,77.470803,locality_curated
Penta,VIZIANAGARAM,Andhra Pradesh,18.100042,83.375256,locality_curated
Paradhi,VIZIANAGARAM,Andhra Pradesh,18.110044,83.380362,locality_curated
Chodipallipeta,VIZIANAGARAM,Andhra Pradesh,18.114863,83.379448,locality_curated
Kondarajupalem,VIZIANAGARAM,Andhra Pradesh,18.091033,83.420038,locality_curated
Mukkam,VIZIANAGARAM,Andhra Pradesh,18.128593,83.385823,locality_curated
Kothe,FARIDKOT(SC),Punjab,30.647662,74.735363,locality_curated
Matta,FARIDKOT(SC),Punjab,30.692273,74.730179,locality_curated
Guru,FARIDKOT(SC),Punjab,30.653663,74.770079,locality_curated
Sadhanwala,FARIDKOT(SC),Punjab,30.664885,74.735895,locality_curated
Puliyangudi Village Thenharirajapuram,CHIDAMBARAM(SC),Tamil Nadu,11.407327,79.704228,locality_curated
LAXMIPUR,KALAHANDI,Odisha,19.926474,83.163692,locality_curated
BHANGABARI,KALAHANDI,Odisha,19.89276,83.143029,locality_curated
junagarh block maliguga,KALAHANDI,Odisha,19.926951,83.139039,locality_curated
GHUGHUTA,SIDHI,Madhya Pradesh,24.411097,81.901047,locality_curated
Pinnathur West,CHIDAMBARAM(SC),Tamil Nadu,11.423174,79.670878,locality_curated
Chengam Town,TIRUVANNAMALAI,Tamil Nadu,12.232732,79.0442,locality_curated
Vettavalam Town,TIRUVANNAMALAI,Tamil Nadu,12.211597,79.101071,locality_curated
Palayanur,TIRUVANNAMALAI,Tamil Nadu,12.209151,79.060835,locality_curated
Bileshwar Mahadev,RAJKOT,Gujarat,22.296367,70.775568,locality_curated
alur,DAVANAGERE,Karnataka,14.482142,75.905302,locality_curated
goguddu,DAVANAGERE,Karnataka,14.458823,75.937625,locality_curated
muginagundi,DAVANAGERE,Karnataka,14.442684,75.933724,locality_curated
kotemalluru,DAVANAGERE,Karnataka,14.484997,75.909519,locality_curated
BALETIYA,PANCHMAHAL,Gujarat,22.677789,73.594631,locality_curated
PINGLI,PANCHMAHAL,Gujarat,22.701534,73.626789,locality_curated
STATION,PANCHMAHAL,Gujarat,22.675194,73.595923,locality_curated
JANTRAL,PANCHMAHAL,Gujarat,22.709133,73.625634,locality_curated
BAKROL,PANCHMAHAL,Gujarat,22.727914,73.601498,locality_curated
MIRAPURI,PANCHMAHAL,Gujarat,22.7092,73.610853,locality_curated
OFFICE,PANCHMAHAL,Gujarat,22.701697,73.56809,locality_curated
VEJALPUR VETENARY,PANCHMAHAL,Gujarat,22.715178,73.579888,locality_curated
ramnagar dhushi,DARBHANGA,Bihar,26.162387,85.879696,locality_curated
antargat raghopur,DARBHANGA,Bihar,26.143973,85.874909,locality_curated
jetuka paightol,DARBHANGA,Bihar,26.165218,85.862883,locality_curated
antargat balaur,DARBHANGA,Bihar,26.140634,85.884099,locality_curated
madapura,DAVANAGERE,Karnataka,14.480775,75.930417,locality_curated
Ghugu Bari,BARPETA,Assam,26.295727,90.998951,locality_curated
Gurudeva,KOLLAM,Kerala,8.905971,76.619587,locality_curated
Yellareddygudem,BHONGIR,Telangana,17.523346,78.887995,locality_curated
Auravani,BHONGIR,Telangana,17.534332,78.889505,locality_curated
Anajipur,BHONGIR,Telangana,17.518205,78.900562,locality_curated
Puttagudem,BHONGIR,Telangana,17.491028,78.904617,locality_curated
Bewar Nagar,MAINPURI,Uttar Pradesh,27.222646,79.004537,locality_curated
antargat lagma,DARBHANGA,Bihar,26.172801,85.871077,locality_curated
Sultaganj,MAINPURI,Uttar Pradesh,27.243115,79.048423,locality_curated
Chawane in Savane,MAVAL,Maharashtra,18.753795,73.554042,locality_curated
GRAM,BALAGHAT,Madhya Pradesh,21.789028,80.167596,locality_curated
Bhagat Sing,ALIPURDUARS(ST),West Bengal,26.501504,89.691975,locality_curated
Roppa,CHITRADURGA(SC),Karnataka,14.256159,76.384636,locality_curated
Bagyavanti,BIJAPUR(SC),Karnataka,16.832367,75.684121,locality_curated
Dhandhusar,PORBANDAR,Gujarat,21.618051,69.606224,locality_curated
Ambala,PORBANDAR,Gujarat,21.619837,69.63105,locality_curated
Amargarh,PORBANDAR,Gujarat,21.635614,69.590398,locality_curated
Tirath,PORBANDAR,Gujarat,21.651055,69.638753,locality_curated
Dhandhawala,PORBANDAR,Gujarat,21.629426,69.578607,locality_curated
shankar,HOSHANGABAD,Madhya Pradesh,22.745551,77.720727,locality_curated
gram,HOSHANGABAD,Madhya Pradesh,22.758662,77.717743,locality_curated
dongariya baba chabutra,HOSHANGABAD,Madhya Pradesh,22.762828,77.757831,locality_curated
Ayakudi Town,DINDIGUL,Tamil Nadu,10.351386,77.984911,locality_curated
hanuman dham,HOSHANGABAD,Madhya Pradesh,22.728688,77.742226,locality_curated
want,HOSHANGABAD,Madhya Pradesh,22.775595,77.725279,locality_curated
way towards,LOHARDAGA(ST),Jharkhand,23.417323,84.656567,locality_curated
Bamunpukhuri Hari,JORHAT,Assam,26.721457,94.212256,locality_curated
Path,SHIMLA (SC),Himachal Pradesh,31.096866,77.157978,locality_curated
janoli,NAINITAL UDHAM SINGH NAG.,Uttarakhand,,,locality_curated
LalKuan Nagar,NAINITAL UDHAM SINGH NAG.,Uttarakhand,,,locality_curated
kisanpur,NAINITAL UDHAM SINGH NAG.,Uttarakhand,,,locality_curated
Gram,AMRAVATI(SC),Maharashtra,20.937449,77.728902,locality_curated
Peapully,NANDYAL,Andhra Pradesh,15.471175,78.499496,locality_curated
Ashti,AMRAVATI(SC),Maharashtra,20.928577,77.726224,locality_curated
Rudravaram,NANDYAL,Andhra Pradesh,15.457368,78.482545,locality_curated
Railway Kothapalli,NANDYAL,Andhra Pradesh,15.4786,78.468182,locality_curated
Gutupalli,NANDYAL,Andhra Pradesh,15.494844,78.485175,locality_curated
Galudan,AHMEDABAD EAST,Gujarat,23.061145,72.587585,locality_curated
Durgadevi,BIJAPUR(SC),Karnataka,16.844036,75.713873,locality_curated
Dyavamma,BIJAPUR(SC),Karnataka,16.828778,75.724135,locality_curated
Karfali,SRINAGAR,Jammu And Kashmir,34.087564,74.770841,locality_curated
Zaindar,SRINAGAR,Jammu And Kashmir,34.10285,74.821243,locality_curated
Shorgari,SRINAGAR,Jammu And Kashmir,34.075705,74.776597,locality_curated
Sangameshwar,BIJAPUR(SC),Karnataka,16.843641,75.696905,locality_curated
Kalameshwar,BIJAPUR(SC),Karnataka,16.817113,75.693705,locality_curated
Pusumpon,RAMANATHAPURAM,Tamil Nadu,9.39377,78.82636,locality_curated
Maruteshwar,BIJAPUR(SC),Karnataka,16.852549,75.718499,locality_curated
Haripur Gram,RANAGHAT(SC),West Bengal,23.195093,88.52867,locality_curated
Bhayavadar,PORBANDAR,Gujarat,21.648196,69.586531,locality_curated
Totad Hanuman,BIJAPUR(SC),Karnataka,16.812825,75.699093,locality_curated
Kalana,PORBANDAR,Gujarat,21.651167,69.628764,locality_curated
Chhatrasa,PORBANDAR,Gujarat,21.645323,69.585142,locality_curated
Nani Vavdi,PORBANDAR,Gujarat,21.66402,69.616488,locality_curated
Chhadavdar,PORBANDAR,Gujarat,21.662284,69.630177,locality_curated
Chormarwa Yog Aapa,ROBERTSGANJ(SC),Uttar Pradesh,24.6876,83.095408,locality_curated
Lord Shiva,ROBERTSGANJ(SC),Uttar Pradesh,24.706301,83.062643,locality_curated
Ravidas,ROBERTSGANJ(SC),Uttar Pradesh,24.679399,83.085873,locality_curated
Bhaisauda,ROBERTSGANJ(SC),Uttar Pradesh,24.681913,83.04457,locality_curated
middle,ROBERTSGANJ(SC),Uttar Pradesh,24.662858,83.047315,locality_curated
Semar,ROBERTSGANJ(SC),Uttar Pradesh,24.701011,83.089849,locality_curated
Bhola,PORBANDAR,Gujarat,21.641902,69.630504,locality_curated
Basaveshwar,BIJAPUR(SC),Karnataka,16.84164,75.681842,locality_curated
Bholgamada,PORBANDAR,Gujarat,21.662935,69.624895,locality_curated
Fareni,PORBANDAR,Gujarat,21.655022,69.578984,locality_curated
Tulshinagar,YAVATMAL-WASHIM,Maharashtra,,,locality_curated
Wai Mendhi,YAVATMAL-WASHIM,Maharashtra,,,locality_curated
Parabdi,PORBANDAR,Gujarat,21.618184,69.628085,locality_curated
Kuntipally,BHONGIR,Telangana,17.522599,78.886934,locality_curated
Gujarati,PORBANDAR,Gujarat,21.663795,69.617753,locality_curated
Patanvav,PORBANDAR,Gujarat,21.637733,69.627261,locality_curated
Heroor,UDUPI CHIKMAGALUR,Karnataka,13.362841,75.122427,locality_curated
Kaltur,UDUPI CHIKMAGALUR,Karnataka,13.340397,75.131024,locality_curated
Kila,BHIWANI MAHENDRAGARH,Haryana,28.375181,76.133712,locality_curated
Kalbhairav,PORBANDAR,Gujarat,21.627896,69.583684,locality_curated
Panchnath,PORBANDAR,Gujarat,21.651814,69.630258,locality_curated
Hanumanwadi,PORBANDAR,Gujarat,21.625863,69.602088,locality_curated
Peparwadi Hanuman,PORBANDAR,Gujarat,21.655778,69.632594,locality_curated
Mubarakpur,YAVATMAL-WASHIM,Maharashtra,,,locality_curated
Ravidas Dharmshala,SANGRUR,Punjab,30.232546,75.814778,locality_curated
Dharmshala,SANGRUR,Punjab,30.238456,75.860008,locality_curated
Lakhmipur,BALLIA,Uttar Pradesh,25.754553,84.170316,locality_curated
Kundesar,BALLIA,Uttar Pradesh,25.73857,84.165496,locality_curated
Mandi,SANGRUR,Punjab,30.263784,75.859542,locality_curated
Khoo,SANGRUR,Punjab,30.257656,75.846604,locality_curated
Shop,SANGRUR,Punjab,30.21514,75.845518,locality_curated
Marhour Chatti,BALLIA,Uttar Pradesh,25.728867,84.149581,locality_curated
Mirzabad,BALLIA,Uttar Pradesh,25.783371,84.150981,locality_curated
Maa Bhagwati,BALLIA,Uttar Pradesh,25.766296,84.159466,locality_curated
Salamatpur Chatti,BALLIA,Uttar Pradesh,25.741005,84.132379,locality_curated
Kalan,BALLIA,Uttar Pradesh,25.756122,84.131563,locality_curated
Chaura,BALLIA,Uttar Pradesh,25.762973,84.162499,locality_curated
Mardah,BALLIA,Uttar Pradesh,25.732698,84.163535,locality_curated
Shiv,BALLIA,Uttar Pradesh,25.731633,84.152632,locality_curated
Naga Baba,BALLIA,Uttar Pradesh,25.760529,84.132889,locality_curated
Durkhushi,BALLIA,Uttar Pradesh,25.746692,84.165129,locality_curated
Patkaniya,BALLIA,Uttar Pradesh,25.775679,84.151299,locality_curated
Utrauli,BALLIA,Uttar Pradesh,25.77364,84.148426,locality_curated
Keelaramanathi,RAMANATHAPURAM,Tamil Nadu,9.385109,78.803011,locality_curated
Maragamma,BIJAPUR(SC),Karnataka,16.84404,75.711011,locality_curated
Zingsui,OUTER MANIPUR(ST),Manipur,24.991645,94.220705,locality_curated
Mathangi,BIJAPUR(SC),Karnataka,16.844462,75.718259,locality_curated
Ambhiger Chougayya,BIJAPUR(SC),Karnataka,16.836996,75.686778,locality_curated
Mallankinaru Town,RAMANATHAPURAM,Tamil Nadu,9.38892,78.819191,locality_curated
Eluvani,RAMANATHAPURAM,Tamil Nadu,9.369259,78.849128,locality_curated
Narashim,BIJAPUR(SC),Karnataka,16.81995,75.722762,locality_curated
Kenchamma,BIJAPUR(SC),Karnataka,16.819695,75.687497,locality_curated
Laxmi,BIJAPUR(SC),Karnataka,16.81057,75.69564,locality_curated
Bhathrot,PORBANDAR,Gujarat,21.664828,69.601689,locality_curated
Billanakuppam,KRISHNAGIRI,Tamil Nadu,12.495935,78.235351,locality_curated
Mudhol Mrityunjayaswamy,BIJAPUR(SC),Karnataka,16.815337,75.699526,locality_curated
Idaiyattur,RAMANATHAPURAM,Tamil Nadu,9.356045,78.843074,locality_curated
Rajwadih,PALAMU(SC),Jharkhand,24.000552,84.066607,locality_curated
Khamidana,PORBANDAR,Gujarat,21.656625,69.600636,locality_curated
Meswana,PORBANDAR,Gujarat,21.665305,69.625476,locality_curated
Bishnupur,KEONJHAR(ST),Odisha,21.615075,85.595094,locality_curated
Sondarda,PORBANDAR,Gujarat,21.670095,69.613685,locality_curated
Mesvan,PORBANDAR,Gujarat,21.645178,69.623271,locality_curated
Kaneri,PORBANDAR,Gujarat,21.648121,69.593527,locality_curated
Sodhana,PORBANDAR,Gujarat,21.646946,69.625304,locality_curated
Bakharla,PORBANDAR,Gujarat,21.624044,69.606194,locality_curated
Nagka,PORBANDAR,Gujarat,21.651608,69.577301,locality_curated
Vachhra Dada,PORBANDAR,Gujarat,21.66205,69.602201,locality_curated
Aaval Mataji,PORBANDAR,Gujarat,21.629639,69.593514,locality_curated
Kuchhdi,PORBANDAR,Gujarat,21.661613,69.605024,locality_curated
Gajanan Maharaj,AKOLA,Maharashtra,20.718796,77.020714,locality_curated
Thalayarikulam in Thazhakudi,NAGAPATTINAM(SC),Tamil Nadu,10.781816,79.866761,locality_curated
Karuppur,NAGAPATTINAM(SC),Tamil Nadu,10.756616,79.86409,locality_curated
Koothalur,NAGAPATTINAM(SC),Tamil Nadu,10.797954,79.835346,locality_curated
Pulichakadi in Neikuppai,NAGAPATTINAM(SC),Tamil Nadu,10.779632,79.82008,locality_curated
Neduncheri,NAGAPATTINAM(SC),Tamil Nadu,10.776287,79.872256,locality_curated
Kattimedu,NAGAPATTINAM(SC),Tamil Nadu,10.773215,79.866559,locality_curated
Melatheru in Perugavazhdhan,NAGAPATTINAM(SC),Tamil Nadu,10.787904,79.824316,locality_curated
Meenambanallur,NAGAPATTINAM(SC),Tamil Nadu,10.766793,79.865748,locality_curated
Poonthottam,NAGAPATTINAM(SC),Tamil Nadu,10.759427,79.864978,locality_curated
Karje grama,UDUPI CHIKMAGALUR,Karnataka,13.361491,75.09493,locality_curated
Pitamahal,KORAPUT(ST),Odisha,18.784532,82.712,locality_curated
tara convent,SANGRUR,Punjab,30.243285,75.821434,locality_curated
Baising,KORAPUT(ST),Odisha,18.791203,82.71904,locality_curated
Lelingpadar,KORAPUT(ST),Odisha,18.782391,82.717122,locality_curated
Badachenka,KORAPUT(ST),Odisha,18.83466,82.696566,locality_curated
Bada Kutuli,KORAPUT(ST),Odisha,18.838825,82.727751,locality_curated
Nua Kalili,KORAPUT(ST),Odisha,18.803717,82.722892,locality_curated
Dholakuva,MAHESANA,Gujarat,23.61744,72.37908,locality_curated
Pembarthy,BHONGIR,Telangana,17.530399,78.874566,locality_curated
Obulkeshavapur,BHONGIR,Telangana,17.501891,78.852373,locality_curated
Narayanapuram,BHONGIR,Telangana,17.527756,78.888282,locality_curated
Yeddugudem,BHONGIR,Telangana,17.50421,78.864418,locality_curated
Laxmapuram,BHONGIR,Telangana,17.495501,78.861988,locality_curated
Konne,BHONGIR,Telangana,17.502369,78.852068,locality_curated
Nagar,BHONGIR,Telangana,17.488927,78.860274,locality_curated
Nagireddypally,BHONGIR,Telangana,17.483233,78.877624,locality_curated
Bonthagattunagaram,BHONGIR,Telangana,17.509234,78.86725,locality_curated
Bothalparre,BHONGIR,Telangana,17.491067,78.876934,locality_curated
Tharigoppula,BHONGIR,Telangana,17.483401,78.874166,locality_curated
Dullah,MUZAFFARPUR,Bihar,26.099519,85.356501,locality_curated
pali,MAHESANA,Gujarat,23.629544,72.383048,locality_curated
Kattanarpatti,VIRUDHUNAGAR,Tamil Nadu,9.610148,77.980103,locality_curated
Thachakulam,MAVELIKKARA(SC),Kerala,9.280803,76.538088,locality_curated
Kooraikundu,VIRUDHUNAGAR,Tamil Nadu,9.581305,77.981028,locality_curated
Kalligudi,VIRUDHUNAGAR,Tamil Nadu,9.611524,77.946742,locality_curated
Manjini,KALLAKURICHI,Tamil Nadu,11.711089,78.969578,locality_curated
Paithur,KALLAKURICHI,Tamil Nadu,11.746455,78.976356,locality_curated
Appamma samuthiram,KALLAKURICHI,Tamil Nadu,11.726421,78.947969,locality_curated
Attur,KALLAKURICHI,Tamil Nadu,11.747885,78.941268,locality_curated
palayam Town,KALLAKURICHI,Tamil Nadu,11.721515,78.936617,locality_curated
Thennampullaiyur,KALLAKURICHI,Tamil Nadu,11.726118,78.97894,locality_curated
Vadukathanpatti,KALLAKURICHI,Tamil Nadu,11.721963,78.978616,locality_curated
Doddanahalli,BANGALORE RURAL,Karnataka,13.164174,77.389032,locality_curated
Therku nadu,KALLAKURICHI,Tamil Nadu,11.76374,78.967318,locality_curated
Pachamalai,KALLAKURICHI,Tamil Nadu,11.743985,78.938594,locality_curated
Vadakkandu,KALLAKURICHI,Tamil Nadu,11.767308,78.964786,locality_curated
Sree Mavelikonam Bhagavathy,ATTINGAL,Kerala,8.672873,76.814087,locality_curated
Shanubhoganahalli,BANGALORE RURAL,Karnataka,13.125809,77.397389,locality_curated
Gangavalli,KALLAKURICHI,Tamil Nadu,11.753181,78.943679,locality_curated
Dasarahalli,BANGALORE RURAL,Karnataka,13.121909,77.397476,locality_curated
Thammampatti Town,KALLAKURICHI,Tamil Nadu,11.747712,78.981967,locality_curated
Thedavur Town,KALLAKURICHI,Tamil Nadu,11.723339,78.934346,locality_curated
gozariya,MAHESANA,Gujarat,23.60821,72.409145,locality_curated
meu,MAHESANA,Gujarat,23.614734,72.410731,locality_curated
deloli,MAHESANA,Gujarat,23.621463,72.397867,locality_curated
Godhna,BETUL(ST),Madhya Pradesh,21.912965,77.92648,locality_curated
Vellalakundam,KALLAKURICHI,Tamil Nadu,11.765663,78.962209,locality_curated
Ayyothiyapattanam,KALLAKURICHI,Tamil Nadu,11.755777,78.976806,locality_curated
Angodu,DAVANAGERE,Karnataka,14.444742,75.927621,locality_curated
Thiruvavarakunnath Sree Bhagavathy,ATTINGAL,Kerala,8.71018,76.794118,locality_curated
Perumapalaiyam,KALLAKURICHI,Tamil Nadu,11.75166,78.964646,locality_curated
Sentharapatti Town,KALLAKURICHI,Tamil Nadu,11.757869,78.974832,locality_curated
kumbalur,DAVANAGERE,Karnataka,14.462731,75.935837,locality_curated
kalledevarapura,DAVANAGERE,Karnataka,14.479455,75.917634,locality_curated
arakere,DAVANAGERE,Karnataka,14.477741,75.929755,locality_curated
Daginakatte,DAVANAGERE,Karnataka,14.478144,75.92812,locality_curated
Gogi K,RAICHUR(ST),Karnataka,16.225222,77.365542,locality_curated
Madriki,RAICHUR(ST),Karnataka,16.206978,77.326941,locality_curated
Anabi,RAICHUR(ST),Karnataka,16.218546,77.386127,locality_curated
primary,BAHARAMPUR,West Bengal,24.132229,88.264592,locality_curated
bagdari,MORENA,Madhya Pradesh,26.512897,77.991365,locality_curated
amalda,MORENA,Madhya Pradesh,26.50137,77.948108,locality_curated
balawani,MORENA,Madhya Pradesh,26.509201,77.996784,locality_curated
benipura,MORENA,Madhya Pradesh,26.476127,77.979709,locality_curated
kishanpura,MORENA,Madhya Pradesh,26.490849,77.998095,locality_curated
sarangpur,MORENA,Madhya Pradesh,26.516076,77.949335,locality_curated
sahsram,MORENA,Madhya Pradesh,26.492177,77.941408,locality_curated
nerkheda,MORENA,Madhya Pradesh,26.506477,77.955162,locality_curated
kinjari,MORENA,Madhya Pradesh,26.479447,77.986686,locality_curated
badagaon,MORENA,Madhya Pradesh,26.488425,77.995384,locality_curated
pancho,MORENA,Madhya Pradesh,26.509176,77.991988,locality_curated
jakher,MORENA,Madhya Pradesh,26.477971,77.948602,locality_curated
farara,MORENA,Madhya Pradesh,26.519279,77.97,locality_curated
parashta,MORENA,Madhya Pradesh,26.481466,77.981012,locality_curated
agara,MORENA,Madhya Pradesh,26.491279,77.948113,locality_curated
kathon,MORENA,Madhya Pradesh,26.483361,77.967055,locality_curated
kariyadeh,MORENA,Madhya Pradesh,26.521223,77.948647,locality_curated
sesaipura,MORENA,Madhya Pradesh,26.514927,77.97708,locality_curated
subkara,MORENA,Madhya Pradesh,26.515251,77.993455,locality_curated
salmanya,MORENA,Madhya Pradesh,26.472912,77.959578,locality_curated
syarda,MORENA,Madhya Pradesh,26.520793,77.952492,locality_curated
Hanuman Mandir,JALORE,Rajasthan,25.336332,72.59951,locality_curated
Tikhi,JALORE,Rajasthan,25.363872,72.591505,locality_curated
Bhadrakali,BHADRAK(SC),Odisha,21.080561,86.509248,locality_curated
panchot,MAHESANA,Gujarat,23.596805,72.366002,locality_curated
brahmanwada,MAHESANA,Gujarat,23.60845,72.400947,locality_curated
Nadasa,MAHESANA,Gujarat,23.582816,72.408728,locality_curated
sametra,MAHESANA,Gujarat,23.58708,72.407018,locality_curated
GOKALGADH,MAHESANA,Gujarat,23.596193,72.356688,locality_curated
Odanga,BHADRAK(SC),Odisha,21.06096,86.487588,locality_curated
Jhulpur,MANDLA(ST),Madhya Pradesh,22.621303,80.393195,locality_curated
Radha Krishan,JAMMU,Jammu And Kashmir,32.735623,74.839836,locality_curated
Sharma,JAMMU,Jammu And Kashmir,32.749885,74.835375,locality_curated
Lal,JAMMU,Jammu And Kashmir,32.709781,74.879204,locality_curated
Bangra,MUZAFFARPUR,Bihar,26.107764,85.354456,locality_curated
barail,MUZAFFARPUR,Bihar,26.118168,85.399485,locality_curated
Jaya,MUZAFFARPUR,Bihar,26.123958,85.386205,locality_curated
katra,MUZAFFARPUR,Bihar,26.098514,85.375801,locality_curated
Bhatgawan,MUZAFFARPUR,Bihar,26.142485,85.380915,locality_curated
SARAY,AMBEDKAR NAGAR,Uttar Pradesh,26.457707,82.593673,locality_curated
Umiyanagar,RAJKOT,Gujarat,22.290551,70.772618,locality_curated
BIDARI,BAGALKOT,Karnataka,16.188976,75.707138,locality_curated
Doddamarihalli,KOLAR(SC),Karnataka,13.159438,78.123844,locality_curated
shifted,BAGALKOT,Karnataka,16.186132,75.71983,locality_curated
MALAWAD,BAGALKOT,Karnataka,16.161222,75.714233,locality_curated
MALLAPUR,BAGALKOT,Karnataka,16.194776,75.678301,locality_curated
sariya  nagar,KODARMA,Jharkhand,24.555281,85.682706,locality_curated
Bounsi antargat,BANKA,Bihar,24.868534,86.921068,locality_curated
jhabu ki,RATLAM(ST),Madhya Pradesh,23.338032,75.059969,locality_curated
Ranapur ki,RATLAM(ST),Madhya Pradesh,23.323211,75.061501,locality_curated
Meghanagar ki,RATLAM(ST),Madhya Pradesh,23.340866,75.014826,locality_curated
Thandla ki,RATLAM(ST),Madhya Pradesh,23.336281,75.021579,locality_curated
Rama ki,RATLAM(ST),Madhya Pradesh,23.339718,75.065974,locality_curated
FARASPUR,INDORE,Madhya Pradesh,22.702442,75.86484,locality_curated
Arjan,LUDHIANA,Punjab,30.91446,75.85159,locality_curated
Baganpara Primary,BAHARAMPUR,West Bengal,24.078822,88.2586,locality_curated
Shibpur Primary,BAHARAMPUR,West Bengal,24.087408,88.260193,locality_curated
Sivaji,THIRUVANANTHAPURAM,Kerala,8.537706,76.914583,locality_curated
Mangala,JAJPUR(SC),Odisha,20.843787,86.30849,locality_curated
AthraSheri,THIRUVANANTHAPURAM,Kerala,8.50438,76.949549,locality_curated
PHC in pannandhur,KRISHNAGIRI,Tamil Nadu,12.543866,78.21642,locality_curated
Siva,KANDHAMAL,Odisha,20.079235,84.206985,locality_curated
Neelakantheswar,KANDHAMAL,Odisha,20.107553,84.2138,locality_curated
Sunadei,KANDHAMAL,Odisha,20.099463,84.239342,locality_curated
Hanuman,KANDHAMAL,Odisha,20.061471,84.244768,locality_curated
Thakurani,KANDHAMAL,Odisha,20.108363,84.220968,locality_curated
Bramhani Devi,KANDHAMAL,Odisha,20.102092,84.251817,locality_curated
Basudev,KANDHAMAL,Odisha,20.064039,84.220315,locality_curated
Laxminarayan,KANDHAMAL,Odisha,20.074973,84.207519,locality_curated
Bag Devi,KANDHAMAL,Odisha,20.103343,84.211039,locality_curated
Office,KANDHAMAL,Odisha,20.060551,84.213441,locality_curated
Maa Tarini,JAJPUR(SC),Odisha,20.840785,86.315985,locality_curated
Akhandalamani,JAJPUR(SC),Odisha,20.832442,86.324751,locality_curated
Kurubarahalli,CHITRADURGA(SC),Karnataka,14.249119,76.394449,locality_curated
Ghatti Hosahalli,CHITRADURGA(SC),Karnataka,14.233292,76.373949,locality_curated
Kallavvanagathihalli,CHITRADURGA(SC),Karnataka,14.247934,76.396677,locality_curated
Gaushala,SONEPAT,Haryana,28.987657,77.175664,locality_curated
Rajavanthi,CHITRADURGA(SC),Karnataka,14.230856,76.383186,locality_curated
Kenchammanahalli,CHITRADURGA(SC),Karnataka,14.258743,76.404941,locality_curated
Byadanuru,CHITRADURGA(SC),Karnataka,14.235088,76.378256,locality_curated
Kadamalakunte,CHITRADURGA(SC),Karnataka,14.222501,76.410189,locality_curated
Bellibatlu,CHITRADURGA(SC),Karnataka,14.218778,76.408782,locality_curated
Chadayamangalam Grama,KOLLAM,Kerala,8.86511,76.620664,locality_curated
Kunnothuparamba Grama,VADAKARA,Kerala,11.599953,75.57498,locality_curated
Pattiam Grama,VADAKARA,Kerala,11.591878,75.606112,locality_curated
Chengottukavu Grama,VADAKARA,Kerala,11.579236,75.596938,locality_curated
Villiappally Grama,VADAKARA,Kerala,11.609176,75.563129,locality_curated
Arya Samaj,PALAMU(SC),Jharkhand,24.013971,84.080182,locality_curated
Onchiyam Grama,VADAKARA,Kerala,11.575631,75.586623,locality_curated
Patakhanda,KANDHAMAL,Odisha,20.082807,84.204383,locality_curated
PC Sethi,INDORE,Madhya Pradesh,22.700586,75.87626,locality_curated
Gadarada,RAJAHMUNDRY,Andhra Pradesh,17.004324,81.832453,locality_curated
Gubbalavaripalem of Madhavarayudupalem,RAJAHMUNDRY,Andhra Pradesh,17.006676,81.788016,locality_curated
Gram,GOPALGANJ (SC),Bihar,26.447241,84.428743,locality_curated
Dihuri,GAYA (SC),Bihar,24.801903,85.018714,locality_curated
Khikhadi,BARDOLI(ST),Gujarat,21.104916,73.109001,locality_curated
Himmat Nagar,INDORE,Madhya Pradesh,22.697754,75.844026,locality_curated
Khera,SONEPAT,Haryana,28.968669,77.149788,locality_curated
Dharoli,SONEPAT,Haryana,29.00002,77.168799,locality_curated
Hadwa,SONEPAT,Haryana,28.974125,77.124911,locality_curated
Ahir Khedi,INDORE,Madhya Pradesh,22.707971,75.877113,locality_curated
Kodur,BHONGIR,Telangana,17.497553,78.872013,locality_curated
Venkatapuram,BHONGIR,Telangana,17.494996,78.912762,locality_curated
Dhamara Bheemanapally,BHONGIR,Telangana,17.530542,78.891636,locality_curated
gaushala,SONEPAT,Haryana,28.997753,77.137121,locality_curated
Dogra Public,UDHAMPUR,Jammu And Kashmir,32.888551,75.12792,locality_curated
rasta,SONEPAT,Haryana,28.959078,77.147379,locality_curated
puliya nirmangram,KANKER(ST),Chhattisgarh,20.247207,81.482263,locality_curated
Sivalaperi,TIRUNELVELI,Tamil Nadu,8.695097,77.732353,locality_curated
Shankar,PORBANDAR,Gujarat,21.634807,69.623521,locality_curated
Nagbai Mataji,PORBANDAR,Gujarat,21.631321,69.625702,locality_curated
Dadvi,PORBANDAR,Gujarat,21.611368,69.60606,locality_curated
Mataji,PORBANDAR,Gujarat,21.632344,69.597966,locality_curated
Bakshipur,AMRELI,Gujarat,21.609206,71.242498,locality_curated
Jamdadar,PORBANDAR,Gujarat,21.629046,69.6022,locality_curated
Dudhala,AMRELI,Gujarat,21.627988,71.216072,locality_curated
Chavandi,PORBANDAR,Gujarat,21.627168,69.600173,locality_curated
Amarnagar,PORBANDAR,Gujarat,21.639779,69.630595,locality_curated
Samadhiyala,PORBANDAR,Gujarat,21.611637,69.606086,locality_curated
Pipaliya,PORBANDAR,Gujarat,21.67108,69.614403,locality_curated
Panchpipla,PORBANDAR,Gujarat,21.632577,69.63569,locality_curated
Danni Primary,UDHAMPUR,Jammu And Kashmir,32.904073,75.168521,locality_curated
Sani,ALIPURDUARS(ST),West Bengal,26.49644,89.686961,locality_curated
BHAGABANPUR,CUTTACK,Odisha,20.450444,85.889933,locality_curated
Gumba,ALIPURDUARS(ST),West Bengal,26.500799,89.642818,locality_curated
HANDIGOL,BAGALKOT,Karnataka,16.175187,75.670217,locality_curated
BALAGANUR,BAGALKOT,Karnataka,16.164877,75.708751,locality_curated
within Satali,ALIPURDUARS(ST),West Bengal,26.49487,89.654252,locality_curated
PARBATIPUR,CUTTACK,Odisha,20.474821,85.870537,locality_curated
Bhatmau,AMETHI,Uttar Pradesh,26.17718,81.716471,locality_curated
Kodurupadu,NELLORE(SC),Andhra Pradesh,14.466124,80.006171,locality_curated
Sundharaperumal Kovil,MAYILADUTHURAI,Tamil Nadu,11.129093,79.637599,locality_curated
Papanasam Town,MAYILADUTHURAI,Tamil Nadu,11.079923,79.663949,locality_curated
Kuthalam Town,MAYILADUTHURAI,Tamil Nadu,11.118709,79.644065,locality_curated
Mankollai in Eachankudi,MAYILADUTHURAI,Tamil Nadu,11.111808,79.624973,locality_curated
gangadiya,VADODARA,Gujarat,22.326765,73.17935,locality_curated
ghantiyal game,VADODARA,Gujarat,22.290394,73.204451,locality_curated
house towards,BULANDSHAHR(SC),Uttar Pradesh,28.392712,77.822834,locality_curated
Periyanegamam Town,POLLACHI,Tamil Nadu,10.683892,76.998924,locality_curated
Kali Mata,UDHAMPUR,Jammu And Kashmir,32.929121,75.162541,locality_curated
devarayapuram,POLLACHI,Tamil Nadu,10.675808,77.0121,locality_curated
periyapodhu village Periyapodhu,POLLACHI,Tamil Nadu,10.668042,76.992086,locality_curated
Anaimalai Town,POLLACHI,Tamil Nadu,10.682777,76.995947,locality_curated
Vetteikaranpudhur Town,POLLACHI,Tamil Nadu,10.658857,76.982847,locality_curated
Chinthamani,CHIDAMBARAM(SC),Tamil Nadu,11.411913,79.712885,locality_curated
Alagapuram,CHIDAMBARAM(SC),Tamil Nadu,11.425388,79.685427,locality_curated
Rupaibori Tiniali Shiv,NOWGONG,Assam,26.325034,92.711005,locality_curated
Aadiwasi,CHHINDWARA,Madhya Pradesh,22.067845,78.926115,locality_curated
Shiv,KODARMA,Jharkhand,24.52906,85.669577,locality_curated
Radhapuram,TIRUNELVELI,Tamil Nadu,8.734055,77.780156,locality_curated
Kumarapuram,TIRUNELVELI,Tamil Nadu,8.718983,77.775892,locality_curated
Manur,TIRUNELVELI,Tamil Nadu,8.69721,77.739815,locality_curated
Datt,CHHINDWARA,Madhya Pradesh,22.054102,78.963516,locality_curated
Kalakkadu,TIRUNELVELI,Tamil Nadu,8.72635,77.771711,locality_curated
Koderma Nagar,KODARMA,Jharkhand,24.560182,85.717178,locality_curated
Durga,KODARMA,Jharkhand,24.554506,85.671677,locality_curated
Hanuman,KODARMA,Jharkhand,24.520094,85.688248,locality_curated
Lugwar Pinda,KODARMA,Jharkhand,24.556389,85.719684,locality_curated
Domchanch Nagar,KODARMA,Jharkhand,24.553695,85.708931,locality_curated
KELOD,PANCHMAHAL,Gujarat,22.694636,73.630797,locality_curated
NATAPUR,PANCHMAHAL,Gujarat,22.713313,73.603854,locality_curated
MOJARI,PANCHMAHAL,Gujarat,22.679804,73.604035,locality_curated
DHANKHORI,SIDHI,Madhya Pradesh,24.393097,81.860665,locality_curated
DEMHA,SIDHI,Madhya Pradesh,24.440379,81.894353,locality_curated
DARAIN,SIDHI,Madhya Pradesh,24.433694,81.879567,locality_curated
TENDUDOL,SIDHI,Madhya Pradesh,24.410443,81.859757,locality_curated
GHIYAR,SIDHI,Madhya Pradesh,24.442611,81.894461,locality_curated
DEORI,SIDHI,Madhya Pradesh,24.395359,81.883408,locality_curated
BASOHARA,SIDHI,Madhya Pradesh,24.427168,81.845964,locality_curated
JAMUNIHA,SIDHI,Madhya Pradesh,24.42637,81.853541,locality_curated
BARNA,SIDHI,Madhya Pradesh,24.398006,81.901619,locality_curated
DEVALIKUVA,PANCHMAHAL,Gujarat,22.712737,73.5912,locality_curated
FFALI,PANCHMAHAL,Gujarat,22.684991,73.604547,locality_curated
BHATHIJI,PANCHMAHAL,Gujarat,22.686732,73.606793,locality_curated
PALI,PANCHMAHAL,Gujarat,22.687119,73.585641,locality_curated
RICHHVANI,PANCHMAHAL,Gujarat,22.702906,73.584396,locality_curated
Bommuru,RAJAHMUNDRY,Andhra Pradesh,16.993431,81.819156,locality_curated
Karadiputhu,TIRUVALLUR(SC),Tamil Nadu,13.151531,79.936378,locality_curated
Simar,JUNAGADH,Gujarat,21.51056,70.470857,locality_curated
Lumbha,JUNAGADH,Gujarat,21.53405,70.46937,locality_curated
Kodidara,JUNAGADH,Gujarat,21.536792,70.4284,locality_curated
Indroi,JUNAGADH,Gujarat,21.51978,70.476409,locality_curated
Cheranmahadevi Town,TIRUNELVELI,Tamil Nadu,8.741832,77.747518,locality_curated
Ilangulam,TIRUNELVELI,Tamil Nadu,8.730165,77.734863,locality_curated
Navadra,JUNAGADH,Gujarat,21.531287,70.489851,locality_curated
Bolash,JUNAGADH,Gujarat,21.529174,70.438371,locality_curated
Kavalamuduru,DAKSHINA KANNADA,Karnataka,12.853892,75.260682,locality_curated
Brahmashri Narayana Guru,DAKSHINA KANNADA,Karnataka,12.847719,75.227219,locality_curated
Shambhoor,DAKSHINA KANNADA,Karnataka,12.820796,75.263815,locality_curated
Veerakambha,DAKSHINA KANNADA,Karnataka,12.841465,75.22511,locality_curated
Manchi,DAKSHINA KANNADA,Karnataka,12.851653,75.263708,locality_curated
Kadeshwalya,DAKSHINA KANNADA,Karnataka,12.859713,75.265403,locality_curated
Paneerkulam,THOOTHUKKUDI,Tamil Nadu,8.752023,78.100447,locality_curated
Maninalkur,DAKSHINA KANNADA,Karnataka,12.865116,75.261561,locality_curated
Karopady,DAKSHINA KANNADA,Karnataka,12.815008,75.241082,locality_curated
Vitlapadnur,DAKSHINA KANNADA,Karnataka,12.862075,75.233775,locality_curated
Pilatabettu,DAKSHINA KANNADA,Karnataka,12.873938,75.25447,locality_curated
Koila,DAKSHINA KANNADA,Karnataka,12.823568,75.260369,locality_curated
Gondi,CHHINDWARA,Madhya Pradesh,22.076931,78.920518,locality_curated
Ashram,CHHINDWARA,Madhya Pradesh,22.059317,78.908625,locality_curated
Dabhoda,PATAN,Gujarat,23.843932,72.139469,locality_curated
Batabari Kali,Darrang-Udalguri,Assam,,,locality_curated
Mudnur,DAKSHINA KANNADA,Karnataka,12.842485,75.273645,locality_curated
Olamogru,DAKSHINA KANNADA,Karnataka,12.86257,75.243808,locality_curated
Balmiki,SHIMLA (SC),Himachal Pradesh,31.105866,77.137753,locality_curated
Kabaka,DAKSHINA KANNADA,Karnataka,12.83365,75.261225,locality_curated
Vitlamudnur,DAKSHINA KANNADA,Karnataka,12.871025,75.256437,locality_curated
Ullalthi,DAKSHINA KANNADA,Karnataka,12.824826,75.232141,locality_curated
Idkidu,DAKSHINA KANNADA,Karnataka,12.829957,75.258993,locality_curated
Punacha,DAKSHINA KANNADA,Karnataka,12.827318,75.225466,locality_curated
Nekkiladi,DAKSHINA KANNADA,Karnataka,12.826999,75.23183,locality_curated
Orang Anchalik Bathou,Darrang-Udalguri,Assam,,,locality_curated
Shantigodu,DAKSHINA KANNADA,Karnataka,12.848933,75.263189,locality_curated
Godiyada,VIZIANAGARAM,Andhra Pradesh,18.119981,83.389954,locality_curated
Ginjeru,VIZIANAGARAM,Andhra Pradesh,18.101905,83.375367,locality_curated
Semri,PALAMU(SC),Jharkhand,24.012138,84.072625,locality_curated
Sole,PALAMU(SC),Jharkhand,24.023019,84.044297,locality_curated
Shiv,PALAMU(SC),Jharkhand,24.016118,84.064372,locality_curated
Pindaran,BANDA,Uttar Pradesh,25.487695,80.351097,locality_curated
Bhabhuwa,BANDA,Uttar Pradesh,25.466637,80.305364,locality_curated
Bhitee,BANDA,Uttar Pradesh,25.492016,80.31997,locality_curated
Majhila,BANDA,Uttar Pradesh,25.492746,80.350932,locality_curated
Rayan,BANDA,Uttar Pradesh,25.48,80.351656,locality_curated
Gujenee,BANDA,Uttar Pradesh,25.488175,80.348567,locality_curated
patvan,BANDA,Uttar Pradesh,25.459996,80.319667,locality_curated
Dhudhala,HINGOLI,Maharashtra,19.713264,77.164302,locality_curated
Nimigan of Darubhadra,ASKA,Odisha,19.614653,84.689327,locality_curated
Sasanabadi of Amagaan,ASKA,Odisha,19.595948,84.653821,locality_curated
Sidhheswar,ASKA,Odisha,19.60156,84.684919,locality_curated
BAMHANI,BALAGHAT,Madhya Pradesh,21.834675,80.196702,locality_curated
Malayamma Mangattukulangara,KOZHIKODE,Kerala,11.270505,75.801931,locality_curated
Thalappanam Narasimhamoorthi,KOZHIKODE,Kerala,11.25369,75.797442,locality_curated
Arayankode Juma,KOZHIKODE,Kerala,11.250689,75.792661,locality_curated
Gaytree,SHIMLA (SC),Himachal Pradesh,31.099952,77.137651,locality_curated
Gopinath,ASKA,Odisha,19.600529,84.641363,locality_curated
North,BANGAON(SC),West Bengal,23.066356,88.828757,locality_curated
Rungmanch Chabutra Marghati,CHHINDWARA,Madhya Pradesh,22.034441,78.937335,locality_curated
Sai Baba,CHHINDWARA,Madhya Pradesh,22.078405,78.923482,locality_curated
Madavoor Sree Mahadeva,ATTINGAL,Kerala,8.673899,76.809191,locality_curated
Puravoor Kunnumala,ATTINGAL,Kerala,8.709249,76.821987,locality_curated
Ladol,MAHESANA,Gujarat,23.60126,72.405278,locality_curated
Ranela,MAHESANA,Gujarat,23.621947,72.412396,locality_curated
Thakurji,JALORE,Rajasthan,25.327276,72.622038,locality_curated
Vinnakota,MACHILIPATNAM,Andhra Pradesh,16.177492,81.144144,locality_curated
Vadlamannadu,MACHILIPATNAM,Andhra Pradesh,16.205041,81.13718,locality_curated
Burugupalli,KARIMNAGAR,Telangana,18.409877,79.14228,locality_curated
Aruha Grama,BHADRAK(SC),Odisha,21.071565,86.486325,locality_curated
Ganneruvaram,KARIMNAGAR,Telangana,18.443194,79.159378,locality_curated
Markandeya,KARIMNAGAR,Telangana,18.45312,79.106941,locality_curated
Kondapur,KARIMNAGAR,Telangana,18.463362,79.137281,locality_curated
Narsingapur,KARIMNAGAR,Telangana,18.428474,79.112975,locality_curated
Lalithapur,KARIMNAGAR,Telangana,18.415176,79.12664,locality_curated
Kumarchak Narayan,ULUBERIA,West Bengal,22.463854,88.087102,locality_curated
adhgam game,PATAN,Gujarat,23.860181,72.139897,locality_curated
Chintakunta,KARIMNAGAR,Telangana,18.431707,79.149901,locality_curated
Ramadugu,KARIMNAGAR,Telangana,18.453332,79.135714,locality_curated
Chokli Grama,VADAKARA,Kerala,11.619583,75.570191,locality_curated
Kadirur Grama,VADAKARA,Kerala,11.591944,75.56907,locality_curated
Papuri,BOLPUR(SC),West Bengal,23.667966,87.736342,locality_curated
HASANPARTHY,WARANGEL(SC),Telangana,,,locality_curated
ARVAPALLY,WARANGEL(SC),Telangana,,,locality_curated
Sundrapalya,KOLAR(SC),Karnataka,13.149467,78.157754,locality_curated
Pooganahalli,KOLAR(SC),Karnataka,13.139184,78.156028,locality_curated
Kambapalli,KOLAR(SC),Karnataka,13.157585,78.112698,locality_curated
Guttahalli,KOLAR(SC),Karnataka,13.115919,78.119343,locality_curated
Gopenahalli,KOLAR(SC),Karnataka,13.13087,78.109741,locality_curated
Chaitanyapuri,KARIMNAGAR,Telangana,18.428225,79.115294,locality_curated
Srivaikundam Town,THOOTHUKKUDI,Tamil Nadu,8.738885,78.081334,locality_curated
KUPPAKUDI,SIVAGANGA,Tamil Nadu,9.84795,78.513071,locality_curated
aagevaa,RAJSAMAND,Rajasthan,25.087981,73.890114,locality_curated
MANALAYAM SIVA,ATTINGAL,Kerala,8.678129,76.805992,locality_curated
VEMB BHOOTHATHAN,ATTINGAL,Kerala,8.657368,76.817964,locality_curated
KAITHAKADU SREEDHARMA SHASTHA,ATTINGAL,Kerala,8.663139,76.81655,locality_curated
KUTTIYANI SREEDHARMA SHASTHA,ATTINGAL,Kerala,8.711,76.808272,locality_curated
Kavilorai,NILGIRIS(SC),Tamil Nadu,11.48413,76.746387,locality_curated
RABAKAVI,BAGALKOT,Karnataka,16.17468,75.722059,locality_curated
MIRJI,BAGALKOT,Karnataka,16.188036,75.680263,locality_curated
HALINGALI,BAGALKOT,Karnataka,16.201432,75.684629,locality_curated
Endapuli,VIRUDHUNAGAR,Tamil Nadu,9.604174,77.952102,locality_curated
Nallamanaickenpatti,VIRUDHUNAGAR,Tamil Nadu,9.570095,77.988601,locality_curated
Mahamaya,KANDHAMAL,Odisha,20.071336,84.225231,locality_curated
Tirumal,VIRUDHUNAGAR,Tamil Nadu,9.599349,77.942542,locality_curated
KULAHALLI,BAGALKOT,Karnataka,16.183268,75.663628,locality_curated
TAMADADDI,BAGALKOT,Karnataka,16.162157,75.716635,locality_curated
SASALATTI,BAGALKOT,Karnataka,16.159738,75.67766,locality_curated
CHIMMAD,BAGALKOT,Karnataka,16.182734,75.713974,locality_curated
Kali,KANDHAMAL,Odisha,20.076862,84.218522,locality_curated
Vellakulam,VIRUDHUNAGAR,Tamil Nadu,9.569707,77.951385,locality_curated
Kilavaneri,VIRUDHUNAGAR,Tamil Nadu,9.593056,77.948776,locality_curated
Urappanur,VIRUDHUNAGAR,Tamil Nadu,9.592105,77.985962,locality_curated
LINGANUR,BAGALKOT,Karnataka,16.155179,75.708052,locality_curated
KATAGERI,BAGALKOT,Karnataka,16.185994,75.67097,locality_curated
WADAWATTI,BAGALKOT,Karnataka,16.176984,75.676173,locality_curated
HEBBALLI,BAGALKOT,Karnataka,16.186952,75.678083,locality_curated
DHAMMUR,BAGALKOT,Karnataka,16.157112,75.685884,locality_curated
BEVOOR,BAGALKOT,Karnataka,16.172605,75.674844,locality_curated
Badarkha,GUNA,Madhya Pradesh,24.672519,77.30067,locality_curated
Manpur,GUNA,Madhya Pradesh,24.650487,77.339418,locality_curated
ZAFFERGADH,WARANGEL(SC),Telangana,,,locality_curated
Gour,DHUBRI,Assam,26.003489,90.010241,locality_curated
Thandiral,KARIMNAGAR,Telangana,18.453592,79.123358,locality_curated
Kathlapur,KARIMNAGAR,Telangana,18.466103,79.134435,locality_curated
Sirikonda,KARIMNAGAR,Telangana,18.453762,79.134303,locality_curated
Dhuloor,KARIMNAGAR,Telangana,18.460462,79.131222,locality_curated
ANICUT SE,BILASPUR,Chhattisgarh,22.070151,82.172614,locality_curated
BEDAPAT VILLAGE,BILASPUR,Chhattisgarh,22.075323,82.161361,locality_curated
Desaipet,KARIMNAGAR,Telangana,18.45646,79.152896,locality_curated
Hyati,KOPPAL,Karnataka,15.351877,76.138144,locality_curated
Gatlanarsingapur,KARIMNAGAR,Telangana,18.458616,79.114568,locality_curated
Mustafapur,KARIMNAGAR,Telangana,18.42024,79.141368,locality_curated
Kothakonda,KARIMNAGAR,Telangana,18.469718,79.132828,locality_curated
Chantaiahpalli,KARIMNAGAR,Telangana,18.409901,79.127215,locality_curated
Kayampura,AJMER,Rajasthan,26.424449,74.655657,locality_curated
Dhasook,AJMER,Rajasthan,26.4409,74.65324,locality_curated
janagamarakalgudi,KOPPAL,Karnataka,15.353206,76.181076,locality_curated
Muthyampet,KARIMNAGAR,Telangana,18.451862,79.144326,locality_curated
Karkihalli,KOPPAL,Karnataka,15.373352,76.148853,locality_curated
SANSKRITIK MANCH,BILASPUR,Chhattisgarh,22.080925,82.121988,locality_curated
DODA,BILASPUR,Chhattisgarh,22.083667,82.158068,locality_curated
NAGAR,BILASPUR,Chhattisgarh,22.077077,82.108552,locality_curated
Saroj,NAGPUR,Maharashtra,21.120902,79.096362,locality_curated
Mahalgi,NAGPUR,Maharashtra,21.159526,79.098505,locality_curated
Hatti,KOPPAL,Karnataka,15.326473,76.170456,locality_curated
Government,LATUR(SC),Maharashtra,18.388786,76.572092,locality_curated
DABHALI,PANCHMAHAL,Gujarat,22.691096,73.612989,locality_curated
government,LATUR(SC),Maharashtra,18.414621,76.540333,locality_curated
KHANPURA,PANCHMAHAL,Gujarat,22.680335,73.624139,locality_curated
AKLANCH,PANCHMAHAL,Gujarat,22.711192,73.596029,locality_curated
VIZOL,PANCHMAHAL,Gujarat,22.68446,73.612042,locality_curated
MARGAKUI,PANCHMAHAL,Gujarat,22.682166,73.604577,locality_curated
VITHALPURA,PANCHMAHAL,Gujarat,22.672792,73.591807,locality_curated
ITADI,PANCHMAHAL,Gujarat,22.725757,73.585209,locality_curated
MUVADA,PANCHMAHAL,Gujarat,22.681276,73.60287,locality_curated
PIPALVADA,PANCHMAHAL,Gujarat,22.710208,73.607478,locality_curated
BORDI,PANCHMAHAL,Gujarat,22.712608,73.578261,locality_curated
Kathora Bazar,JALNA,Maharashtra,19.849522,75.876175,locality_curated
CHETARSUMBA,PANCHMAHAL,Gujarat,22.721403,73.575837,locality_curated
village Soegaon Devi,JALNA,Maharashtra,19.824985,75.905932,locality_curated
village Rajur,JALNA,Maharashtra,19.825775,75.901054,locality_curated
village Bhaydi,JALNA,Maharashtra,19.819145,75.874238,locality_curated
Ambedkar bhavana madhuvanahalli,CHAMARAJANAGAR(SC),Karnataka,11.906809,76.960775,locality_curated
PATTLUR,TIRUPPUR,Tamil Nadu,11.122879,77.342125,locality_curated
sathegala village kollegala,CHAMARAJANAGAR(SC),Karnataka,11.928976,76.956411,locality_curated
KOMARAYANUR,TIRUPPUR,Tamil Nadu,11.1085,77.326319,locality_curated
playa village kollegala,CHAMARAJANAGAR(SC),Karnataka,11.892868,76.941882,locality_curated
MERKUPATHI,TIRUPPUR,Tamil Nadu,11.079797,77.350604,locality_curated
cowdalli village Kollegal,CHAMARAJANAGAR(SC),Karnataka,11.94413,76.937921,locality_curated
heggavadi,CHAMARAJANAGAR(SC),Karnataka,11.905026,76.925965,locality_curated
Kulagana,CHAMARAJANAGAR(SC),Karnataka,11.940327,76.941268,locality_curated
mukha halli,CHAMARAJANAGAR(SC),Karnataka,11.938928,76.940346,locality_curated
horiyala,CHAMARAJANAGAR(SC),Karnataka,11.931456,76.961355,locality_curated
Chikkathuppur,CHAMARAJANAGAR(SC),Karnataka,11.915489,76.968857,locality_curated
Kabbahalli,CHAMARAJANAGAR(SC),Karnataka,11.955246,76.947459,locality_curated
Berambadi,CHAMARAJANAGAR(SC),Karnataka,11.913237,76.963214,locality_curated
honnahalli,CHAMARAJANAGAR(SC),Karnataka,11.896529,76.932144,locality_curated
Nagavalli,CHAMARAJANAGAR(SC),Karnataka,11.94703,76.92199,locality_curated
Kamalapuri,NANDYAL,Andhra Pradesh,15.499441,78.495198,locality_curated
sub,CHAMARAJANAGAR(SC),Karnataka,11.944506,76.936257,locality_curated
Yaraganhalli,CHAMARAJANAGAR(SC),Karnataka,11.925747,76.96107,locality_curated
hura,CHAMARAJANAGAR(SC),Karnataka,11.916628,76.966819,locality_curated
Rajur,CHAMARAJANAGAR(SC),Karnataka,11.953526,76.951031,locality_curated
Thumbasoge,CHAMARAJANAGAR(SC),Karnataka,11.904097,76.935925,locality_curated
Hommaragahalli village Heggadadevankote,CHAMARAJANAGAR(SC),Karnataka,11.915979,76.95949,locality_curated
Devalapura,CHAMARAJANAGAR(SC),Karnataka,11.92458,76.920721,locality_curated
Sagare,CHAMARAJANAGAR(SC),Karnataka,11.93782,76.91568,locality_curated
Pattehundi,CHAMARAJANAGAR(SC),Karnataka,11.913218,76.959641,locality_curated
Kovilur,DINDIGUL,Tamil Nadu,10.384657,77.96752,locality_curated
town,DINDIGUL,Tamil Nadu,10.367578,77.939646,locality_curated
Thaisoguri,KOKRAJHAR (ST),Assam,26.407005,90.249876,locality_curated
Khutaibari,KOKRAJHAR (ST),Assam,26.419047,90.247035,locality_curated
Anthaibari,KOKRAJHAR (ST),Assam,26.407888,90.282956,locality_curated
Gulur,TUMKUR,Karnataka,13.36099,77.081062,locality_curated
Honnudike,TUMKUR,Karnataka,13.349595,77.122051,locality_curated
hahalya village Nanjangud,CHAMARAJANAGAR(SC),Karnataka,11.933528,76.963445,locality_curated
Nanjedevanapura,CHAMARAJANAGAR(SC),Karnataka,11.942416,76.968625,locality_curated
Managalli,CHAMARAJANAGAR(SC),Karnataka,11.938724,76.965858,locality_curated
Madhuvanahalli village kollegal,CHAMARAJANAGAR(SC),Karnataka,11.898532,76.930205,locality_curated
Maliyuru,CHAMARAJANAGAR(SC),Karnataka,11.903837,76.937423,locality_curated
Kuruburu,CHAMARAJANAGAR(SC),Karnataka,11.90955,76.953878,locality_curated
Doddabagilu,CHAMARAJANAGAR(SC),Karnataka,11.92043,76.958456,locality_curated
kattekopalu,CHAMARAJANAGAR(SC),Karnataka,11.91095,76.946883,locality_curated
badagalapura,CHAMARAJANAGAR(SC),Karnataka,11.928162,76.914187,locality_curated
Hediyala villageNanjangud,CHAMARAJANAGAR(SC),Karnataka,11.915683,76.973359,locality_curated
Deveerammanahalli village Nanjangud,CHAMARAJANAGAR(SC),Karnataka,11.911822,76.955217,locality_curated
Devarasanahalli,CHAMARAJANAGAR(SC),Karnataka,11.912489,76.935227,locality_curated
veeregowdanahundi,CHAMARAJANAGAR(SC),Karnataka,11.940101,76.930754,locality_curated
kallahalli street kalale,CHAMARAJANAGAR(SC),Karnataka,11.939466,76.917034,locality_curated
Deolali,OSMANABAD,Maharashtra,18.179636,76.062443,locality_curated
GHPS chilakalli,CHAMARAJANAGAR(SC),Karnataka,11.893798,76.949605,locality_curated
Goblaj,KHEDA,Gujarat,22.691452,72.693565,locality_curated
shed Group,RAIGAD,Maharashtra,18.510436,73.167717,locality_curated
Group,RAIGAD,Maharashtra,18.50466,73.200323,locality_curated
Tranja,KHEDA,Gujarat,22.71041,72.710013,locality_curated
Dongodih,KODARMA,Jharkhand,24.522713,85.687217,locality_curated
Bajrangbali,KODARMA,Jharkhand,24.557314,85.716456,locality_curated
Shiva,KODARMA,Jharkhand,24.552925,85.678694,locality_curated
Gagresinga,KODARMA,Jharkhand,24.570314,85.686483,locality_curated
Gagresingha,KODARMA,Jharkhand,24.551582,85.71375,locality_curated
Garha,KODARMA,Jharkhand,24.54911,85.71881,locality_curated
Khumarvad,KHEDA,Gujarat,22.70277,72.654901,locality_curated
Polkampally,CHELVELLA,Telangana,,,locality_curated
Madharam,CHELVELLA,Telangana,,,locality_curated
Gadisingapur,CHELVELLA,Telangana,,,locality_curated
Pudur,CHELVELLA,Telangana,,,locality_curated
Jamma,CHELVELLA,Telangana,,,locality_curated
Markacho middle,KODARMA,Jharkhand,24.561212,85.681535,locality_curated
Ponnada,KAKINADA,Andhra Pradesh,16.986136,82.222255,locality_curated
Sivalayam,KAKINADA,Andhra Pradesh,16.974534,82.252449,locality_curated
Chinna Nizampet,MEDAK,Telangana,18.032593,78.238404,locality_curated
Budha Budhi Thakurani,KANDHAMAL,Odisha,20.067327,84.203832,locality_curated
Kheda Pati,CHHINDWARA,Madhya Pradesh,22.047613,78.925616,locality_curated
Sanwa,BANASKANTHA,Gujarat,24.147383,72.41844,locality_curated
ButBraksh Durga,CHHINDWARA,Madhya Pradesh,22.077562,78.92759,locality_curated
Angalakuduru,GUNTUR,Andhra Pradesh,16.316769,80.41904,locality_curated
Kollipara,GUNTUR,Andhra Pradesh,16.294364,80.464063,locality_curated
Bhatasana,BANASKANTHA,Gujarat,24.186107,72.417173,locality_curated
Maheshpur,BHAGALPUR,Bihar,25.267466,86.9634,locality_curated
Guhatha,KOTA,Rajasthan,25.202419,75.853473,locality_curated
Leishi,OUTER MANIPUR(ST),Manipur,24.998634,94.18277,locality_curated
Ajayrajpura,JAIPUR,Rajasthan,26.943282,75.786091,locality_curated
Awaniyan,JAIPUR,Rajasthan,26.902031,75.800214,locality_curated
social hall,RAIGAD,Maharashtra,18.488055,73.166835,locality_curated
multipurpose hall,RAIGAD,Maharashtra,18.518097,73.204486,locality_curated
Koproli,RAIGAD,Maharashtra,18.528251,73.210436,locality_curated
village Jagti,JAMMU,Jammu And Kashmir,32.729935,74.885209,locality_curated
Ashok,Puducherry,Puducherry,11.916836,79.826257,locality_curated
Melparikkalpet,Puducherry,Puducherry,11.914778,79.826815,locality_curated
pitampura,CHANDINI CHOWK,Delhi,,,locality_curated
park police,CHANDINI CHOWK,Delhi,,,locality_curated
bar,RAJSAMAND,Rajasthan,25.066871,73.858192,locality_curated
ka vistaar,RAJSAMAND,Rajasthan,25.046322,73.86781,locality_curated
SREE KANDAN SHASTHA,ATTINGAL,Kerala,8.703564,76.795111,locality_curated
Guruja Jaga,PURI,Odisha,19.83254,85.817029,locality_curated
Siddha Mahaveer,PURI,Odisha,19.797034,85.821894,locality_curated
Shidha Mahavir,PURI,Odisha,19.826341,85.806577,locality_curated
Ghumi Thakurani,PURI,Odisha,19.817236,85.802942,locality_curated
Amrutaswara,PURI,Odisha,19.831359,85.817908,locality_curated
Parbatipur,PURI,Odisha,19.830405,85.824302,locality_curated
Khadipada,PURI,Odisha,19.808498,85.858554,locality_curated
Jagannathpur,PURI,Odisha,19.803925,85.842908,locality_curated
Kanthapur,PURI,Odisha,19.81489,85.814315,locality_curated
Gunthapilipila,PURI,Odisha,19.794334,85.838215,locality_curated
Ballabh,PURI,Odisha,19.784399,85.836654,locality_curated
Uttarakana,PURI,Odisha,19.823179,85.861079,locality_curated
Nuagaon,PURI,Odisha,19.788436,85.820974,locality_curated
Gopinathapur,PURI,Odisha,19.792447,85.842114,locality_curated
Harekrushnapur,PURI,Odisha,19.810836,85.81663,locality_curated
Batagaon,PURI,Odisha,19.805591,85.818736,locality_curated
Banamalipur,PURI,Odisha,19.83785,85.810978,locality_curated
Alasana,PURI,Odisha,19.836758,85.826395,locality_curated
Dhaudia,PURI,Odisha,19.821191,85.85794,locality_curated
Panchamuhan,PURI,Odisha,19.803817,85.820908,locality_curated
Baliguali,PURI,Odisha,19.798985,85.832822,locality_curated
Gopalpur,PURI,Odisha,19.80476,85.858181,locality_curated
Beladal,PURI,Odisha,19.798759,85.850549,locality_curated
Ura,PURI,Odisha,19.797172,85.84476,locality_curated
Samangara,PURI,Odisha,19.787813,85.817288,locality_curated
Balipatna,PURI,Odisha,19.829993,85.839375,locality_curated
Talajanga,PURI,Odisha,19.816157,85.854201,locality_curated
Malatipatpur,PURI,Odisha,19.818229,85.851362,locality_curated
Raghurajpur,PURI,Odisha,19.835624,85.812157,locality_curated
Kapateswar,PURI,Odisha,19.792779,85.847797,locality_curated
Chandanpur,PURI,Odisha,19.795959,85.823667,locality_curated
Pratapapur,PURI,Odisha,19.843261,85.822724,locality_curated
Dolagobindapur,PURI,Odisha,19.834656,85.810952,locality_curated
Ganganarayanpur,PURI,Odisha,19.795498,85.817297,locality_curated
Apila,PURI,Odisha,19.798907,85.812714,locality_curated
Chalisibatia,PURI,Odisha,19.827457,85.827775,locality_curated
Madhubanabalia,PURI,Odisha,19.839653,85.823229,locality_curated
Dashagoba,PURI,Odisha,19.819118,85.815645,locality_curated
Tadasharamahansapur,PURI,Odisha,19.804534,85.849125,locality_curated
Odashamalla,PURI,Odisha,19.787644,85.8312,locality_curated
Kantasila,PURI,Odisha,19.794392,85.80942,locality_curated
Gadadharpur,PURI,Odisha,19.80764,85.852924,locality_curated
Biranchidashapur,PURI,Odisha,19.829818,85.816122,locality_curated
Kaliakera,PURI,Odisha,19.796301,85.810169,locality_curated
Palli,PURI,Odisha,19.79121,85.842248,locality_curated
Markandapur,PURI,Odisha,19.811097,85.860391,locality_curated
Chunadiha,PURI,Odisha,19.784783,85.823021,locality_curated
Siaro,PURI,Odisha,19.785016,85.843432,locality_curated
Podapada,PURI,Odisha,19.827511,85.834366,locality_curated
Baliput,PURI,Odisha,19.814349,85.848413,locality_curated
Amuri,PURI,Odisha,19.838135,85.850225,locality_curated
Barana,PURI,Odisha,19.826421,85.812297,locality_curated
Naiguan,PURI,Odisha,19.833575,85.827052,locality_curated
Sanuan,PURI,Odisha,19.840259,85.823044,locality_curated
Nuapada,PURI,Odisha,19.815259,85.852568,locality_curated
Charisri,PURI,Odisha,19.798324,85.824353,locality_curated
Jamarsuan,PURI,Odisha,19.829603,85.853914,locality_curated
Kanakadurga,KHAMMAM,Telangana,17.245295,80.121381,locality_curated
Mangaligudem,KHAMMAM,Telangana,17.254989,80.167201,locality_curated
Venkateswara Swamy,KHAMMAM,Telangana,17.25874,80.135504,locality_curated
Gandhi Nagar Pubasasan,PURI,Odisha,19.80601,85.81046,locality_curated
Khelaur,PURI,Odisha,19.816852,85.81287,locality_curated
Dhanakera,PURI,Odisha,19.800579,85.84193,locality_curated
Abhayamukhi,PURI,Odisha,19.791521,85.830792,locality_curated
Indupuradeuli,PURI,Odisha,19.795141,85.836796,locality_curated
Bharathi,CHENNAI NORTH,Tamil Nadu,13.104083,80.289059,locality_curated
Nagaram,BHONGIR,Telangana,17.489877,78.858926,locality_curated
Annaram,BHONGIR,Telangana,17.481562,78.8746,locality_curated
NAKREJI,PANCHMAHAL,Gujarat,22.713854,73.611655,locality_curated
Perkakondaram,BHONGIR,Telangana,17.485727,78.876845,locality_curated
Ammapettai,TIRUCHIRAPPALLI,Tamil Nadu,10.814277,78.708968,locality_curated
RINCHHROTA,PANCHMAHAL,Gujarat,22.702212,73.575621,locality_curated
Pallathuppatti,TIRUCHIRAPPALLI,Tamil Nadu,10.809906,78.692356,locality_curated
VELIYANNOOR VISHNU,ATTINGAL,Kerala,8.676122,76.80118,locality_curated
EALIMALA AYURVEDA,ATTINGAL,Kerala,8.667743,76.802016,locality_curated
MUKKUNOOR KANDAL SHASTHA,ATTINGAL,Kerala,8.667736,76.832291,locality_curated
Village ahmada,JHANJHARPUR,Bihar,26.281054,86.266748,locality_curated
Kaikalur,ELURU,Andhra Pradesh,16.724978,81.108159,locality_curated
Valparamb,MALAPPURAM,Kerala,11.075454,76.083252,locality_curated
Birulia South Primary,TAMLUK,West Bengal,22.278597,87.919539,locality_curated
Chimatcha,TURA,Meghalaya,25.518093,90.17869,locality_curated
Garjani,PURI,Odisha,19.803493,85.819387,locality_curated
Kushadhipi,PURI,Odisha,19.805245,85.847029,locality_curated
Sakeri,PURI,Odisha,19.784136,85.826257,locality_curated
Saradhapur,PURI,Odisha,19.826423,85.827,locality_curated
Madangadia,PURI,Odisha,19.807064,85.805671,locality_curated
Gunthasahi,PURI,Odisha,19.794887,85.82068,locality_curated
Ambarapur,PURI,Odisha,19.832638,85.846529,locality_curated
Korapitha,PURI,Odisha,19.789561,85.815911,locality_curated
Bhadikilla,PURI,Odisha,19.832964,85.847953,locality_curated
Baunshagadia,PURI,Odisha,19.8318,85.840687,locality_curated
Nandighora,PURI,Odisha,19.813127,85.853891,locality_curated
Ostia,PURI,Odisha,19.828642,85.829508,locality_curated
Ghasadeipur,PURI,Odisha,19.829717,85.841557,locality_curated
Gothabana,PURI,Odisha,19.797401,85.825308,locality_curated
Arada,PURI,Odisha,19.785482,85.8312,locality_curated
Petapalli,PURI,Odisha,19.831644,85.824559,locality_curated
Kendupalli,PURI,Odisha,19.826297,85.85574,locality_curated
Guanda,PURI,Odisha,19.817068,85.817048,locality_curated
Gotrida,PURI,Odisha,19.815699,85.845954,locality_curated
Tikarapalli,PURI,Odisha,19.810102,85.805502,locality_curated
Dhabalei,PURI,Odisha,19.812105,85.809993,locality_curated
Ostiamala,PURI,Odisha,19.808312,85.855086,locality_curated
Banthapur,PURI,Odisha,19.819965,85.860964,locality_curated
Chemedi,PURI,Odisha,19.812598,85.858666,locality_curated
Maheswarpur,PURI,Odisha,19.797413,85.830004,locality_curated
Bhagabatiprasad,PURI,Odisha,19.822985,85.844104,locality_curated
Narasinghpur,PURI,Odisha,19.790078,85.815032,locality_curated
Rohibanka,PURI,Odisha,19.804331,85.805811,locality_curated
Pathara,PURI,Odisha,19.789288,85.821833,locality_curated
Komanda,PURI,Odisha,19.842219,85.828529,locality_curated
Udayapur,PURI,Odisha,19.793223,85.826224,locality_curated
Dandor,PURI,Odisha,19.824194,85.849391,locality_curated
Kural,PURI,Odisha,19.839588,85.817071,locality_curated
Nathiapalli,PURI,Odisha,19.807019,85.855225,locality_curated
Jhadasahi,PURI,Odisha,19.806608,85.843888,locality_curated
Dhajhola,PURI,Odisha,19.799971,85.832711,locality_curated
Luni,PURI,Odisha,19.832193,85.829811,locality_curated
Landabadu,PURI,Odisha,19.838304,85.833044,locality_curated
Bhaliadihi,PURI,Odisha,19.819494,85.856751,locality_curated
Deogaon,PURI,Odisha,19.823576,85.84229,locality_curated
Pandriapada,PURI,Odisha,19.818633,85.845414,locality_curated
Madanpur,PURI,Odisha,19.786806,85.835694,locality_curated
Kurumabankatara,PURI,Odisha,19.836035,85.826976,locality_curated
Paikabankatara,PURI,Odisha,19.801512,85.849398,locality_curated
Balabhadrapur,PURI,Odisha,19.796563,85.8312,locality_curated
Rangaipatana,PURI,Odisha,19.800322,85.854511,locality_curated
Bahadapitha,PURI,Odisha,19.805967,85.850063,locality_curated
Jamusahi,PURI,Odisha,19.836823,85.849211,locality_curated
Talagodipalli,PURI,Odisha,19.830697,85.831838,locality_curated
Masabari,PURI,Odisha,19.790951,85.816799,locality_curated
Kaibalyapur,PURI,Odisha,19.822828,85.852463,locality_curated
Pantikharisasan,PURI,Odisha,19.820583,85.801003,locality_curated
Naragre,TURA,Meghalaya,25.497707,90.205664,locality_curated
Damalgre to Naragre,TURA,Meghalaya,25.530976,90.212197,locality_curated
torvan,VALSAD(ST),Gujarat,20.608893,72.946112,locality_curated
Tumbaraguddi,BELLARY(ST),Karnataka,15.149871,76.930829,locality_curated
Ghaduala,PURI,Odisha,19.84331,85.836787,locality_curated
Deulapalli,PURI,Odisha,19.808231,85.806941,locality_curated
Khuntubandha,PURI,Odisha,19.834478,85.831979,locality_curated
Godiali,PURI,Odisha,19.832165,85.81136,locality_curated
Aswasthapada,PURI,Odisha,19.826267,85.821698,locality_curated
Hinjalagadia,PURI,Odisha,19.816409,85.8532,locality_curated
Nadiali,PURI,Odisha,19.828537,85.819156,locality_curated
Pallisasan,PURI,Odisha,19.834627,85.852885,locality_curated
Machhipada,PURI,Odisha,19.832677,85.831912,locality_curated
Raghunathpur,PURI,Odisha,19.791472,85.837038,locality_curated
Lenkudipada,PURI,Odisha,19.798092,85.837161,locality_curated
Hariharpur,PURI,Odisha,19.82768,85.832519,locality_curated
Nabaghanpur,PURI,Odisha,19.798905,85.817232,locality_curated
Lekhanpur,PURI,Odisha,19.786362,85.840019,locality_curated
Ladukeswarpur,PURI,Odisha,19.826802,85.81975,locality_curated
Bhatasahi,PURI,Odisha,19.801698,85.852928,locality_curated
Dianapada,PURI,Odisha,19.816043,85.805487,locality_curated
Chandibasta,PURI,Odisha,19.824331,85.814132,locality_curated
Hatadwar,PURI,Odisha,19.813074,85.857147,locality_curated
Mankapalli,PURI,Odisha,19.83161,85.857695,locality_curated
Tulasipur,PURI,Odisha,19.824199,85.806813,locality_curated
Jeypore,PURI,Odisha,19.788442,85.821506,locality_curated
Muktapur,PURI,Odisha,19.841875,85.824789,locality_curated
Narasinghprasad,PURI,Odisha,19.794406,85.822164,locality_curated
Prasad,PURI,Odisha,19.83186,85.818527,locality_curated
Jemadeipurpatana,PURI,Odisha,19.799461,85.833032,locality_curated
Lausena,PURI,Odisha,19.791422,85.849535,locality_curated
Kalikaprasad,PURI,Odisha,19.790148,85.825924,locality_curated
Chinara,PURI,Odisha,19.794287,85.852347,locality_curated
Adacher,PURI,Odisha,19.842019,85.832789,locality_curated
Nagamunduli,PURI,Odisha,19.798153,85.829773,locality_curated
Kesharpur,PURI,Odisha,19.818738,85.846497,locality_curated
Gamei,PURI,Odisha,19.804675,85.86007,locality_curated
Asuradhipa,PURI,Odisha,19.796481,85.850599,locality_curated
Gambharidihi,PURI,Odisha,19.817488,85.853008,locality_curated
Nandapur,PURI,Odisha,19.799298,85.826871,locality_curated
Phasipada,PURI,Odisha,19.801041,85.801457,locality_curated
Chandrasekharpur,PURI,Odisha,19.824445,85.817336,locality_curated
Tipura,PURI,Odisha,19.788968,85.840179,locality_curated
Khairapati,PURI,Odisha,19.794967,85.830168,locality_curated
Ikiri,PURI,Odisha,19.808917,85.847134,locality_curated
Nachhipur,PURI,Odisha,19.79688,85.817888,locality_curated
Tentuliapalli,PURI,Odisha,19.794155,85.820723,locality_curated
Kendudhipi,PURI,Odisha,19.818094,85.848229,locality_curated
Krushnaprasad,PURI,Odisha,19.805289,85.817232,locality_curated
Lathipada,PURI,Odisha,19.8274,85.840078,locality_curated
Nagpur,PURI,Odisha,19.819247,85.815287,locality_curated
Itamati,PURI,Odisha,19.809824,85.809039,locality_curated
Dengeragodi,PURI,Odisha,19.822324,85.861878,locality_curated
Pratapprasad,PURI,Odisha,19.843044,85.825663,locality_curated
Biruda,PURI,Odisha,19.828363,85.831476,locality_curated
Baghara,PURI,Odisha,19.813204,85.8492,locality_curated
Patachandiprasad,PURI,Odisha,19.812698,85.806796,locality_curated
Baunsiapada,PURI,Odisha,19.822029,85.81176,locality_curated
Purusottampur,PURI,Odisha,19.826529,85.847705,locality_curated
Bijipur,PURI,Odisha,19.798466,85.804606,locality_curated
Janhipada,PURI,Odisha,19.830193,85.832752,locality_curated
Jalalnagar,DHAURAHRA,Uttar Pradesh,27.714778,80.995816,locality_curated
Bamani,CHANDRAPUR,Maharashtra,19.943811,79.27286,locality_curated
Shivpur,PALAMU(SC),Jharkhand,24.050334,84.073444,locality_curated
Shivanjaneya Swamy,KHAMMAM,Telangana,17.270825,80.157087,locality_curated
Akkamma,KHAMMAM,Telangana,17.240633,80.1651,locality_curated
Chennuru,KHAMMAM,Telangana,17.242205,80.176498,locality_curated
VELLOORKONAM KAVIL BHAGAVATHI,ATTINGAL,Kerala,8.673827,76.827302,locality_curated
Bishnu,JORHAT,Assam,26.731066,94.205029,locality_curated
Venkateshwara Swamy,NIZAMABAD,Telangana,18.644387,78.106596,locality_curated
ATTINAKKARA BHADRAKALI DEVI,ATTINGAL,Kerala,8.713019,76.823226,locality_curated
Badapandusara,PURI,Odisha,19.833207,85.824394,locality_curated
Sarapada,PURI,Odisha,19.8135,85.798067,locality_curated
Sunalati,PURI,Odisha,19.811696,85.803784,locality_curated
Balugaon,PURI,Odisha,19.821296,85.808434,locality_curated
Khedapada,PURI,Odisha,19.840173,85.83933,locality_curated
Kadua,PURI,Odisha,19.826422,85.838814,locality_curated
Melamba,PURI,Odisha,19.835237,85.827126,locality_curated
Natugaon,PURI,Odisha,19.824775,85.811254,locality_curated
Sajanapada,PURI,Odisha,19.838615,85.836874,locality_curated
Khedabarana,PURI,Odisha,19.82887,85.821768,locality_curated
Mangarajpur,PURI,Odisha,19.787539,85.822234,locality_curated
Khamarsahi,PURI,Odisha,19.824764,85.859407,locality_curated
Saluni,PURI,Odisha,19.826263,85.850575,locality_curated
Champatipur,PURI,Odisha,19.825612,85.841626,locality_curated
Gadadharprasad,PURI,Odisha,19.794738,85.854967,locality_curated
Balikudia,PURI,Odisha,19.812837,85.811007,locality_curated
Gobindapur,PURI,Odisha,19.806655,85.812247,locality_curated
Haripur,PURI,Odisha,19.787595,85.82063,locality_curated
Barabati,PURI,Odisha,19.827202,85.841782,locality_curated
Bodapada,PURI,Odisha,19.8135,85.812527,locality_curated
Jadupur,PURI,Odisha,19.818351,85.85546,locality_curated
Pathuripada,PURI,Odisha,19.79423,85.817385,locality_curated
Kosaka,PURI,Odisha,19.809224,85.811513,locality_curated
Kridashpur,PURI,Odisha,19.832975,85.8268,locality_curated
Dimiripatana,PURI,Odisha,19.798366,85.805457,locality_curated
Kanchanbili,PURI,Odisha,19.806259,85.852346,locality_curated
Maa Brahmanidebi,PURI,Odisha,19.801591,85.802769,locality_curated
Balunkeswar Shiv,PURI,Odisha,19.809977,85.807555,locality_curated
Nrusinghnath,PURI,Odisha,19.811935,85.862948,locality_curated
lathipada,PURI,Odisha,19.816405,85.847086,locality_curated
kali,PURI,Odisha,19.79428,85.827964,locality_curated
CHEMBOOR KULATHINKARA,ATTINGAL,Kerala,8.684404,76.795232,locality_curated
VILAYIL THEKKATHIL DEVI,ATTINGAL,Kerala,8.683817,76.794243,locality_curated
AYILAM PULLAMVILAKAM DEVI,ATTINGAL,Kerala,8.70006,76.807956,locality_curated
Chinnakorukondi,KHAMMAM,Telangana,17.240934,80.176275,locality_curated
GURUDEV,ATTINGAL,Kerala,8.664866,76.807399,locality_curated
Shivalayam,KHAMMAM,Telangana,17.229802,80.159177,locality_curated
Chinthagudem,KHAMMAM,Telangana,17.222352,80.154607,locality_curated
Siddaram,KHAMMAM,Telangana,17.261355,80.156467,locality_curated
Pinapaka,KHAMMAM,Telangana,17.21968,80.152916,locality_curated
Kalghatagi Taluk Dhulikoppa,DHARWAD,Karnataka,15.433803,75.023446,locality_curated
Rangambanjar,KHAMMAM,Telangana,17.229151,80.138582,locality_curated
Malli,NAINITAL UDHAM SINGH NAG.,Uttarakhand,,,locality_curated
Bheemavaram,KHAMMAM,Telangana,17.229605,80.131531,locality_curated
PAZHAKUTTI GANAPATHI,ATTINGAL,Kerala,8.709106,76.799569,locality_curated
PAZHAVADI GANAPATHI,ATTINGAL,Kerala,8.707088,76.840019,locality_curated
PACHUVILAKAM DEVI,ATTINGAL,Kerala,8.685039,76.840831,locality_curated
ANAKUDI NEDUMPARAMBU,ATTINGAL,Kerala,8.670806,76.813941,locality_curated
DELVADA,MAHESANA,Gujarat,23.590775,72.369356,locality_curated
Parbatpura,MAHESANA,Gujarat,23.579242,72.400857,locality_curated
GALTHRA,MAHESANA,Gujarat,23.629574,72.376864,locality_curated
HIMMATPURA,MAHESANA,Gujarat,23.619296,72.396662,locality_curated
AMARAPURA,MAHESANA,Gujarat,23.616582,72.401052,locality_curated
MANDALI,MAHESANA,Gujarat,23.621629,72.37146,locality_curated
LIMBODRA,MAHESANA,Gujarat,23.618573,72.377336,locality_curated
TOWARDS,MAHESANA,Gujarat,23.579527,72.407696,locality_curated
Madhuban,KANDHAMAL,Odisha,20.077185,84.256924,locality_curated
Raningpar,RAJKOT,Gujarat,22.308864,70.827441,locality_curated
THALAYATTUMALA SREEDHARMA SASTHA,ATTINGAL,Kerala,8.705647,76.827275,locality_curated
SASTHAPARA SREEDHARMA SASTHA,ATTINGAL,Kerala,8.663457,76.804924,locality_curated
PULIYARAKONAM RAMESWARAM,ATTINGAL,Kerala,8.674419,76.809111,locality_curated
Bonakal,KHAMMAM,Telangana,17.224264,80.144484,locality_curated
Chintakani,KHAMMAM,Telangana,17.262368,80.155924,locality_curated
Chinthakani,KHAMMAM,Telangana,17.267462,80.161697,locality_curated
Rajapukhuri Sarbajanin Doul,NOWGONG,Assam,26.333549,92.677856,locality_curated
Badalpur,PURI,Odisha,19.807168,85.854673,locality_curated
Barada,PURI,Odisha,19.819986,85.846684,locality_curated
Dimiri,PURI,Odisha,19.805707,85.845547,locality_curated
Kanas,PURI,Odisha,19.786293,85.845305,locality_curated
Tipuri,PURI,Odisha,19.826712,85.801085,locality_curated
Gadasahi,PURI,Odisha,19.839249,85.817851,locality_curated
Benagaon,PURI,Odisha,19.8135,85.863088,locality_curated
Jabghar,PURI,Odisha,19.830477,85.804446,locality_curated
Andarsingh,PURI,Odisha,19.825032,85.85243,locality_curated
Nandigoda,PURI,Odisha,19.8413,85.832749,locality_curated
Jagnnathpur,PURI,Odisha,19.830977,85.841925,locality_curated
Tigiria,PURI,Odisha,19.824991,85.820583,locality_curated
Mulabasanta,PURI,Odisha,19.798192,85.812482,locality_curated
Nabada,PURI,Odisha,19.816158,85.851303,locality_curated
Khandahata,PURI,Odisha,19.824986,85.8131,locality_curated
Golara,PURI,Odisha,19.82776,85.844848,locality_curated
Harashapada,PURI,Odisha,19.782854,85.833478,locality_curated
Bindhan,PURI,Odisha,19.826563,85.842048,locality_curated
Alibada,PURI,Odisha,19.837296,85.816597,locality_curated
Karamala,PURI,Odisha,19.810514,85.857052,locality_curated
Jamalagoda,PURI,Odisha,19.783991,85.832844,locality_curated
Basantpur,PURI,Odisha,19.803362,85.805814,locality_curated
Gadisagoda,PURI,Odisha,19.807765,85.812439,locality_curated
Naikulapatna,PURI,Odisha,19.81133,85.816635,locality_curated
Kalighadi,PURI,Odisha,19.790538,85.83913,locality_curated
Chupuringi,PURI,Odisha,19.788017,85.814925,locality_curated
Gadakharad,PURI,Odisha,19.819293,85.799522,locality_curated
Badurabar,PURI,Odisha,19.802932,85.843246,locality_curated
Deipur,PURI,Odisha,19.830758,85.821853,locality_curated
Telengapada,PURI,Odisha,19.797629,85.824384,locality_curated
Alipada,PURI,Odisha,19.831166,85.836585,locality_curated
Dochhian,PURI,Odisha,19.842329,85.8312,locality_curated
Khuntiabanapur,PURI,Odisha,19.811784,85.857279,locality_curated
Bindipur,PURI,Odisha,19.801743,85.809555,locality_curated
Bhatapada,PURI,Odisha,19.797956,85.803703,locality_curated
Gopinathpur,PURI,Odisha,19.798203,85.835254,locality_curated
Kalapadar,PURI,Odisha,19.819743,85.814775,locality_curated
Bedhatandula,PURI,Odisha,19.804083,85.808718,locality_curated
Sahupada,PURI,Odisha,19.812335,85.80758,locality_curated
Srimukundapur,PURI,Odisha,19.823482,85.851154,locality_curated
Baku,PURI,Odisha,19.814525,85.800002,locality_curated
Birakesharipur,PURI,Odisha,19.803131,85.84344,locality_curated
Dibyasinghpur,PURI,Odisha,19.798685,85.836932,locality_curated
Trilocchanpur,PURI,Odisha,19.807269,85.815598,locality_curated
Ranipada,PURI,Odisha,19.81863,85.844695,locality_curated
Chhotijodi,PURI,Odisha,19.813116,85.854562,locality_curated
Mandarbasta,PURI,Odisha,19.83852,85.81522,locality_curated
Gadasanaput,PURI,Odisha,19.810904,85.817006,locality_curated
Haladiapada,PURI,Odisha,19.819463,85.818204,locality_curated
Gadamatiapada,PURI,Odisha,19.798338,85.82033,locality_curated
Gadabadaput,PURI,Odisha,19.794151,85.812682,locality_curated
Anlajodi,PURI,Odisha,19.796694,85.829951,locality_curated
Badasa,PURI,Odisha,19.804445,85.844447,locality_curated
Nanakera,PURI,Odisha,19.816377,85.806298,locality_curated
Pandiakera,PURI,Odisha,19.812469,85.86259,locality_curated
Tentulimula,PURI,Odisha,19.800863,85.844171,locality_curated
Dokanda,PURI,Odisha,19.809913,85.814685,locality_curated
Gadabalabhadrapur,PURI,Odisha,19.819096,85.849506,locality_curated
Aswasthapari,PURI,Odisha,19.799011,85.841588,locality_curated
Ramakrishnapuram,KHAMMAM,Telangana,17.22057,80.162708,locality_curated
Nagavarappadu,KHAMMAM,Telangana,17.249819,80.136443,locality_curated
Illuru,KHAMMAM,Telangana,17.270399,80.134465,locality_curated
Laxmipuram,KHAMMAM,Telangana,17.255823,80.12815,locality_curated
Remidicherla,KHAMMAM,Telangana,17.23323,80.167199,locality_curated
Faizpur,MAINPURI,Uttar Pradesh,27.223658,79.006332,locality_curated
Veershettypally,CHELVELLA,Telangana,,,locality_curated
Kalariya,INDORE,Madhya Pradesh,22.731249,75.846329,locality_curated
Somayampalayam,COIMBATORE,Tamil Nadu,11.013051,76.972344,locality_curated
Sulur Town,COIMBATORE,Tamil Nadu,11.038395,76.977801,locality_curated
Ahammadpur,PURI,Odisha,19.796089,85.832819,locality_curated
Biraramachandrapur,PURI,Odisha,19.829622,85.806726,locality_curated
Bhimapur,PURI,Odisha,19.807027,85.803604,locality_curated
Dasabidyadharpur,PURI,Odisha,19.837337,85.847032,locality_curated
Kumbharapada,PURI,Odisha,19.790268,85.853434,locality_curated
Sinhakuda,PURI,Odisha,19.840433,85.822991,locality_curated
Parahat,PURI,Odisha,19.80954,85.857777,locality_curated
Mulaalasa,PURI,Odisha,19.824288,85.810513,locality_curated
Phulaalasa,PURI,Odisha,19.828053,85.819114,locality_curated
Banapur,PURI,Odisha,19.794186,85.833721,locality_curated
Narendrapur,PURI,Odisha,19.805619,85.862464,locality_curated
Someswarpur,PURI,Odisha,19.812758,85.853785,locality_curated
Bastapada,PURI,Odisha,19.831192,85.81304,locality_curated
Jayrampur,PURI,Odisha,19.79966,85.848732,locality_curated
Bihuda,PURI,Odisha,19.793475,85.810645,locality_curated
Banbarada,PURI,Odisha,19.838636,85.816994,locality_curated
Sukal,PURI,Odisha,19.835092,85.838657,locality_curated
Jipur,PURI,Odisha,19.784652,85.842971,locality_curated
Alagum,PURI,Odisha,19.789799,85.837016,locality_curated
Alish,PURI,Odisha,19.79582,85.829556,locality_curated
Panibhandar,PURI,Odisha,19.819887,85.86314,locality_curated
Brahmanpada,PURI,Odisha,19.835864,85.82483,locality_curated
Badahat,PURI,Odisha,19.804525,85.806347,locality_curated
Mathasahi,PURI,Odisha,19.805193,85.81707,locality_curated
Chaudabatia,PURI,Odisha,19.836113,85.8312,locality_curated
Bhatapur,PURI,Odisha,19.838197,85.844003,locality_curated
Baral,PURI,Odisha,19.807738,85.814373,locality_curated
Kanjia,PURI,Odisha,19.839481,85.847144,locality_curated
Penthapada,PURI,Odisha,19.824361,85.854869,locality_curated
Sriramachandrapur,PURI,Odisha,19.797164,85.815566,locality_curated
Balarampurgada,PURI,Odisha,19.827782,85.858587,locality_curated
Madhipur,PURI,Odisha,19.801693,85.822082,locality_curated
Budhakera,PURI,Odisha,19.800085,85.808381,locality_curated
Balapur,PURI,Odisha,19.82695,85.804313,locality_curated
Bidyadharpur,PURI,Odisha,19.808137,85.860528,locality_curated
Suando,PURI,Odisha,19.795051,85.817469,locality_curated
Parajapada,PURI,Odisha,19.808238,85.813987,locality_curated
Parakana,PURI,Odisha,19.80239,85.848065,locality_curated
Rayakhandi,PURI,Odisha,19.820521,85.817165,locality_curated
Suanlo,PURI,Odisha,19.793728,85.82973,locality_curated
Alanadapada,PURI,Odisha,19.810766,85.812851,locality_curated
Ketakipatna,PURI,Odisha,19.792392,85.838059,locality_curated
Bagalpur,PURI,Odisha,19.788264,85.848619,locality_curated
Mahura,PURI,Odisha,19.806274,85.857986,locality_curated
Sarangajodi,PURI,Odisha,19.806738,85.804376,locality_curated
Raichakradharpur,PURI,Odisha,19.794734,85.855833,locality_curated
Sethur Town,TENKASI(SC),Tamil Nadu,9.458335,77.634296,locality_curated
Madhapur,COIMBATORE,Tamil Nadu,11.023352,76.930888,locality_curated
Daspur me,BHADOHI,Uttar Pradesh,25.388621,82.546089,locality_curated
Ramaipur me,BHADOHI,Uttar Pradesh,25.3878,82.602016,locality_curated
Garulpur,BHADOHI,Uttar Pradesh,25.410103,82.590036,locality_curated
Anna,PERAMBALUR,Tamil Nadu,11.237896,78.888593,locality_curated
Arikayalapadu,KHAMMAM,Telangana,17.269244,80.140194,locality_curated
Narsapur,KHAMMAM,Telangana,17.230042,80.149181,locality_curated
Munagala,KHAMMAM,Telangana,17.238685,80.164773,locality_curated
Karepally,KHAMMAM,Telangana,17.222634,80.145437,locality_curated
Gram Panchayat,JALANDHAR(SC),Punjab,31.320989,75.558146,locality_curated
Village Pond,JALANDHAR(SC),Punjab,31.328379,75.608034,locality_curated
Anganwari center,JALANDHAR(SC),Punjab,31.328945,75.597971,locality_curated
Village Chitti,JALANDHAR(SC),Punjab,31.3342,75.551191,locality_curated
tiles,JALANDHAR(SC),Punjab,31.317494,75.605118,locality_curated
Land,JALANDHAR(SC),Punjab,31.320349,75.596561,locality_curated
Kamalapuram,KHAMMAM,Telangana,17.221338,80.144622,locality_curated
Arikera,KURNOOL,Andhra Pradesh,15.804383,78.023635,locality_curated
BHANDAR,RAIPUR,Chhattisgarh,21.274067,81.645394,locality_curated
KODAPAR,RAIPUR,Chhattisgarh,21.248102,81.654775,locality_curated
FARFAUD,RAIPUR,Chhattisgarh,21.262211,81.609509,locality_curated
Pratap Purusottampur,PURI,Odisha,19.82714,85.815653,locality_curated
Harchandi,PURI,Odisha,19.824509,85.800715,locality_curated
Mahima Alekha,PURI,Odisha,19.814297,85.815039,locality_curated
AKABA,MAHESANA,Gujarat,23.605201,72.409357,locality_curated
KARANSAGAR,MAHESANA,Gujarat,23.608638,72.403371,locality_curated
SUJANPUR,MAHESANA,Gujarat,23.622075,72.389945,locality_curated
MODHERA,MAHESANA,Gujarat,23.575545,72.401891,locality_curated
VARAHI SHISHU,MAHESANA,Gujarat,23.577309,72.406737,locality_curated
NUGAR,MAHESANA,Gujarat,23.632002,72.386218,locality_curated
Siva,SUNDARGARH (ST),Odisha,22.13488,84.031452,locality_curated
Turuvekere,TUMKUR,Karnataka,13.356174,77.104624,locality_curated
KOLLAMPUZHA MARAZHCHAYIL,ATTINGAL,Kerala,8.684865,76.791346,locality_curated
VEERAKERALAPURAM,ATTINGAL,Kerala,8.682559,76.800075,locality_curated
KARATHALA PRIYADARSINI,ATTINGAL,Kerala,8.685273,76.787792,locality_curated
PAYYANADU,ATTINGAL,Kerala,8.693731,76.785762,locality_curated
Vivekanand,NAGPUR,Maharashtra,21.15,79.120244,locality_curated
YELLAMMAGADDA THANDA,WARANGEL(SC),Telangana,,,locality_curated
RAMRAJPALLY,WARANGEL(SC),Telangana,,,locality_curated
KADAVENDI,WARANGEL(SC),Telangana,,,locality_curated
KODAKANDLA,WARANGEL(SC),Telangana,,,locality_curated
BODONIKUNTA THANDA,WARANGEL(SC),Telangana,,,locality_curated
THIRUMALLAYAPALLY,WARANGEL(SC),Telangana,,,locality_curated
POCHARAM,WARANGEL(SC),Telangana,,,locality_curated
KURUMPAYAM AYIRAVALLI,ATTINGAL,Kerala,8.687595,76.829746,locality_curated
MULAVANAKUNNU ABEDKAR,ATTINGAL,Kerala,8.717076,76.802374,locality_curated
VELLANIKKAL SREE VANADURGA,ATTINGAL,Kerala,8.690787,76.846838,locality_curated
Karavalur Grama,KOLLAM,Kerala,8.907245,76.610818,locality_curated
Komaralingam Town,POLLACHI,Tamil Nadu,10.643239,77.010053,locality_curated
Dhali Town,POLLACHI,Tamil Nadu,10.660426,77.021498,locality_curated
Sankaramanallur Town,POLLACHI,Tamil Nadu,10.648287,77.031212,locality_curated
Madathukulam Town,POLLACHI,Tamil Nadu,10.662844,77.025546,locality_curated
Naruvalur,NAMAKKAL,Tamil Nadu,11.243138,78.180858,locality_curated
LAKHAVD,MAHESANA,Gujarat,23.616818,72.375982,locality_curated
LIMTARA,RAIPUR,Chhattisgarh,21.232841,81.652507,locality_curated
NILJA,RAIPUR,Chhattisgarh,21.270201,81.607967,locality_curated
Ghar,JALANDHAR(SC),Punjab,31.339526,75.564268,locality_curated
Patna,JAGATSINGHPUR(SC),Odisha,20.222312,86.159014,locality_curated
Bhanti,JAGATSINGHPUR(SC),Odisha,20.259374,86.18907,locality_curated
maiden,SRINAGAR,Jammu And Kashmir,34.094293,74.815566,locality_curated
botshah,SRINAGAR,Jammu And Kashmir,34.109011,74.811551,locality_curated
Akhoon,SRINAGAR,Jammu And Kashmir,34.068285,74.802637,locality_curated
Kaja,PONNANI,Kerala,10.788982,75.942757,locality_curated
Pallangatuchira,PONNANI,Kerala,10.762074,75.945668,locality_curated
Kizhakkey Pattisheri,PONNANI,Kerala,10.773007,75.943264,locality_curated
Chemmankunnu,PONNANI,Kerala,10.788663,75.925922,locality_curated
Revanaki,KOPPAL,Karnataka,15.34893,76.132822,locality_curated
village salempur,JHANJHARPUR,Bihar,26.25155,86.293494,locality_curated
JHAKHRIPURA,PANCHMAHAL,Gujarat,22.675748,73.606302,locality_curated
pura,MORENA,Madhya Pradesh,26.471654,77.966111,locality_curated
kalmee,MORENA,Madhya Pradesh,26.51322,77.960036,locality_curated
mai,MORENA,Madhya Pradesh,26.506783,77.951239,locality_curated
sudhara,MORENA,Madhya Pradesh,26.502708,77.991532,locality_curated
ruar,MORENA,Madhya Pradesh,26.483787,77.978066,locality_curated
Mata,CHHINDWARA,Madhya Pradesh,22.050913,78.91666,locality_curated
Balbhadrapur,MUZAFFARPUR,Bihar,26.115137,85.344947,locality_curated
khairmai,JABALPUR,Madhya Pradesh,23.178922,79.97197,locality_curated
Government higher secondary,JABALPUR,Madhya Pradesh,23.165357,79.959359,locality_curated
PATHRAUHI,SIDHI,Madhya Pradesh,24.440197,81.887912,locality_curated
DEOGARH,SIDHI,Madhya Pradesh,24.424493,81.893303,locality_curated
Mission,SHILLONG,Meghalaya,25.581757,91.87471,locality_curated
jajuar,MUZAFFARPUR,Bihar,26.107736,85.372171,locality_curated
IPPAGUDEM,WARANGEL(SC),Telangana,,,locality_curated
SAIPET,WARANGEL(SC),Telangana,,,locality_curated
Mispa Mission,JABALPUR,Madhya Pradesh,23.163868,79.962714,locality_curated
Government,JABALPUR,Madhya Pradesh,23.192528,79.967201,locality_curated
Bholenath baba,JABALPUR,Madhya Pradesh,23.163752,79.992303,locality_curated
Shani,JABALPUR,Madhya Pradesh,23.15195,79.9864,locality_curated
Nagar,JABALPUR,Madhya Pradesh,23.20631,80.001982,locality_curated
Shiv,JABALPUR,Madhya Pradesh,23.197903,79.970334,locality_curated
Drain,SHIMLA (SC),Himachal Pradesh,31.1048,77.148779,locality_curated
Hanuman,MAHABUBNAGAR,Telangana,16.694102,77.983623,locality_curated
Primary,MAHABUBNAGAR,Telangana,16.710648,77.946782,locality_curated
Veerabhadreshwara Swamy,MAHABUBNAGAR,Telangana,16.705785,77.976472,locality_curated
Gram,MAHABUBNAGAR,Telangana,16.712966,77.940103,locality_curated
Jetti Hanuman,MAHABUBNAGAR,Telangana,16.714793,77.970547,locality_curated
Nellingathara,PONNANI,Kerala,10.752996,75.927261,locality_curated
NIBORA,DAMOH,Madhya Pradesh,23.820619,79.456746,locality_curated
HARDUVA,DAMOH,Madhya Pradesh,23.859688,79.452897,locality_curated
ThekkekaraSC,PONNANI,Kerala,10.784681,75.900169,locality_curated
REWNJHA,DAMOH,Madhya Pradesh,23.807334,79.439797,locality_curated
TINDNI,DAMOH,Madhya Pradesh,23.854852,79.4427,locality_curated
NONPANI,DAMOH,Madhya Pradesh,23.819883,79.434673,locality_curated
SINGHPUR,DAMOH,Madhya Pradesh,23.821245,79.453491,locality_curated
IMLIDOL,DAMOH,Madhya Pradesh,23.82216,79.461695,locality_curated
SAILWADA,DAMOH,Madhya Pradesh,23.83535,79.414099,locality_curated
NARSHINGHARH,DAMOH,Madhya Pradesh,23.843051,79.430869,locality_curated
SAMNAPUR,DAMOH,Madhya Pradesh,23.856213,79.43674,locality_curated
DUMAR,DAMOH,Madhya Pradesh,23.858596,79.436659,locality_curated
Bhanwadia,AMRELI,Gujarat,21.601944,71.193361,locality_curated
Chhapriyali,AMRELI,Gujarat,21.587248,71.196877,locality_curated
Isapar,AMRELI,Gujarat,21.586056,71.220896,locality_curated
Shantinagar,AMRELI,Gujarat,21.586273,71.198185,locality_curated
Karjala,AMRELI,Gujarat,21.62164,71.22974,locality_curated
Beda,AMRELI,Gujarat,21.607455,71.20315,locality_curated
Haripura,AMRELI,Gujarat,21.584835,71.22693,locality_curated
Devliya,AMRELI,Gujarat,21.60514,71.24242,locality_curated
BAVJI BHARAI,RAJSAMAND,Rajasthan,25.075083,73.859056,locality_curated
TARINI,CUTTACK,Odisha,20.444621,85.855546,locality_curated
Dadunda,JHUNJHUNU,Rajasthan,28.111176,75.396459,locality_curated
Taware,PUNE,Maharashtra,18.52448,73.87276,locality_curated
Srayil Kadavu priyadarshini,PONNANI,Kerala,10.780806,75.896416,locality_curated
Sloping Centre Siva,Sonitpur,Assam,26.633497,92.812148,locality_curated
Raghavendra,BELLARY(ST),Karnataka,15.129702,76.90468,locality_curated
Purini Grama,NELLORE(SC),Andhra Pradesh,14.44668,80.002226,locality_curated
Buchireddipalem Nagara,NELLORE(SC),Andhra Pradesh,14.412804,79.989192,locality_curated
Nagayagunta,NELLORE(SC),Andhra Pradesh,14.427296,79.994208,locality_curated
Allur Nagar,NELLORE(SC),Andhra Pradesh,14.451349,80.010037,locality_curated
Dharwad Taluk Amminabhavi,DHARWAD,Karnataka,15.453354,74.99199,locality_curated
Thanur ottumpuram Chakkiyodi,PONNANI,Kerala,10.7707,75.942373,locality_curated
poorappuzha  ambedkar,PONNANI,Kerala,10.794091,75.924463,locality_curated
Kattilangadi,PONNANI,Kerala,10.782629,75.951129,locality_curated
Naluparambu,PONNANI,Kerala,10.754052,75.933979,locality_curated
Alwal,MEDAK,Telangana,18.058507,78.237406,locality_curated
Veloor,MEDAK,Telangana,18.031429,78.283582,locality_curated
Saraswati,MEDAK,Telangana,18.049126,78.242747,locality_curated
Kuchanpally,MEDAK,Telangana,18.065324,78.254172,locality_curated
raikwar khirak,JHANSI,Uttar Pradesh,25.468894,78.579083,locality_curated
maa bhadrakali,JHANSI,Uttar Pradesh,25.437104,78.559073,locality_curated
Ankadia,AMRELI,Gujarat,21.615768,71.241849,locality_curated
Karkolia,AMRELI,Gujarat,21.586316,71.24563,locality_curated
Krankach,AMRELI,Gujarat,21.624877,71.214661,locality_curated
makrera,GHAZIABAD,Uttar Pradesh,28.6574,77.463934,locality_curated
pursi,GHAZIABAD,Uttar Pradesh,28.679979,77.464862,locality_curated
Mallavaram,ARAKU(ST),Andhra Pradesh,18.316204,82.870893,locality_curated
house towards,JHANSI,Uttar Pradesh,25.462522,78.559471,locality_curated
katar,LALGANJ (SC),Uttar Pradesh,25.89454,82.604421,locality_curated
Rayapole,MEDAK,Telangana,18.058767,78.288353,locality_curated
Kistapuram,BHONGIR,Telangana,17.517191,78.865045,locality_curated
Ingorala,AMRELI,Gujarat,21.599224,71.245225,locality_curated
Karivali,BHIWANDI,Maharashtra,19.311634,73.062271,locality_curated
Honnayyanaroppa,CHITRADURGA(SC),Karnataka,14.251857,76.382512,locality_curated
senganthankudi,SIVAGANGA,Tamil Nadu,9.835092,78.471788,locality_curated
Thennervayal,SIVAGANGA,Tamil Nadu,9.815949,78.487577,locality_curated
Mahant maniari,MUZAFFARPUR,Bihar,26.151546,85.367087,locality_curated
Chitranayakanahalli,CHITRADURGA(SC),Karnataka,14.206279,76.391553,locality_curated
village manpura,AJMER,Rajasthan,26.427309,74.627593,locality_curated
Hontapara,KOKRAJHAR (ST),Assam,26.391773,90.293535,locality_curated
School,JHUNJHUNU,Rajasthan,28.146774,75.401275,locality_curated
Sikta,BASTI,Uttar Pradesh,26.777581,82.72674,locality_curated
Farer,PORBANDAR,Gujarat,21.638509,69.631644,locality_curated
Teri,PORBANDAR,Gujarat,21.659492,69.583986,locality_curated
Sindhpur,PORBANDAR,Gujarat,21.619006,69.588444,locality_curated
Roghada,PORBANDAR,Gujarat,21.640545,69.577383,locality_curated
Kadegi,PORBANDAR,Gujarat,21.65292,69.588119,locality_curated
Mandva,PORBANDAR,Gujarat,21.642106,69.624208,locality_curated
Antapura,BELLARY(ST),Karnataka,15.125102,76.915714,locality_curated
Nidugurthi,BELLARY(ST),Karnataka,15.109947,76.926233,locality_curated
Talur,BELLARY(ST),Karnataka,15.13426,76.902829,locality_curated
Patur Jirayat  Shikshak,AKOLA,Maharashtra,20.723657,76.989069,locality_curated
Kaddiyo wala,BHIWANI MAHENDRAGARH,Haryana,28.415195,76.112544,locality_curated
Paramadevanahalli,BELLARY(ST),Karnataka,15.143311,76.903849,locality_curated
Moka,BELLARY(ST),Karnataka,15.155605,76.928183,locality_curated
land,AKOLA,Maharashtra,20.69942,77.030057,locality_curated
gram bhilkheda,UJJAIN(SC),Madhya Pradesh,23.189047,75.774298,locality_curated
Kakkbevinahalli,BELLARY(ST),Karnataka,15.114677,76.93445,locality_curated
Hamadpara,PORBANDAR,Gujarat,21.628343,69.58626,locality_curated
Segras,PORBANDAR,Gujarat,21.64522,69.58894,locality_curated
Maremma,BELLARY(ST),Karnataka,15.113243,76.931802,locality_curated
Ramgarh,PORBANDAR,Gujarat,21.659265,69.607116,locality_curated
Khambhala,PORBANDAR,Gujarat,21.661023,69.607614,locality_curated
Aditpara,PORBANDAR,Gujarat,21.636682,69.581424,locality_curated
Jambu,PORBANDAR,Gujarat,21.622726,69.60523,locality_curated
Kerala,PORBANDAR,Gujarat,21.626222,69.601155,locality_curated
Working Agency,JHUNJHUNU,Rajasthan,28.143383,75.426718,locality_curated
Khudana,JHUNJHUNU,Rajasthan,28.117488,75.387518,locality_curated
O Rajnagar,BIRBHUM,West Bengal,23.88982,87.545902,locality_curated
Janakal,CHITRADURGA(SC),Karnataka,14.223665,76.376647,locality_curated
Honnenahalli,CHITRADURGA(SC),Karnataka,14.211138,76.417723,locality_curated
Garaga,CHITRADURGA(SC),Karnataka,14.210247,76.400098,locality_curated
Devigere,CHITRADURGA(SC),Karnataka,14.211743,76.384616,locality_curated
Kannagondi,CHITRADURGA(SC),Karnataka,14.226734,76.373923,locality_curated
Sollapura,CHITRADURGA(SC),Karnataka,14.208714,76.418093,locality_curated
Bidarakere,CHITRADURGA(SC),Karnataka,14.247431,76.386054,locality_curated
Sarhari,VARANASI,Uttar Pradesh,25.308166,82.955072,locality_curated
Channanakunte,CHITRADURGA(SC),Karnataka,14.210555,76.411253,locality_curated
Maddakkanahalli,CHITRADURGA(SC),Karnataka,14.245438,76.407434,locality_curated
Hunasehalli,CHITRADURGA(SC),Karnataka,14.235565,76.429658,locality_curated
Narayanapura Palya,CHITRADURGA(SC),Karnataka,14.252258,76.390853,locality_curated
Marulappanahalli,CHITRADURGA(SC),Karnataka,14.256721,76.394068,locality_curated
Muganahalli,CHITRADURGA(SC),Karnataka,14.241499,76.387329,locality_curated
Changavara,CHITRADURGA(SC),Karnataka,14.209243,76.397633,locality_curated
Bhuthakatanahalli,CHITRADURGA(SC),Karnataka,14.243865,76.388073,locality_curated
Lakkavvanahalli Gollarahatti,CHITRADURGA(SC),Karnataka,14.210318,76.415911,locality_curated
Bhadav,VARANASI,Uttar Pradesh,25.302141,82.95955,locality_curated
Interlocking,VARANASI,Uttar Pradesh,25.29051,82.984808,locality_curated
mangrodih,GIRIDIH,Jharkhand,24.17066,86.332396,locality_curated
Village Rampura,AJMER,Rajasthan,26.460319,74.612483,locality_curated
Akunur,KARIMNAGAR,Telangana,18.435093,79.109783,locality_curated
Anthakkapeta,KARIMNAGAR,Telangana,18.437065,79.144195,locality_curated
Akkannapeta,KARIMNAGAR,Telangana,18.415619,79.108473,locality_curated
Drainage,SHIMLA (SC),Himachal Pradesh,31.108563,77.201147,locality_curated
Jhande wala,FARIDABAD,Haryana,28.420611,77.309153,locality_curated
Karai,AHMEDABAD EAST,Gujarat,23.012501,72.606564,locality_curated
Ahiran,JHUNJHUNU,Rajasthan,28.13037,75.433548,locality_curated
SHERPUR,DHAURAHRA,Uttar Pradesh,27.732715,80.990619,locality_curated
Pandilla,KARIMNAGAR,Telangana,18.44892,79.117922,locality_curated
Peta,KARIMNAGAR,Telangana,18.467684,79.124491,locality_curated
Dhelana,JUNAGADH,Gujarat,21.532442,70.43429,locality_curated
Sadasiva Heavens,BHONGIR,Telangana,17.494285,78.880906,locality_curated
Kanek,JUNAGADH,Gujarat,21.491974,70.450994,locality_curated
Matarvaniya,JUNAGADH,Gujarat,21.548137,70.455461,locality_curated
Visanvel,JUNAGADH,Gujarat,21.539101,70.466372,locality_curated
Jangar,JUNAGADH,Gujarat,21.519128,70.442365,locality_curated
Januda,JUNAGADH,Gujarat,21.50671,70.462362,locality_curated
Pisanathur,TIRUCHIRAPPALLI,Tamil Nadu,10.791528,78.674729,locality_curated
Vadavalam,TIRUCHIRAPPALLI,Tamil Nadu,10.814443,78.71766,locality_curated
Gundlapally,KARIMNAGAR,Telangana,18.427377,79.144499,locality_curated
thanda,KARIMNAGAR,Telangana,18.420993,79.139952,locality_curated
mankadi,SABARKANTHA,Gujarat,23.598949,73.021894,locality_curated
Sheetla Mata,SHIMLA (SC),Himachal Pradesh,31.095418,77.146279,locality_curated
Brihattar Rukmini,GUWAHATI,Assam,26.122475,91.724234,locality_curated
Sarapara,GUWAHATI,Assam,26.160925,91.751553,locality_curated
Thakura,BUXAR,Bihar,25.563731,83.949967,locality_curated
dangwar,PALAMU(SC),Jharkhand,24.039361,84.05662,locality_curated
Chisti,FIROZPUR,Punjab,30.941473,74.601146,locality_curated
Muzaffar,BEGUSARAI,Bihar,25.500314,86.094947,locality_curated
Sanha,BEGUSARAI,Bihar,25.510085,86.103773,locality_curated
Kumbhi High,BEGUSARAI,Bihar,25.538532,86.069636,locality_curated
Akopur,BEGUSARAI,Bihar,25.518673,86.06298,locality_curated
Sihma,BEGUSARAI,Bihar,25.526265,86.070216,locality_curated
Balhapur Kali,BEGUSARAI,Bihar,25.519879,86.073671,locality_curated
Sikandarpur in Jinedpur,BEGUSARAI,Bihar,25.527434,86.091847,locality_curated
Sahuri,BEGUSARAI,Bihar,25.498267,86.11938,locality_curated
Basudevpur,BEGUSARAI,Bihar,25.51292,86.112393,locality_curated
Chiranjipur,BEGUSARAI,Bihar,25.494916,86.080449,locality_curated
nirman kary,BHILWARA,Rajasthan,25.353922,74.66014,locality_curated
Chhatwa,BALLIA,Uttar Pradesh,25.73994,84.170378,locality_curated
Gondegaon,DINDORI(ST),Maharashtra,20.19059,73.742,locality_curated
Indira,DINDORI(ST),Maharashtra,20.217787,73.760051,locality_curated
Shirale in Gram,DINDORI(ST),Maharashtra,20.220872,73.724589,locality_curated
Toranmal in Gram,DINDORI(ST),Maharashtra,20.222352,73.740931,locality_curated
Office,DINDORI(ST),Maharashtra,20.192628,73.735669,locality_curated
TALUKA,MAHESANA,Gujarat,23.620178,72.392243,locality_curated
tubewell,BAGHPAT,Uttar Pradesh,28.934482,77.192674,locality_curated
shop,BAGHPAT,Uttar Pradesh,28.929894,77.192102,locality_curated
Bhod,PORBANDAR,Gujarat,21.627477,69.604944,locality_curated
mata,BAGHPAT,Uttar Pradesh,28.944,77.193969,locality_curated
Land,AKOLA,Maharashtra,20.697687,77.032898,locality_curated
Annabhau Sathe,NASHIK,Maharashtra,20.002648,73.766073,locality_curated
Somnath,NASHIK,Maharashtra,20.015092,73.807257,locality_curated
Mahalaxmi,NASHIK,Maharashtra,19.972612,73.805091,locality_curated
Ujaleshwar on Gram,AKOLA,Maharashtra,20.714882,77.038807,locality_curated
Hanuman,AKOLA,Maharashtra,20.691766,76.997958,locality_curated
Sonari,NASHIK,Maharashtra,20.010307,73.797046,locality_curated
Keru Patil,NASHIK,Maharashtra,19.992255,73.763543,locality_curated
Umbri,PATAN,Gujarat,23.833787,72.120434,locality_curated
Chekhla,PATAN,Gujarat,23.866161,72.153553,locality_curated
Kathirur Grama,VADAKARA,Kerala,11.599484,75.608857,locality_curated
Kavilumpara Grama,VADAKARA,Kerala,11.615236,75.579313,locality_curated
Nadapuram Grama,VADAKARA,Kerala,11.594107,75.570352,locality_curated
Nochad Grama,VADAKARA,Kerala,11.59931,75.611555,locality_curated
Perambra Grama,VADAKARA,Kerala,11.581946,75.578139,locality_curated
Thikkodi Grama,VADAKARA,Kerala,11.598033,75.568632,locality_curated
Thurayur Grama,VADAKARA,Kerala,11.58276,75.603393,locality_curated
Madhupur,ANDAMAN AND NICOBAR ISLANDS,Andaman And Nicobar Islands,11.665491,92.770956,locality_curated
School,HOSHIARPUR(SC),Punjab,31.495194,75.930782,locality_curated
Ayyappa Swamy,RAJAMPET,Andhra Pradesh,14.163413,79.149883,locality_curated
Pochamma,PEDDAPALLE,Telangana,18.634657,79.385588,locality_curated
Rallacheruvuvaddipalli,RAJAMPET,Andhra Pradesh,14.176558,79.144169,locality_curated
Mallanna,PEDDAPALLE,Telangana,18.623002,79.397743,locality_curated
HADAGALI,BAGALKOT,Karnataka,16.154538,75.713217,locality_curated
GHATTIGANUR,BAGALKOT,Karnataka,16.156036,75.701761,locality_curated
KARADI,BAGALKOT,Karnataka,16.199358,75.695296,locality_curated
BENAKANADONI,BAGALKOT,Karnataka,16.196764,75.682846,locality_curated
KRISHNAPUR,BAGALKOT,Karnataka,16.201038,75.720329,locality_curated
MANNIKERI,BAGALKOT,Karnataka,16.161701,75.708852,locality_curated
PATTADAKAL,BAGALKOT,Karnataka,16.15675,75.682023,locality_curated
GULABAL,BAGALKOT,Karnataka,16.179349,75.715406,locality_curated
RAMPUR,BAGALKOT,Karnataka,16.197207,75.702169,locality_curated
Siddhi Vinayaka,MALKAJGIRI,Telangana,17.448214,78.531633,locality_curated
Nallapochamma,MALKAJGIRI,Telangana,17.454875,78.560673,locality_curated
Vannappuram,IDUKKI,Kerala,9.871458,77.110419,locality_curated
Peermedu,IDUKKI,Kerala,9.850002,77.079215,locality_curated
Dharampur,JUNAGADH,Gujarat,21.50844,70.443109,locality_curated
Hatina,JUNAGADH,Gujarat,21.542577,70.461369,locality_curated
Amrapur,JUNAGADH,Gujarat,21.52377,70.477195,locality_curated
Dhanej,JUNAGADH,Gujarat,21.511542,70.436352,locality_curated
Satauli,PATNA SAHIB,Bihar,25.590064,85.116572,locality_curated
Maidudunpur,PATNA SAHIB,Bihar,25.608713,85.153247,locality_curated
Muslim,NELLORE(SC),Andhra Pradesh,14.430351,79.995032,locality_curated
Ammavaripalem Grama,NELLORE(SC),Andhra Pradesh,14.415766,79.984076,locality_curated
Lingasamudaram Grama,NELLORE(SC),Andhra Pradesh,14.462759,79.984312,locality_curated
Lingasamudram Grama,NELLORE(SC),Andhra Pradesh,14.461905,79.96791,locality_curated
gondenoor,RAICHUR(ST),Karnataka,16.212912,77.383791,locality_curated
bhachimatti,RAICHUR(ST),Karnataka,16.22522,77.343305,locality_curated
devpur,RAICHUR(ST),Karnataka,16.189409,77.371878,locality_curated
gogipet,RAICHUR(ST),Karnataka,16.189786,77.353349,locality_curated
gogi k,RAICHUR(ST),Karnataka,16.216459,77.330267,locality_curated
kallur,RAICHUR(ST),Karnataka,16.20543,77.336729,locality_curated
Simariya,MANDLA(ST),Madhya Pradesh,22.583567,80.398163,locality_curated
Gram Ralawas,DAUSA(ST),Rajasthan,26.893456,76.349555,locality_curated
Eye,KARIMNAGAR,Telangana,18.468077,79.125534,locality_curated
Kurella,KARIMNAGAR,Telangana,18.451139,79.143479,locality_curated
Ahanger,BARAMULLAH,Jammu And Kashmir,,,locality_curated
Hanmajipeta,KARIMNAGAR,Telangana,18.417657,79.111552,locality_curated
kudhar,ETAH,Uttar Pradesh,27.584221,78.675304,locality_curated
tumariya,ETAH,Uttar Pradesh,27.545501,78.689679,locality_curated
Kasiadanga,BALURGHAT,West Bengal,25.235404,88.743336,locality_curated
yusufpur,ETAH,Uttar Pradesh,27.57738,78.66171,locality_curated
usmanpur,ETAH,Uttar Pradesh,27.564011,78.630918,locality_curated
basawan,ETAH,Uttar Pradesh,27.547208,78.695016,locality_curated
waranagar,ETAH,Uttar Pradesh,27.575484,78.689722,locality_curated
yadav jila,ETAH,Uttar Pradesh,27.571864,78.659066,locality_curated
Naranammoozhy Grama,PATHANAMTHITTA,Kerala,9.246597,76.801331,locality_curated
NAMBIYUR TOWN,TIRUPPUR,Tamil Nadu,11.132285,77.344076,locality_curated
CHELLIPALAYAM TOWN,TIRUPPUR,Tamil Nadu,11.132277,77.336827,locality_curated
Ezhumattoor Grama,PATHANAMTHITTA,Kerala,9.282332,76.764938,locality_curated
Chittar Grama,PATHANAMTHITTA,Kerala,9.242067,76.79721,locality_curated
Chenneerkara Grama,PATHANAMTHITTA,Kerala,9.241379,76.766459,locality_curated
Airoor Grama,PATHANAMTHITTA,Kerala,9.284724,76.770571,locality_curated
Puramattam Grama,PATHANAMTHITTA,Kerala,9.279018,76.776068,locality_curated
KUHALUR TOWN,TIRUPPUR,Tamil Nadu,11.092527,77.328382,locality_curated
Santhi,KRISHNAGIRI,Tamil Nadu,12.502347,78.225796,locality_curated
SBM,KRISHNAGIRI,Tamil Nadu,12.526025,78.194876,locality_curated
Mullai,KRISHNAGIRI,Tamil Nadu,12.528291,78.229587,locality_curated
Yarab,KRISHNAGIRI,Tamil Nadu,12.54328,78.210596,locality_curated
Hanuman,BALLIA,Uttar Pradesh,25.766109,84.119943,locality_curated
Thakur Ji,BALLIA,Uttar Pradesh,25.739808,84.131978,locality_curated
Kaushalya Shishu,BALLIA,Uttar Pradesh,25.763051,84.126066,locality_curated
Mouni Baba Hanuman,BALLIA,Uttar Pradesh,25.773224,84.153334,locality_curated
Bhitauna,ETAH,Uttar Pradesh,27.564149,78.677606,locality_curated
taiyab,ETAH,Uttar Pradesh,27.534035,78.685534,locality_curated
roshan,ETAH,Uttar Pradesh,27.583881,78.658295,locality_curated
Kharpara,ETAH,Uttar Pradesh,27.537554,78.666756,locality_curated
partap,ETAH,Uttar Pradesh,27.580951,78.684837,locality_curated
Pudur,TIRUVANNAMALAI,Tamil Nadu,12.197275,79.084574,locality_curated
Pulikuthivattam HO Matrapalli,TIRUVANNAMALAI,Tamil Nadu,12.25105,79.07562,locality_curated
Madavalam in Madapalli,TIRUVANNAMALAI,Tamil Nadu,12.206777,79.087484,locality_curated
Mottur,TIRUVANNAMALAI,Tamil Nadu,12.238744,79.053517,locality_curated
Kathari In Kathari,TIRUVANNAMALAI,Tamil Nadu,12.210077,79.067103,locality_curated
barauli,ETAH,Uttar Pradesh,27.57115,78.682528,locality_curated
bhagipur,ETAH,Uttar Pradesh,27.558828,78.646988,locality_curated
bawli,ETAH,Uttar Pradesh,27.575047,78.66566,locality_curated
Iymarasapura,KOLAR(SC),Karnataka,13.121883,78.147302,locality_curated
Thammenahalli,KOLAR(SC),Karnataka,13.113868,78.130591,locality_curated
Dinnur,KOLAR(SC),Karnataka,13.119805,78.126766,locality_curated
Bandarlahalli,KOLAR(SC),Karnataka,13.138357,78.112177,locality_curated
Chikkakalavanchi,KOLAR(SC),Karnataka,13.121221,78.151073,locality_curated
Thoppanahalli,KOLAR(SC),Karnataka,13.121678,78.129657,locality_curated
Magodi,KOLAR(SC),Karnataka,13.125489,78.139119,locality_curated
Srirangabandahalli,KOLAR(SC),Karnataka,13.11163,78.13203,locality_curated
Ramasandra,KOLAR(SC),Karnataka,13.146698,78.116763,locality_curated
Varikolu,KARIMNAGAR,Telangana,18.425844,79.156369,locality_curated
Sai,KADAPA,Andhra Pradesh,14.473612,78.849829,locality_curated
Sree  Subramania Swami,KANNUR,Kerala,11.887956,75.355655,locality_curated
Thiruvatoor Juma,KANNUR,Kerala,11.860776,75.366903,locality_curated
Onnaparamba Juma,KANNUR,Kerala,11.856227,75.385521,locality_curated
anandipur,ETAH,Uttar Pradesh,27.55492,78.647299,locality_curated
pithanpur,ETAH,Uttar Pradesh,27.561715,78.680893,locality_curated
lokpur,ETAH,Uttar Pradesh,27.539645,78.68686,locality_curated
Pandhokar,BHOPAL,Madhya Pradesh,23.235002,77.398191,locality_curated
chintapur,ETAH,Uttar Pradesh,27.544231,78.671912,locality_curated
nagla bhoj,ETAH,Uttar Pradesh,27.572002,78.635275,locality_curated
Fulvadi,BHARUCH,Gujarat,21.69399,72.985871,locality_curated
bachri,ARRAH,Bihar,25.546485,84.671655,locality_curated
Ram,JUNAGADH,Gujarat,21.498606,70.478438,locality_curated
Sarasva,JUNAGADH,Gujarat,21.524124,70.434264,locality_curated
Umba,JUNAGADH,Gujarat,21.512383,70.471407,locality_curated
Gunvantpur,JUNAGADH,Gujarat,21.534482,70.468215,locality_curated
Khudaj,HINGOLI,Maharashtra,19.703891,77.15792,locality_curated
Wanegaon,HINGOLI,Maharashtra,19.725211,77.125338,locality_curated
Ganesh,ADILABAD(ST),Telangana,19.674538,78.546324,locality_curated
Pochamma,ADILABAD(ST),Telangana,19.690966,78.516774,locality_curated
Beeraiah,ADILABAD(ST),Telangana,19.672954,78.514847,locality_curated
Hanuman,ADILABAD(ST),Telangana,19.650688,78.550093,locality_curated
Moodlahatti,CHITRADURGA(SC),Karnataka,14.253127,76.414371,locality_curated
Venukalgudda,CHITRADURGA(SC),Karnataka,14.215039,76.403468,locality_curated
Vaddikere,CHITRADURGA(SC),Karnataka,14.211011,76.375146,locality_curated
Shravanagere,CHITRADURGA(SC),Karnataka,14.239089,76.417212,locality_curated
Goriya,NAINITAL UDHAM SINGH NAG.,Uttarakhand,,,locality_curated
Lambada,ADILABAD(ST),Telangana,19.636239,78.547675,locality_curated
Kumar,BHIWANI MAHENDRAGARH,Haryana,28.400858,76.109815,locality_curated
Sooragondanahalli,CHITRADURGA(SC),Karnataka,14.221092,76.426708,locality_curated
Nagenahalli,CHITRADURGA(SC),Karnataka,14.243973,76.395385,locality_curated
Metikurke,CHITRADURGA(SC),Karnataka,14.206248,76.409234,locality_curated
Balagatta,CHITRADURGA(SC),Karnataka,14.208616,76.387905,locality_curated
Kakkayyanahatti,CHITRADURGA(SC),Karnataka,14.217351,76.389477,locality_curated
Anthada,KOTA,Rajasthan,25.229224,75.881263,locality_curated
Jambayyanahatti,CHITRADURGA(SC),Karnataka,14.233983,76.374735,locality_curated
Renukapura,CHITRADURGA(SC),Karnataka,14.244783,76.384857,locality_curated
Doddaullarthi,CHITRADURGA(SC),Karnataka,14.209636,76.378794,locality_curated
Obaiahnahatti,CHITRADURGA(SC),Karnataka,14.236323,76.414341,locality_curated
Mallurahatti,CHITRADURGA(SC),Karnataka,14.200796,76.405962,locality_curated
Jogihatti,CHITRADURGA(SC),Karnataka,14.223082,76.366363,locality_curated
Durga,CHITRADURGA(SC),Karnataka,14.248062,76.417723,locality_curated
Kamanahalli,CHITRADURGA(SC),Karnataka,14.246421,76.391339,locality_curated
government tibetan,SRINAGAR,Jammu And Kashmir,34.067277,74.826698,locality_curated
Sai Baba,ADILABAD(ST),Telangana,19.683569,78.512622,locality_curated
Kotalgaon,ADILABAD(ST),Telangana,19.645035,78.518922,locality_curated
Sirala,ADILABAD(ST),Telangana,19.686658,78.523715,locality_curated
Dhar Kubeer,ADILABAD(ST),Telangana,19.643457,78.510933,locality_curated
Sangvi,ADILABAD(ST),Telangana,19.648284,78.542838,locality_curated
Kallur,ADILABAD(ST),Telangana,19.67758,78.517066,locality_curated
Dharmora,ADILABAD(ST),Telangana,19.648223,78.554234,locality_curated
Manmad,ADILABAD(ST),Telangana,19.68814,78.537918,locality_curated
Rajura,ADILABAD(ST),Telangana,19.643045,78.552037,locality_curated
Ashta,ADILABAD(ST),Telangana,19.680136,78.504577,locality_curated
Boregaon,ADILABAD(ST),Telangana,19.661043,78.514193,locality_curated
Edbid,ADILABAD(ST),Telangana,19.675118,78.517929,locality_curated
Mudhole,ADILABAD(ST),Telangana,19.645771,78.538665,locality_curated
Turati,ADILABAD(ST),Telangana,19.66994,78.547612,locality_curated
Bamni,ADILABAD(ST),Telangana,19.655607,78.563084,locality_curated
Koloor,ADILABAD(ST),Telangana,19.684486,78.52139,locality_curated
Wadi,ADILABAD(ST),Telangana,19.677694,78.506813,locality_curated
Guddenghat,ADILABAD(ST),Telangana,19.642597,78.555536,locality_curated
Kasbawada,ADILABAD(ST),Telangana,19.654106,78.508402,locality_curated
Banar Boguda,ADILABAD(ST),Telangana,19.688579,78.538026,locality_curated
Godavelli,ADILABAD(ST),Telangana,19.670794,78.548996,locality_curated
Heerapur,ADILABAD(ST),Telangana,19.645336,78.55114,locality_curated
NTR Nagar,ADILABAD(ST),Telangana,19.685528,78.531601,locality_curated
Besthawada,ADILABAD(ST),Telangana,19.645779,78.546058,locality_curated
Dasnapur,ADILABAD(ST),Telangana,19.693895,78.522294,locality_curated
Narayanpur,ADILABAD(ST),Telangana,19.68946,78.524247,locality_curated
Dampur,ADILABAD(ST),Telangana,19.665829,78.559772,locality_curated
Mudhiraj Colony Chandrapur,ADILABAD(ST),Telangana,19.677198,78.556276,locality_curated
Waddial,ADILABAD(ST),Telangana,19.637459,78.524448,locality_curated
Laxmanchanda,ADILABAD(ST),Telangana,19.670615,78.514614,locality_curated
Vanjari Colony Jam,ADILABAD(ST),Telangana,19.661066,78.554169,locality_curated
Kamkati,ADILABAD(ST),Telangana,19.675249,78.521976,locality_curated
Yadava,ADILABAD(ST),Telangana,19.659417,78.516081,locality_curated
Potia,ADILABAD(ST),Telangana,19.634097,78.521682,locality_curated
Mudhiraj Colony Dilawarpur,ADILABAD(ST),Telangana,19.647286,78.526574,locality_curated
Guridekapu Colony Dilawarpur,ADILABAD(ST),Telangana,19.634769,78.524834,locality_curated
Naikpod Colony Gundampalle,ADILABAD(ST),Telangana,19.660491,78.517055,locality_curated
Munnurukapu Colony Vengwapet,ADILABAD(ST),Telangana,19.688754,78.515574,locality_curated
Rajaka Colony Vengwapet,ADILABAD(ST),Telangana,19.677712,78.548751,locality_curated
Naikpod Colony Dyangapur,ADILABAD(ST),Telangana,19.683087,78.51101,locality_curated
Boyawada Colony Mamada,ADILABAD(ST),Telangana,19.67973,78.5598,locality_curated
Munnurukapu Colony Soan,ADILABAD(ST),Telangana,19.680927,78.505351,locality_curated
Siddheshwar Hanuman,JAIPUR,Rajasthan,26.921582,75.759008,locality_curated
Keshavpur,JAMNAGAR,Gujarat,22.456288,70.057428,locality_curated
Thanda,KARIMNAGAR,Telangana,18.415389,79.130082,locality_curated
Balwanthapur,KARIMNAGAR,Telangana,18.42161,79.126601,locality_curated
Thatipalli,KARIMNAGAR,Telangana,18.458693,79.11706,locality_curated
Gollapalli,KARIMNAGAR,Telangana,18.450956,79.136626,locality_curated
Pothur,KARIMNAGAR,Telangana,18.417278,79.125641,locality_curated
Shabhashpalli,KARIMNAGAR,Telangana,18.467346,79.123457,locality_curated
Rudrangi,KARIMNAGAR,Telangana,18.420582,79.11229,locality_curated
pipargawan,AKBARPUR,Uttar Pradesh,26.400965,82.520185,locality_curated
primary,AMRELI,Gujarat,21.615067,71.235887,locality_curated
Amrutvel,AMRELI,Gujarat,21.60449,71.198345,locality_curated
Bambhania,AMRELI,Gujarat,21.583159,71.198375,locality_curated
Chigurumamidi,KARIMNAGAR,Telangana,18.449299,79.152985,locality_curated
Annaram,KARIMNAGAR,Telangana,18.418769,79.134794,locality_curated
Rangasaipalle,KARIMNAGAR,Telangana,18.452814,79.134551,locality_curated
Kamanpur,KARIMNAGAR,Telangana,18.452331,79.127534,locality_curated
Eklaspur,KARIMNAGAR,Telangana,18.408888,79.129894,locality_curated
Baddipalli,KARIMNAGAR,Telangana,18.457516,79.128452,locality_curated
Chenjarla,KARIMNAGAR,Telangana,18.457742,79.130211,locality_curated
Asifnagar,KARIMNAGAR,Telangana,18.461002,79.127562,locality_curated
Malkapur,KARIMNAGAR,Telangana,18.450656,79.100258,locality_curated
Bheempally,KARIMNAGAR,Telangana,18.448347,79.151877,locality_curated
Samudralingapur,KARIMNAGAR,Telangana,18.449197,79.101152,locality_curated
Jagdamba,HINGOLI,Maharashtra,19.752069,77.147187,locality_curated
Chinchgavhan,HINGOLI,Maharashtra,19.728922,77.132299,locality_curated
Kavathukudi,SIVAGANGA,Tamil Nadu,9.83371,78.465362,locality_curated
Seluvatti,SIVAGANGA,Tamil Nadu,9.860691,78.486432,locality_curated
Edaiyathur,SIVAGANGA,Tamil Nadu,9.866352,78.505204,locality_curated
chikkondihalli,HASSAN,Karnataka,12.997677,76.089887,locality_curated
SANKIHALLI,HASSAN,Karnataka,13.020275,76.113201,locality_curated
SHIVANENAHALLI,HASSAN,Karnataka,13.0088,76.078109,locality_curated
BIRANAGODU,HASSAN,Karnataka,12.99137,76.079999,locality_curated
MALLAPURA,HASSAN,Karnataka,13.023983,76.121295,locality_curated
HEBBALU,HASSAN,Karnataka,12.98243,76.104378,locality_curated
BELUR CONSTITUENCY ARASIKERE,HASSAN,Karnataka,12.990021,76.106029,locality_curated
HEBBAL,HASSAN,Karnataka,12.983929,76.090875,locality_curated
HOSAHALLI,HASSAN,Karnataka,13.011171,76.121021,locality_curated
ARAKALAGUDU,HASSAN,Karnataka,13.000671,76.11476,locality_curated
ARAKALAGUDU TALUK HULIKALLU,HASSAN,Karnataka,12.992837,76.114338,locality_curated
sharief shallpora,SRINAGAR,Jammu And Kashmir,34.098731,74.820529,locality_curated
bon,SRINAGAR,Jammu And Kashmir,34.063427,74.788872,locality_curated
bun,SRINAGAR,Jammu And Kashmir,34.067791,74.784344,locality_curated
Nagla dukariya,ETAH,Uttar Pradesh,27.578836,78.65079,locality_curated
sahaypur,ETAH,Uttar Pradesh,27.570886,78.66793,locality_curated
kasimpur,ETAH,Uttar Pradesh,27.542407,78.669772,locality_curated
Shree Shree Binayak,PURI,Odisha,19.830742,85.841781,locality_curated
Maa Tara,PURI,Odisha,19.809876,85.803795,locality_curated
maa mangala,PURI,Odisha,19.815448,85.860813,locality_curated
Ayimicheri panchayat walajabad,KANCHEEPURAM(SC),Tamil Nadu,12.835647,79.676489,locality_curated
CHANNARAYAPATTANA,HASSAN,Karnataka,13.00095,76.124892,locality_curated
walajabad,KANCHEEPURAM(SC),Tamil Nadu,12.82872,79.709126,locality_curated
PURV JILA,FATEHPUR,Uttar Pradesh,25.935163,80.792848,locality_curated
Mirpur,SHEOHAR,Bihar,26.495307,85.301195,locality_curated
Siva,MAYURBHANJ (ST),Odisha,21.930156,86.714621,locality_curated
Fitiktandi,MAYURBHANJ (ST),Odisha,21.929984,86.744903,locality_curated
Pavaratty Grama,THRISSUR,Kerala,10.547438,76.204559,locality_curated
kuramai,ETAH,Uttar Pradesh,27.537311,78.649964,locality_curated
Purisai,KANCHEEPURAM(SC),Tamil Nadu,12.818868,79.673083,locality_curated
Puthagaram,KANCHEEPURAM(SC),Tamil Nadu,12.801613,79.689734,locality_curated
Vissor,KANCHEEPURAM(SC),Tamil Nadu,12.805311,79.682521,locality_curated
Karunguzhi Town,KANCHEEPURAM(SC),Tamil Nadu,12.839216,79.699605,locality_curated
Acharapakkam Town,KANCHEEPURAM(SC),Tamil Nadu,12.797617,79.686047,locality_curated
GHSS Vedanthangal,KANCHEEPURAM(SC),Tamil Nadu,12.824962,79.725879,locality_curated
Acharapakkam,KANCHEEPURAM(SC),Tamil Nadu,12.836407,79.688733,locality_curated
School Elapakkam,KANCHEEPURAM(SC),Tamil Nadu,12.824316,79.668863,locality_curated
School Padalam,KANCHEEPURAM(SC),Tamil Nadu,12.816588,79.713353,locality_curated
Maduranthagam,KANCHEEPURAM(SC),Tamil Nadu,12.82518,79.718591,locality_curated
thiruvathur,KANCHEEPURAM(SC),Tamil Nadu,12.833639,79.70066,locality_curated
Neelamangalam,KANCHEEPURAM(SC),Tamil Nadu,12.845379,79.691803,locality_curated
Sothupakkam,KANCHEEPURAM(SC),Tamil Nadu,12.790049,79.684653,locality_curated
Polampakkam,KANCHEEPURAM(SC),Tamil Nadu,12.830371,79.680191,locality_curated
kayapakkam,KANCHEEPURAM(SC),Tamil Nadu,12.799611,79.70728,locality_curated
Chunambedu,KANCHEEPURAM(SC),Tamil Nadu,12.802582,79.697873,locality_curated
Mugaiyur,KANCHEEPURAM(SC),Tamil Nadu,12.79145,79.690306,locality_curated
Amainthakaranai,KANCHEEPURAM(SC),Tamil Nadu,12.83889,79.680595,locality_curated
Maiyur,KANCHEEPURAM(SC),Tamil Nadu,12.820061,79.72524,locality_curated
Kinar,KANCHEEPURAM(SC),Tamil Nadu,12.797478,79.714112,locality_curated
Karunilam,KANCHEEPURAM(SC),Tamil Nadu,12.80576,79.679129,locality_curated
Pattaravakkam,KANCHEEPURAM(SC),Tamil Nadu,12.806383,79.673176,locality_curated
Pazhaveli,KANCHEEPURAM(SC),Tamil Nadu,12.802082,79.673149,locality_curated
Vembedu,KANCHEEPURAM(SC),Tamil Nadu,12.797978,79.686621,locality_curated
Manamathy,KANCHEEPURAM(SC),Tamil Nadu,12.805276,79.672996,locality_curated
Padur,KANCHEEPURAM(SC),Tamil Nadu,12.820685,79.712949,locality_curated
Dhillwan,SANGRUR,Punjab,30.242062,75.865712,locality_curated
Rura,SANGRUR,Punjab,30.240344,75.865834,locality_curated
Uggoke,SANGRUR,Punjab,30.221121,75.849266,locality_curated
pandher,SANGRUR,Punjab,30.220621,75.852063,locality_curated
Kaleke,SANGRUR,Punjab,30.234508,75.868498,locality_curated
Jangiana,SANGRUR,Punjab,30.257621,75.815933,locality_curated
hall,SANGRUR,Punjab,30.260514,75.823772,locality_curated
ANDHRATHARHI ANARGAT,JHANJHARPUR,Bihar,26.243879,86.260579,locality_curated
Khardiha,PALAMU(SC),Jharkhand,24.040838,84.051946,locality_curated
school,PATIALA,Punjab,30.359962,76.383617,locality_curated
School,PATIALA,Punjab,30.323276,76.415285,locality_curated
Maroli,NAVSARI,Gujarat,20.937979,72.931026,locality_curated
Vesma,NAVSARI,Gujarat,20.935021,72.936557,locality_curated
Pinsad,NAVSARI,Gujarat,20.948983,72.936565,locality_curated
Bhulafalia,NAVSARI,Gujarat,20.964308,72.968976,locality_curated
Machhiyavasan,NAVSARI,Gujarat,20.933861,72.958121,locality_curated
Khakhwada,NAVSARI,Gujarat,20.947703,72.921246,locality_curated
Bhatha,NAVSARI,Gujarat,20.922613,72.964027,locality_curated
Masa,NAVSARI,Gujarat,20.929915,72.934644,locality_curated
Wadi,NAVSARI,Gujarat,20.959993,72.924066,locality_curated
Goyandi Bhatla,NAVSARI,Gujarat,20.950376,72.929675,locality_curated
Waghrech,NAVSARI,Gujarat,20.943431,72.93796,locality_curated
Khaparwada,NAVSARI,Gujarat,20.949719,72.970335,locality_curated
Vangam,NAVSARI,Gujarat,20.964091,72.936374,locality_curated
Kindarva,JUNAGADH,Gujarat,21.508686,70.466629,locality_curated
Moraj,JUNAGADH,Gujarat,21.518086,70.482983,locality_curated
Desar,JUNAGADH,Gujarat,21.513242,70.446009,locality_curated
Bhebha,JUNAGADH,Gujarat,21.512472,70.438233,locality_curated
Inchvad,JUNAGADH,Gujarat,21.544596,70.445634,locality_curated
Dudana,JUNAGADH,Gujarat,21.52361,70.486816,locality_curated
Jograj,HISAR,Haryana,29.167571,75.711891,locality_curated
jhajhriya,HISAR,Haryana,29.178024,75.722276,locality_curated
Hanuman,BIJAPUR(SC),Karnataka,16.847859,75.70019,locality_curated
shiv,BUXAR,Bihar,25.571606,83.991396,locality_curated
Kattankolathur,KANCHEEPURAM(SC),Tamil Nadu,12.830571,79.686964,locality_curated
Terma,MUZAFFARPUR,Bihar,26.139846,85.360215,locality_curated
Ozhalur,KANCHEEPURAM(SC),Tamil Nadu,12.8067,79.703819,locality_curated
Guduvancheri,KANCHEEPURAM(SC),Tamil Nadu,12.791558,79.698583,locality_curated
Budhnagra,MUZAFFARPUR,Bihar,26.136177,85.391929,locality_curated
Maripur,MUZAFFARPUR,Bihar,26.102757,85.339747,locality_curated
Hanumanthanahalli Gollarahatti,CHITRADURGA(SC),Karnataka,14.216021,76.370507,locality_curated
Devasamudra,CHITRADURGA(SC),Karnataka,14.230986,76.425287,locality_curated
Chikkumthi,CHITRADURGA(SC),Karnataka,14.2511,76.394883,locality_curated
Giddapura,CHITRADURGA(SC),Karnataka,14.240501,76.425834,locality_curated
Mogalahalli,CHITRADURGA(SC),Karnataka,14.204615,76.40588,locality_curated
Ramajogihalli,CHITRADURGA(SC),Karnataka,14.215014,76.398525,locality_curated
Koluru,KOPPAL,Karnataka,15.330594,76.159017,locality_curated
Guladalli,KOPPAL,Karnataka,15.331404,76.164689,locality_curated
Ghattreddihal,KOPPAL,Karnataka,15.374873,76.162881,locality_curated
Halwagali,KOPPAL,Karnataka,15.342343,76.142227,locality_curated
venkatagiri,KOPPAL,Karnataka,15.360732,76.126455,locality_curated
Raghunathanahalli,KOPPAL,Karnataka,15.363744,76.138171,locality_curated
Bhawan,BHILWARA,Rajasthan,25.342316,74.655616,locality_curated
Lothpur,AMRELI,Gujarat,21.620299,71.211996,locality_curated
Bhakodar,AMRELI,Gujarat,21.59472,71.205533,locality_curated
Alwandi,KOPPAL,Karnataka,15.333472,76.172379,locality_curated
teggihaal,KOPPAL,Karnataka,15.332395,76.142145,locality_curated
Kumar,BIJNOR,Uttar Pradesh,29.364341,78.118679,locality_curated
Walli,SHIMLA (SC),Himachal Pradesh,31.101937,77.141589,locality_curated
Theluru,KADAPA,Andhra Pradesh,14.447046,78.816031,locality_curated
Balapanur,KADAPA,Andhra Pradesh,14.45057,78.850864,locality_curated
Lomada,KADAPA,Andhra Pradesh,14.481107,78.821348,locality_curated
Nallapureddypalli,KADAPA,Andhra Pradesh,14.472731,78.839225,locality_curated
MORNA,BIJNOR,Uttar Pradesh,29.387377,78.150548,locality_curated
Floor,BIJNOR,Uttar Pradesh,29.36995,78.151134,locality_curated
BHOPA,BIJNOR,Uttar Pradesh,29.38874,78.149998,locality_curated
tajdin,SRINAGAR,Jammu And Kashmir,34.088037,74.819981,locality_curated
Vinod,BIJNOR,Uttar Pradesh,29.354971,78.149918,locality_curated
Naral,MANDI,Himachal Pradesh,31.69591,76.936078,locality_curated
Basti,MANDI,Himachal Pradesh,31.726981,76.911176,locality_curated
Vagde Bauddhwadi Saipark,RATNAGIRI-SINDHUDURG,Maharashtra,,,locality_curated
Gandlapalli,RAJAMPET,Andhra Pradesh,14.176625,79.152329,locality_curated
Satyapur,KRISHNANAGAR,West Bengal,23.38385,88.51016,locality_curated
Alawalpur,GURDASPUR,Punjab,32.058717,75.38655,locality_curated
Kothavaddipalli,RAJAMPET,Andhra Pradesh,14.201001,79.177055,locality_curated
Marthuvaripalli,RAJAMPET,Andhra Pradesh,14.206147,79.153245,locality_curated
Kuravapalli,RAJAMPET,Andhra Pradesh,14.196648,79.185766,locality_curated
Upparapalli,RAJAMPET,Andhra Pradesh,14.167468,79.180976,locality_curated
Seelaiahgaripalli,RAJAMPET,Andhra Pradesh,14.16262,79.159673,locality_curated
Nadigadda,RAJAMPET,Andhra Pradesh,14.202957,79.138836,locality_curated
Moravapalli,RAJAMPET,Andhra Pradesh,14.172002,79.175617,locality_curated
MPP,RAJAMPET,Andhra Pradesh,14.206875,79.157239,locality_curated
Palem,RAJAMPET,Andhra Pradesh,14.181982,79.1399,locality_curated
Bhatlai,NAVSARI,Gujarat,20.930357,72.970766,locality_curated
ramalayam,NIZAMABAD,Telangana,18.668933,78.072648,locality_curated
Uchaiya,AMRELI,Gujarat,21.57686,71.210912,locality_curated
Home,JALORE,Rajasthan,25.335464,72.640683,locality_curated
Sadhimata,MAHESANA,Gujarat,23.608428,72.371423,locality_curated
Mahadev,MAHESANA,Gujarat,23.583872,72.398394,locality_curated
singh,HISAR,Haryana,29.173603,75.715249,locality_curated
Kabristan,HISAR,Haryana,29.165315,75.707284,locality_curated
MAHUA,DAMOH,Madhya Pradesh,23.827645,79.426027,locality_curated
SALAIYA,DAMOH,Madhya Pradesh,23.815591,79.419738,locality_curated
SAGONI,DAMOH,Madhya Pradesh,23.846262,79.44935,locality_curated
PODI,DAMOH,Madhya Pradesh,23.825971,79.421654,locality_curated
KODA,DAMOH,Madhya Pradesh,23.805329,79.428798,locality_curated
SASNA,DAMOH,Madhya Pradesh,23.812017,79.446668,locality_curated
PRASAI,DAMOH,Madhya Pradesh,23.857543,79.426316,locality_curated
SIMRI,DAMOH,Madhya Pradesh,23.86168,79.435943,locality_curated
MUDERI,DAMOH,Madhya Pradesh,23.847349,79.452389,locality_curated
KALHRA,DAMOH,Madhya Pradesh,23.841286,79.431383,locality_curated
HARDUWA,DAMOH,Madhya Pradesh,23.855199,79.419661,locality_curated
KULUA,DAMOH,Madhya Pradesh,23.816758,79.457755,locality_curated
BIJA,DAMOH,Madhya Pradesh,23.822745,79.411411,locality_curated
Pachauli,BUXAR,Bihar,25.579713,83.983802,locality_curated
Basauli,MUZAFFARPUR,Bihar,26.107117,85.334572,locality_curated
Yadavakunta,VIZIANAGARAM,Andhra Pradesh,18.101696,83.381884,locality_curated
PSR Puram,VIZIANAGARAM,Andhra Pradesh,18.089803,83.377191,locality_curated
Kotasirlam Gram,VIZIANAGARAM,Andhra Pradesh,18.116638,83.385145,locality_curated
Pydayyavalasa,VIZIANAGARAM,Andhra Pradesh,18.116675,83.411159,locality_curated
Therlam,VIZIANAGARAM,Andhra Pradesh,18.137596,83.396167,locality_curated
Kotipalli,VIZIANAGARAM,Andhra Pradesh,18.1132,83.427771,locality_curated
Nandabalaga,VIZIANAGARAM,Andhra Pradesh,18.102162,83.380906,locality_curated
Dhamane Village Belagavi,BELGAUM,Karnataka,15.850684,74.523055,locality_curated
Belagundi Village,BELGAUM,Karnataka,15.878352,74.489809,locality_curated
Mahalaxmipuram Shindolli Village,BELGAUM,Karnataka,15.843067,74.515457,locality_curated
narsing,AJMER,Rajasthan,26.458818,74.628029,locality_curated
Mannur Village,BELGAUM,Karnataka,15.882662,74.510175,locality_curated
shiv,AJMER,Rajasthan,26.458456,74.615006,locality_curated
Sulebhavi,BELGAUM,Karnataka,15.875377,74.50958,locality_curated
High,MAHABUBNAGAR,Telangana,16.69622,77.938238,locality_curated
Jadishpur siwan,MUZAFFARPUR,Bihar,26.13872,85.360118,locality_curated
TUNDAV,MAHESANA,Gujarat,23.586493,72.412111,locality_curated
Baba Balak Nath,HOSHIARPUR(SC),Punjab,31.516881,75.928472,locality_curated
Prakhand  Obra,KARAKAT,Bihar,25.024952,84.249597,locality_curated
Lihoda,AHMEDABAD EAST,Gujarat,23.029228,72.575544,locality_curated
Palaiya,AHMEDABAD EAST,Gujarat,23.015023,72.604432,locality_curated
Vasana Chaudhary,AHMEDABAD EAST,Gujarat,23.040956,72.560257,locality_curated
Jagadapura,BANGALORE RURAL,Karnataka,13.166313,77.380729,locality_curated
Batlagundu Town,DINDIGUL,Tamil Nadu,10.39003,77.972949,locality_curated
Nilakkottai Vilampatty,DINDIGUL,Tamil Nadu,10.356967,77.983171,locality_curated
Maa Kali,KORBA,Chhattisgarh,22.347681,82.743016,locality_curated
Pilvai,MAHESANA,Gujarat,23.599268,72.363039,locality_curated
Hanuman,MAYURBHANJ (ST),Odisha,21.925627,86.718747,locality_curated
kavitibadra,ARAKU(ST),Andhra Pradesh,18.31653,82.851734,locality_curated
Dada Shambhu,SONEPAT,Haryana,28.988585,77.119748,locality_curated
belsandi,KHAGARIA,Bihar,25.48284,86.478791,locality_curated
Longsa,NAGALAND,Nagaland,26.133989,94.559061,locality_curated
Vihari,MAINPURI,Uttar Pradesh,27.215073,79.043988,locality_curated
Shiv,CHURU,Rajasthan,28.285688,74.989877,locality_curated
antargat dhoi,DARBHANGA,Bihar,26.135363,85.895879,locality_curated
Vasna Sogthi,AHMEDABAD EAST,Gujarat,23.030117,72.607874,locality_curated
Vadod,AHMEDABAD EAST,Gujarat,23.052578,72.578118,locality_curated
Demaliya,AHMEDABAD EAST,Gujarat,23.023585,72.594118,locality_curated
Kadjodra,AHMEDABAD EAST,Gujarat,23.025405,72.604281,locality_curated
Shiyavada,AHMEDABAD EAST,Gujarat,23.064054,72.586791,locality_curated
Rakhiyal,AHMEDABAD EAST,Gujarat,23.050489,72.611437,locality_curated
ahera,BAGHPAT,Uttar Pradesh,28.969501,77.224909,locality_curated
Umrao,KORBA,Chhattisgarh,22.362697,82.732314,locality_curated
Palundra,AHMEDABAD EAST,Gujarat,23.044983,72.606666,locality_curated
Nana Jalundra,AHMEDABAD EAST,Gujarat,23.027908,72.619514,locality_curated
Hathijan,AHMEDABAD EAST,Gujarat,23.009089,72.59353,locality_curated
Dharisana,AHMEDABAD EAST,Gujarat,23.040432,72.616918,locality_curated
Sampa,AHMEDABAD EAST,Gujarat,23.055119,72.583362,locality_curated
Khadiya,AHMEDABAD EAST,Gujarat,23.044146,72.564451,locality_curated
Jindva,AHMEDABAD EAST,Gujarat,23.054365,72.567706,locality_curated
Zak,AHMEDABAD EAST,Gujarat,23.032072,72.575078,locality_curated
Mithana Muvada,AHMEDABAD EAST,Gujarat,23.058039,72.588285,locality_curated
ekm,ALATHUR(SC),Kerala,10.584186,76.58659,locality_curated
Pond Simuara,AURANGABAD_BR,Bihar,24.755302,84.343101,locality_curated
Vajarahalli,CHITRADURGA(SC),Karnataka,14.198482,76.394058,locality_curated
Pali,AURANGABAD_BR,Bihar,24.774259,84.374973,locality_curated
Valase,CHITRADURGA(SC),Karnataka,14.235523,76.375197,locality_curated
Rameshwar,JAMMU,Jammu And Kashmir,32.722491,74.841024,locality_curated
village Shahpur,JAMMU,Jammu And Kashmir,32.732187,74.891165,locality_curated
Ashram,JAMMU,Jammu And Kashmir,32.739749,74.833828,locality_curated
Nagar,AURANGABAD_BR,Bihar,24.74788,84.394943,locality_curated
Janukonda Grama Panchyath,CHITRADURGA(SC),Karnataka,14.241986,76.386495,locality_curated
Kabir,JAMMU,Jammu And Kashmir,32.739748,74.873761,locality_curated
Tavarekere Hobli Cholanayanakanahalli,BANGALORE NORTH,Karnataka,13.0262,77.574867,locality_curated
K Gollahalli,BANGALORE NORTH,Karnataka,13.052156,77.582913,locality_curated
village Bikopur,AURANGABAD_BR,Bihar,24.773214,84.391833,locality_curated
Majhiawan Village,AURANGABAD_BR,Bihar,24.762558,84.36132,locality_curated
par   Chhakarbandha,AURANGABAD_BR,Bihar,24.731857,84.365934,locality_curated
Tola  Chhakarbandha,AURANGABAD_BR,Bihar,24.776925,84.364523,locality_curated
Bikuaankla   Sewra,AURANGABAD_BR,Bihar,24.749181,84.402338,locality_curated
HASSAN,HASSAN,Karnataka,13.001313,76.120398,locality_curated
barthari,ETAH,Uttar Pradesh,27.577187,78.650132,locality_curated
bhaisora,ETAH,Uttar Pradesh,27.53398,78.666434,locality_curated
Dudhawani,BETUL(ST),Madhya Pradesh,21.88731,77.9155,locality_curated
Sikariya,AURANGABAD_BR,Bihar,24.774812,84.387527,locality_curated
kurubarahalli,HASSAN,Karnataka,12.978388,76.089167,locality_curated
janivara,HASSAN,Karnataka,12.981281,76.091857,locality_curated
tirupathihalli,HASSAN,Karnataka,13.018685,76.112495,locality_curated
Nagar,ETAH,Uttar Pradesh,27.564271,78.640083,locality_curated
girora,ETAH,Uttar Pradesh,27.539804,78.661856,locality_curated
Kattathrakavu,ERNAKULAM,Kerala,9.974,76.285979,locality_curated
Nababganj,ETAH,Uttar Pradesh,27.574913,78.662694,locality_curated
Khakhra,AURANGABAD_BR,Bihar,24.740607,84.388794,locality_curated
Kurha,ETAH,Uttar Pradesh,27.531427,78.651359,locality_curated
Shiv Aasan,JAMMU,Jammu And Kashmir,32.737411,74.834742,locality_curated
Devpahari,KODARMA,Jharkhand,24.557658,85.691836,locality_curated
Lataki,KODARMA,Jharkhand,24.522719,85.669832,locality_curated
Remba,KODARMA,Jharkhand,24.555836,85.668391,locality_curated
pavsara,ETAH,Uttar Pradesh,27.545662,78.68016,locality_curated
center,MAYURBHANJ (ST),Odisha,21.952406,86.717662,locality_curated
BHARUHI,SIDHI,Madhya Pradesh,24.399561,81.871669,locality_curated
Vasai,KHEDA,Gujarat,22.714009,72.715207,locality_curated
Crematorium Traj,KHEDA,Gujarat,22.730614,72.701206,locality_curated
Pukhuria under Bikrampur,BANKURA,West Bengal,23.206153,87.079694,locality_curated
Faizpur Ninana,BAGHPAT,Uttar Pradesh,28.920126,77.216,locality_curated
Bibarda under Bibarda,BANKURA,West Bengal,23.205745,87.070562,locality_curated
gadhi kangran,BAGHPAT,Uttar Pradesh,28.932279,77.229394,locality_curated
pilana,BAGHPAT,Uttar Pradesh,28.932733,77.236604,locality_curated
Ganotra,JAMMU,Jammu And Kashmir,32.715351,74.86822,locality_curated
Dudhiano,KODARMA,Jharkhand,24.547772,85.709296,locality_curated
Mathala,SRIKAKULAM,Andhra Pradesh,18.30106,83.878515,locality_curated
Janniputtuga,SRIKAKULAM,Andhra Pradesh,18.322551,83.887076,locality_curated
Muppavaram,RAJAHMUNDRY,Andhra Pradesh,17.019198,81.813117,locality_curated
Undrajavaram,RAJAHMUNDRY,Andhra Pradesh,17.015454,81.812315,locality_curated
Karivari Savaram,RAJAHMUNDRY,Andhra Pradesh,16.977098,81.790435,locality_curated
Khandavalli,RAJAHMUNDRY,Andhra Pradesh,17.015227,81.825993,locality_curated
Kanuru Agraharam,RAJAHMUNDRY,Andhra Pradesh,17.001468,81.789528,locality_curated
Dowlaiswaram,RAJAHMUNDRY,Andhra Pradesh,16.979612,81.804763,locality_curated
Chodavaram,RAJAHMUNDRY,Andhra Pradesh,17.001514,81.824227,locality_curated
Kadaya,JUNAGADH,Gujarat,21.517559,70.483567,locality_curated
Parsa,BASTI,Uttar Pradesh,26.79333,82.739983,locality_curated
Khuthana,BASTI,Uttar Pradesh,26.786115,82.708898,locality_curated
Gir,JUNAGADH,Gujarat,21.519415,70.440924,locality_curated
Dudhala,JUNAGADH,Gujarat,21.510082,70.469629,locality_curated
Leriya,JUNAGADH,Gujarat,21.528437,70.489444,locality_curated
Navaniya,JUNAGADH,Gujarat,21.53186,70.42594,locality_curated
Kalavad,JUNAGADH,Gujarat,21.51336,70.475771,locality_curated
Lalpur,JUNAGADH,Gujarat,21.531076,70.434285,locality_curated
Mundiya,JUNAGADH,Gujarat,21.540419,70.477485,locality_curated
Dadho,KODARMA,Jharkhand,24.555972,85.694845,locality_curated
Chondhitand,KODARMA,Jharkhand,24.566927,85.681556,locality_curated
Piyava,JUNAGADH,Gujarat,21.526842,70.437885,locality_curated
monpari,JUNAGADH,Gujarat,21.505191,70.435322,locality_curated
Limdhra,JUNAGADH,Gujarat,21.551997,70.462402,locality_curated
Monpari,JUNAGADH,Gujarat,21.504704,70.469652,locality_curated
Virpur,JUNAGADH,Gujarat,21.538173,70.471315,locality_curated
vadal,JUNAGADH,Gujarat,21.543656,70.444584,locality_curated
Vajdi,JUNAGADH,Gujarat,21.517332,70.472278,locality_curated
Sarsai,JUNAGADH,Gujarat,21.529303,70.43801,locality_curated
Kotda,JUNAGADH,Gujarat,21.533911,70.449725,locality_curated
Mandavad,JUNAGADH,Gujarat,21.503712,70.484274,locality_curated
Sendamangalam West,KARUR,Tamil Nadu,10.937497,78.06822,locality_curated
Jegathabi,KARUR,Tamil Nadu,10.972189,78.068603,locality_curated
Senkal,KARUR,Tamil Nadu,10.953047,78.094382,locality_curated
Palayam Town,KARUR,Tamil Nadu,10.972948,78.088804,locality_curated
malida,JUNAGADH,Gujarat,21.510688,70.449235,locality_curated
samatpara,JUNAGADH,Gujarat,21.52176,70.485012,locality_curated
mendpara,JUNAGADH,Gujarat,21.50001,70.464291,locality_curated
parabvavdi,JUNAGADH,Gujarat,21.508158,70.429512,locality_curated
Sirpalli,HINGOLI,Maharashtra,19.734859,77.173847,locality_curated
Bhagwanpur,MUZAFFARPUR,Bihar,26.0706276,85.0984303,nominatim
KANDEL,KALAHANDI,Odisha,19.885578,83.161737,locality_curated
KHALIAPALI,KALAHANDI,Odisha,19.905586,83.181122,locality_curated
Harisinghpur,SITAMARHI,Bihar,26.570041,85.488439,locality_curated
Patahi,MUZAFFARPUR,Bihar,26.097199,85.358606,locality_curated
SASANGA,CUTTACK,Odisha,20.473069,85.913793,locality_curated
JAYAPUR,CUTTACK,Odisha,20.484157,85.900219,locality_curated
Jaliyano Math,AHMEDABAD EAST,Gujarat,23.036535,72.574896,locality_curated
Udan,AHMEDABAD EAST,Gujarat,23.043618,72.574231,locality_curated
Pato,AHMEDABAD EAST,Gujarat,23.0251,72.595893,locality_curated
Ahmadpur,AHMEDABAD EAST,Gujarat,23.034996,72.604167,locality_curated
Narmala,KARIMNAGAR,Telangana,18.414763,79.111206,locality_curated
Narasakkapet,KARIMNAGAR,Telangana,18.425422,79.151918,locality_curated
Vanthadupula,KARIMNAGAR,Telangana,18.446952,79.101705,locality_curated
Venkatreddypally,CHELVELLA,Telangana,,,locality_curated
Kattalingampeta,KARIMNAGAR,Telangana,18.42607,79.120547,locality_curated
Sokhda,KHEDA,Gujarat,22.704922,72.701181,locality_curated
Bardiha,PALAMU(SC),Jharkhand,24.056702,84.087069,locality_curated
Gopal,GUWAHATI,Assam,26.125171,91.724751,locality_curated
upper,SRINAGAR,Jammu And Kashmir,34.101753,74.776973,locality_curated
Dev Balakameshwar,MANDI,Himachal Pradesh,31.709947,76.955177,locality_curated
antargat rampurdih,DARBHANGA,Bihar,26.171546,85.877759,locality_curated
antargat panchhobh,DARBHANGA,Bihar,26.160135,85.868742,locality_curated
mallapur,RAICHUR(ST),Karnataka,16.22118,77.380261,locality_curated
Kadayam,TIRUNELVELI,Tamil Nadu,8.704543,77.741551,locality_curated
Govindapperi  Kadayam,TIRUNELVELI,Tamil Nadu,8.696161,77.781401,locality_curated
Gajingpara,TURA,Meghalaya,25.50262,90.227986,locality_curated
Karunkuzhi,KANCHEEPURAM(SC),Tamil Nadu,12.84575,79.683972,locality_curated
Vadakku Kuruvikulam Village,TENKASI(SC),Tamil Nadu,9.409307,77.622416,locality_curated
Chidambarapuram Village,TENKASI(SC),Tamil Nadu,9.424393,77.649429,locality_curated
Kalapakulam,TENKASI(SC),Tamil Nadu,9.457676,77.60979,locality_curated
Gram,SATNA,Madhya Pradesh,24.62328,80.820517,locality_curated
Nagar,SATNA,Madhya Pradesh,24.615962,80.808793,locality_curated
Shiv,JAMMU,Jammu And Kashmir,32.697392,74.860649,locality_curated
SAMUDRALA,WARANGEL(SC),Telangana,,,locality_curated
VENKATAPURAM,WARANGEL(SC),Telangana,,,locality_curated
Sowdarpatty,VIRUDHUNAGAR,Tamil Nadu,9.583571,77.990581,locality_curated
Kokkulam,VIRUDHUNAGAR,Tamil Nadu,9.556093,77.969485,locality_curated
antargat,JHANJHARPUR,Bihar,26.248886,86.304652,locality_curated
Appakarai,VIRUDHUNAGAR,Tamil Nadu,9.582704,77.982776,locality_curated
Perungudi,VIRUDHUNAGAR,Tamil Nadu,9.555216,77.965828,locality_curated
Nallichatram,VIRUDHUNAGAR,Tamil Nadu,9.571178,77.939355,locality_curated
Malauna,UNNAO,Uttar Pradesh,26.558853,80.477787,locality_curated
matukari,UNNAO,Uttar Pradesh,26.545361,80.517941,locality_curated
mirzapur,UNNAO,Uttar Pradesh,26.576699,80.494826,locality_curated
Sanni,UNNAO,Uttar Pradesh,26.529435,80.49562,locality_curated
Saraiya,UNNAO,Uttar Pradesh,26.573529,80.497071,locality_curated
Samanatham,VIRUDHUNAGAR,Tamil Nadu,9.59551,77.978232,locality_curated
Kanakurukai,TIRUVANNAMALAI,Tamil Nadu,12.2335,79.052841,locality_curated
Bemmandal,TIRUVANNAMALAI,Tamil Nadu,12.230207,79.051076,locality_curated
Anandapuram,TIRUVANNAMALAI,Tamil Nadu,12.235728,79.102497,locality_curated
Kalkuppam,TIRUVANNAMALAI,Tamil Nadu,12.235689,79.085707,locality_curated
Kilpennathur Town,TIRUVANNAMALAI,Tamil Nadu,12.239804,79.085482,locality_curated
kakvadi,VALSAD(ST),Gujarat,20.618768,72.945315,locality_curated
vahuyal,VALSAD(ST),Gujarat,20.574899,72.927727,locality_curated
BICHHNAPALI,KALAHANDI,Odisha,19.910721,83.188993,locality_curated
BIKRAMPUR,KALAHANDI,Odisha,19.897889,83.140954,locality_curated
SAMMATPADAR,KALAHANDI,Odisha,19.926634,83.164933,locality_curated
JAGANNATH,KALAHANDI,Odisha,19.899713,83.188334,locality_curated
HOILMADA CHOWK,KALAHANDI,Odisha,19.90333,83.185506,locality_curated
PODAPALI,KALAHANDI,Odisha,19.896198,83.1926,locality_curated
BASTIPADA OF KOMPANIGUMMA,KALAHANDI,Odisha,19.939597,83.157286,locality_curated
PATHAR,KALAHANDI,Odisha,19.909394,83.133152,locality_curated
JHARSARAM,KALAHANDI,Odisha,19.919087,83.18702,locality_curated
SARDAPUR,KALAHANDI,Odisha,19.887286,83.144523,locality_curated
GANDABAHALI,KALAHANDI,Odisha,19.93108,83.179773,locality_curated
GORLA,KALAHANDI,Odisha,19.898439,83.184286,locality_curated
KHORA,KALAHANDI,Odisha,19.882753,83.175665,locality_curated
NIMNA,KALAHANDI,Odisha,19.91943,83.144108,locality_curated
GRAM,MAHESANA,Gujarat,23.583178,72.386798,locality_curated
Ganadhal,RAICHUR(ST),Karnataka,16.211095,77.374589,locality_curated
Mirzapur,RAICHUR(ST),Karnataka,16.192585,77.378283,locality_curated
Gunderveli,RAICHUR(ST),Karnataka,16.199547,77.368693,locality_curated
Anjaneyya,RAICHUR(ST),Karnataka,16.220508,77.32762,locality_curated
mallata,RAICHUR(ST),Karnataka,16.221114,77.387644,locality_curated
Bapuru,RAICHUR(ST),Karnataka,16.19009,77.363143,locality_curated
Durga,BHAGALPUR,Bihar,25.232105,87.004933,locality_curated
Dumariya Chaparghat,BHAGALPUR,Bihar,25.271401,86.99711,locality_curated
panchmukhi Bajrangwali,BHAGALPUR,Bihar,25.249355,87.012485,locality_curated
light Raghopur,BHAGALPUR,Bihar,25.254178,87.004081,locality_curated
TOWARD,MAHESANA,Gujarat,23.620407,72.4023,locality_curated
ADARAJ,MAHESANA,Gujarat,23.598789,72.411388,locality_curated
OFFICE,MAHESANA,Gujarat,23.614128,72.400047,locality_curated
Vanimel Grama,VADAKARA,Kerala,11.570499,75.58644,locality_curated
Mau,AURANGABAD_BR,Bihar,24.755521,84.358502,locality_curated
village Kithana,JHUNJHUNU,Rajasthan,28.136672,75.369133,locality_curated
Singilipatti in Namakkal,NAMAKKAL,Tamil Nadu,11.235915,78.163636,locality_curated
Seerapalli Town,NAMAKKAL,Tamil Nadu,11.236847,78.165329,locality_curated
Gokul,MALKAJGIRI,Telangana,17.49137,78.526034,locality_curated
Chitokar,AURANGABAD_BR,Bihar,24.744002,84.340963,locality_curated
Fatehpur,AURANGABAD_BR,Bihar,24.763473,84.344617,locality_curated
sandol,HISAR,Haryana,29.164006,75.691115,locality_curated
Chidaret Songgital,TURA,Meghalaya,25.530069,90.222957,locality_curated
kurhani,MUZAFFARPUR,Bihar,26.141026,85.345215,locality_curated
working agency,BIKANER(SC),Rajasthan,28.003501,73.33809,locality_curated
Kalavad,JAMNAGAR,Gujarat,22.447853,70.060299,locality_curated
Santipur,RANAGHAT(SC),West Bengal,23.161403,88.565804,locality_curated
Bhainsmara Village Bazaar,AURANGABAD_BR,Bihar,24.768038,84.359854,locality_curated
Kabar,AURANGABAD_BR,Bihar,24.779898,84.369039,locality_curated
Surya,AURANGABAD_BR,Bihar,24.730474,84.353013,locality_curated
Bishunathpur,AURANGABAD_BR,Bihar,24.76019,84.345304,locality_curated
Koch,AURANGABAD_BR,Bihar,24.773489,84.362961,locality_curated
satghara,JHANJHARPUR,Bihar,26.278068,86.294025,locality_curated
brlha,JHANJHARPUR,Bihar,26.272523,86.263231,locality_curated
ramouli,JHANJHARPUR,Bihar,26.239652,86.262464,locality_curated
bhatsimar,JHANJHARPUR,Bihar,26.265109,86.300969,locality_curated
nahri,JHANJHARPUR,Bihar,26.258651,86.255131,locality_curated
Jat,ALWAR,Rajasthan,27.544644,76.652369,locality_curated
Narnol,ALWAR,Rajasthan,27.563954,76.653859,locality_curated
mahtha,JHANJHARPUR,Bihar,26.268787,86.259995,locality_curated
school,JHANJHARPUR,Bihar,26.277389,86.273812,locality_curated
dip,JHANJHARPUR,Bihar,26.287915,86.259488,locality_curated
phulpras,JHANJHARPUR,Bihar,26.285236,86.254225,locality_curated
Sonbarsha shah,MUZAFFARPUR,Bihar,26.13343,85.359062,locality_curated
Bardadeeh,SATNA,Madhya Pradesh,24.609185,80.857083,locality_curated
ghughchihai,SATNA,Madhya Pradesh,24.613103,80.854383,locality_curated
Meyyur,ARANI,Tamil Nadu,12.683007,79.308384,locality_curated
Irumbedu,ARANI,Tamil Nadu,12.655567,79.291564,locality_curated
Vannankulam,ARANI,Tamil Nadu,12.668337,79.297041,locality_curated
Kilvillivalam,ARANI,Tamil Nadu,12.686604,79.304129,locality_curated
Kilvelliyur,ARANI,Tamil Nadu,12.689714,79.271629,locality_curated
Kilnarma,ARANI,Tamil Nadu,12.683705,79.270545,locality_curated
Ariyathur,ARANI,Tamil Nadu,12.689746,79.270761,locality_curated
Kilsembedu,ARANI,Tamil Nadu,12.691803,79.276787,locality_curated
Karanai,ARANI,Tamil Nadu,12.665567,79.261033,locality_curated
Sennavaram,ARANI,Tamil Nadu,12.659785,79.295333,locality_curated
Kilkodungalur,ARANI,Tamil Nadu,12.693512,79.282587,locality_curated
Athipakkam,ARANI,Tamil Nadu,12.663938,79.26657,locality_curated
Thennangur,ARANI,Tamil Nadu,12.66676,79.247897,locality_curated
Brammadesam ADC,ARANI,Tamil Nadu,12.668418,79.311745,locality_curated
Abdullahpuram,ARANI,Tamil Nadu,12.681398,79.27324,locality_curated
Purisai,ARANI,Tamil Nadu,12.655917,79.291273,locality_curated
Seiyamur,ARANI,Tamil Nadu,12.673714,79.307269,locality_curated
Devimangalam,ARANI,Tamil Nadu,12.688093,79.286192,locality_curated
Gudaloor,ARANI,Tamil Nadu,12.646099,79.291698,locality_curated
Mattaperiyur,ARANI,Tamil Nadu,12.674425,79.301863,locality_curated
Kinnal,KOPPAL,Karnataka,15.368009,76.152037,locality_curated
Mohammadabad,CHELVELLA,Telangana,,,locality_curated
Julapally,CHELVELLA,Telangana,,,locality_curated
Desaipally,CHELVELLA,Telangana,,,locality_curated
Sangemkhurdu,CHELVELLA,Telangana,,,locality_curated
Sonarda,AHMEDABAD EAST,Gujarat,23.065845,72.605568,locality_curated
Saragvala,KHEDA,Gujarat,22.697375,72.689076,locality_curated
Wadaganal,KOPPAL,Karnataka,15.367606,76.168264,locality_curated
Moothanodu,ALATHUR(SC),Kerala,10.55357,76.549896,locality_curated
juratagi,KOPPAL,Karnataka,15.340898,76.164858,locality_curated
Parappuram,ALATHUR(SC),Kerala,10.566965,76.578268,locality_curated
Cherikkal,ALATHUR(SC),Kerala,10.558038,76.570224,locality_curated
Thekkekalam,ALATHUR(SC),Kerala,10.59954,76.544407,locality_curated
Aayakkodu,ALATHUR(SC),Kerala,10.597853,76.554605,locality_curated
Erakulam,ALATHUR(SC),Kerala,10.578796,76.539887,locality_curated
Iyawa,KHEDA,Gujarat,22.742289,72.701186,locality_curated
Shiva Ji,ROHTAK,Haryana,28.879765,76.591519,locality_curated
minjur town,TIRUVALLUR(SC),Tamil Nadu,13.161893,79.902179,locality_curated
Maa Brahmani Devi,KANDHAMAL,Odisha,20.058984,84.24425,locality_curated
Sundijhola,KANDHAMAL,Odisha,20.094507,84.217391,locality_curated
Maa Suradevi,KANDHAMAL,Odisha,20.077442,84.246638,locality_curated
Adanuru,CHITRADURGA(SC),Karnataka,14.203948,76.387841,locality_curated
Yalagatta Gollarahatti,CHITRADURGA(SC),Karnataka,14.243151,76.41466,locality_curated
Khandenahalli,CHITRADURGA(SC),Karnataka,14.224218,76.429486,locality_curated
Chillahalli,CHITRADURGA(SC),Karnataka,14.233672,76.383348,locality_curated
Maddakkanahalli Gollarahatti,CHITRADURGA(SC),Karnataka,14.254098,76.383408,locality_curated
Nuagan,KANDHAMAL,Odisha,20.101046,84.24631,locality_curated
Badagaon,KANDHAMAL,Odisha,20.057535,84.239292,locality_curated
Kudutuli,KANDHAMAL,Odisha,20.074012,84.221058,locality_curated
navapara,NAVSARI,Gujarat,20.945474,72.926953,locality_curated
Kadipor,NAVSARI,Gujarat,20.923983,72.971005,locality_curated
Bhulafaliya,NAVSARI,Gujarat,20.960944,72.969546,locality_curated
Dhaman,NAVSARI,Gujarat,20.945389,72.978781,locality_curated
Supa,NAVSARI,Gujarat,20.953251,72.939344,locality_curated
faliya,NAVSARI,Gujarat,20.958041,72.940273,locality_curated
Adada,NAVSARI,Gujarat,20.951642,72.933547,locality_curated
Munsad,NAVSARI,Gujarat,20.968922,72.953247,locality_curated
Singod,NAVSARI,Gujarat,20.931354,72.932417,locality_curated
Kachhol,NAVSARI,Gujarat,20.943866,72.973589,locality_curated
Todi,NAVSARI,Gujarat,20.949458,72.973016,locality_curated
Ambada,NAVSARI,Gujarat,20.939378,72.927871,locality_curated
Mausima,BHADRAK(SC),Odisha,21.056834,86.478396,locality_curated
Panchapada,BHADRAK(SC),Odisha,21.047844,86.514816,locality_curated
Danti,NAVSARI,Gujarat,20.934519,72.92747,locality_curated
Dipala,NAVSARI,Gujarat,20.937319,72.97456,locality_curated
Vansi,NAVSARI,Gujarat,20.958559,72.959331,locality_curated
Borsi,NAVSARI,Gujarat,20.9467,72.972161,locality_curated
Ubharat,NAVSARI,Gujarat,20.9467,72.976792,locality_curated
Simalgam,NAVSARI,Gujarat,20.962851,72.928197,locality_curated
Alura,NAVSARI,Gujarat,20.926079,72.971881,locality_curated
Kolasana,NAVSARI,Gujarat,20.951317,72.970449,locality_curated
Mangrol,NAVSARI,Gujarat,20.93691,72.934553,locality_curated
Mirjapor,NAVSARI,Gujarat,20.917113,72.943511,locality_curated
Nadod,NAVSARI,Gujarat,20.952781,72.978114,locality_curated
Nimlai,NAVSARI,Gujarat,20.963168,72.942226,locality_curated
parsoli,NAVSARI,Gujarat,20.975511,72.950923,locality_curated
Parujan,NAVSARI,Gujarat,20.941585,72.932898,locality_curated
Bhinar,NAVSARI,Gujarat,20.964975,72.933103,locality_curated
Bonhogla,DIAMOND HARBOUR,West Bengal,22.161369,88.19108,locality_curated
Malipukur,DIAMOND HARBOUR,West Bengal,22.176306,88.164385,locality_curated
Ellappalayam,NILGIRIS(SC),Tamil Nadu,11.507619,76.710355,locality_curated
park,BARABANKI(SC),Uttar Pradesh,26.937218,81.181253,locality_curated
Thulukkamuthur,NILGIRIS(SC),Tamil Nadu,11.492003,76.757231,locality_curated
Sevur,NILGIRIS(SC),Tamil Nadu,11.473607,76.732738,locality_curated
burja,ARAKU(ST),Andhra Pradesh,18.343686,82.852475,locality_curated
venkatapuram,ARAKU(ST),Andhra Pradesh,18.335726,82.895421,locality_curated
maripivalasa,ARAKU(ST),Andhra Pradesh,18.317391,82.868049,locality_curated
ballakristapuram,ARAKU(ST),Andhra Pradesh,18.326247,82.89001,locality_curated
burji,ARAKU(ST),Andhra Pradesh,18.348936,82.879654,locality_curated
Kachiamara,JOYNAGAR(SC),West Bengal,22.157364,88.402741,locality_curated
Nikarighata Gram,JOYNAGAR(SC),West Bengal,22.153514,88.435924,locality_curated
Gopalpur Gram,JOYNAGAR(SC),West Bengal,22.166484,88.447827,locality_curated
Itkhola Gram,JOYNAGAR(SC),West Bengal,22.195482,88.409557,locality_curated
I Gram,JOYNAGAR(SC),West Bengal,22.179507,88.447982,locality_curated
panukuvalasa,ARAKU(ST),Andhra Pradesh,18.337866,82.899677,locality_curated
pedapenki,ARAKU(ST),Andhra Pradesh,18.341656,82.865242,locality_curated
nukkalavada,ARAKU(ST),Andhra Pradesh,18.355725,82.862841,locality_curated
sivapuram,ARAKU(ST),Andhra Pradesh,18.343274,82.867132,locality_curated
Kolala,TUMKUR,Karnataka,13.336723,77.078914,locality_curated
Thandaga,TUMKUR,Karnataka,13.357403,77.104916,locality_curated
Goturu,KADAPA,Andhra Pradesh,14.461638,78.840449,locality_curated
Ramalayam,KADAPA,Andhra Pradesh,14.486631,78.829052,locality_curated
Kuppam,TIRUVANNAMALAI,Tamil Nadu,12.246977,79.067493,locality_curated
Padavedu,TIRUVANNAMALAI,Tamil Nadu,12.237081,79.08166,locality_curated
Padagam,TIRUVANNAMALAI,Tamil Nadu,12.24364,79.056578,locality_curated
Kadalady,TIRUVANNAMALAI,Tamil Nadu,12.237065,79.062234,locality_curated
Potladurthi,ANAKAPALLE,Andhra Pradesh,17.704283,83.003757,locality_curated
Jajod,SIKAR,Rajasthan,27.613061,75.161157,locality_curated
Nimeda,SIKAR,Rajasthan,27.635211,75.151668,locality_curated
Burja,SIKAR,Rajasthan,27.621302,75.166261,locality_curated
Saribujrang,NAVSARI,Gujarat,20.963304,72.935421,locality_curated
Faliya,NAVSARI,Gujarat,20.970525,72.969208,locality_curated
Khapawada,NAVSARI,Gujarat,20.942849,72.930789,locality_curated
vangam,NAVSARI,Gujarat,20.9312,72.953744,locality_curated
Antaliya,NAVSARI,Gujarat,20.943628,72.97277,locality_curated
Dhakwada,NAVSARI,Gujarat,20.966086,72.944445,locality_curated
Vasan,NAVSARI,Gujarat,20.960059,72.960595,locality_curated
Dholai,NAVSARI,Gujarat,20.942196,72.92719,locality_curated
Bhathla,NAVSARI,Gujarat,20.922069,72.969128,locality_curated
Kesali,NAVSARI,Gujarat,20.967375,72.964782,locality_curated
Vadi,NAVSARI,Gujarat,20.923266,72.944329,locality_curated
Movasa,NAVSARI,Gujarat,20.917689,72.943093,locality_curated
Kotha,NAVSARI,Gujarat,20.936994,72.938697,locality_curated
Manekpor,NAVSARI,Gujarat,20.970691,72.943653,locality_curated
Ponsri,NAVSARI,Gujarat,20.939718,72.939051,locality_curated
Melpadur,TIRUVANNAMALAI,Tamil Nadu,12.239345,79.074198,locality_curated
Namiyandal,TIRUVANNAMALAI,Tamil Nadu,12.20531,79.05692,locality_curated
Kovilur,TIRUVANNAMALAI,Tamil Nadu,12.243386,79.053412,locality_curated
Nogama,NAVSARI,Gujarat,20.931187,72.959746,locality_curated
Tankal,NAVSARI,Gujarat,20.963877,72.941805,locality_curated
Ghej,NAVSARI,Gujarat,20.936586,72.937094,locality_curated
Samroli,NAVSARI,Gujarat,20.94136,72.929068,locality_curated
Ghekti,NAVSARI,Gujarat,20.923474,72.93646,locality_curated
Minkachchh,NAVSARI,Gujarat,20.939665,72.966784,locality_curated
Thala,NAVSARI,Gujarat,20.920423,72.943398,locality_curated
Malwada,NAVSARI,Gujarat,20.942054,72.923785,locality_curated
Hond,NAVSARI,Gujarat,20.962189,72.94123,locality_curated
Chimla,NAVSARI,Gujarat,20.968554,72.947026,locality_curated
Bodvank,NAVSARI,Gujarat,20.933906,72.958681,locality_curated
Baroliya,NAVSARI,Gujarat,20.926971,72.958459,locality_curated
Saraiya,NAVSARI,Gujarat,20.931075,72.948137,locality_curated
Vanzana,NAVSARI,Gujarat,20.95075,72.921145,locality_curated
Chari,NAVSARI,Gujarat,20.946282,72.926344,locality_curated
Chasa,NAVSARI,Gujarat,20.929118,72.976097,locality_curated
Suthvad,NAVSARI,Gujarat,20.949688,72.972199,locality_curated
Tejlav,NAVSARI,Gujarat,20.943169,72.967163,locality_curated
Pipalgabhan,NAVSARI,Gujarat,20.96058,72.945069,locality_curated
Jamanpada,NAVSARI,Gujarat,20.96565,72.966742,locality_curated
Gauri,NAVSARI,Gujarat,20.940776,72.938995,locality_curated
Bahej,NAVSARI,Gujarat,20.928495,72.93035,locality_curated
Debarpada,NAVSARI,Gujarat,20.938656,72.984146,locality_curated
Vadpada,NAVSARI,Gujarat,20.958846,72.924111,locality_curated
Achhavni,NAVSARI,Gujarat,20.936272,72.968554,locality_curated
Durgamata,CHHINDWARA,Madhya Pradesh,22.057826,78.911862,locality_curated
Dhola Kuwa,KHEDA,Gujarat,22.701149,72.710978,locality_curated
Narpura,ANAND,Gujarat,22.558194,72.948732,locality_curated
Junifot,JAMNAGAR,Gujarat,22.48752,70.066188,locality_curated
Sherpur,MUZAFFARPUR,Bihar,26.128794,85.381955,locality_curated
Purushottam pur,MUZAFFARPUR,Bihar,26.116056,85.388066,locality_curated
Kalidhura,DARJEELING,West Bengal,27.014092,88.25968,locality_curated
Talarisingi,ARAKU(ST),Andhra Pradesh,18.354642,82.881042,locality_curated
palagara,ARAKU(ST),Andhra Pradesh,18.325207,82.889893,locality_curated
Haludkanali,BANKURA,West Bengal,23.244248,87.099535,locality_curated
Bamsuguda,ARAKU(ST),Andhra Pradesh,18.316736,82.881417,locality_curated
devarapali,ARAKU(ST),Andhra Pradesh,18.309468,82.876123,locality_curated
Pindi,SANGRUR,Punjab,30.251383,75.82271,locality_curated
Balaji,MUMBAI SOUTH CENTRAL,Maharashtra,19.010681,72.848299,locality_curated
Vitthal Rakumai,MUMBAI SOUTH CENTRAL,Maharashtra,19.007004,72.814798,locality_curated
Kumaradevam,RAJAHMUNDRY,Andhra Pradesh,17.030745,81.801233,locality_curated
Chagallu,RAJAHMUNDRY,Andhra Pradesh,16.984047,81.806112,locality_curated
Rangampeta,RAJAHMUNDRY,Andhra Pradesh,17.0502611,81.9975397,nominatim
Santra Bazer Gopal,MATHURAPUR(SC),West Bengal,22.090784,88.410667,locality_curated
Vallioor Town,TIRUNELVELI,Tamil Nadu,8.739919,77.763753,locality_curated
Pariyarathukulangara,MAVELIKKARA(SC),Kerala,9.28629,76.54665,locality_curated
Kharauna dih,MUZAFFARPUR,Bihar,26.142988,85.383238,locality_curated
Iruligaradaddi,BANGALORE RURAL,Karnataka,13.126576,77.397895,locality_curated
Raigaon,SATNA,Madhya Pradesh,24.582393,80.819756,locality_curated
Kunabevu,CHITRADURGA(SC),Karnataka,14.236788,76.379645,locality_curated
Belagere,CHITRADURGA(SC),Karnataka,14.201907,76.383443,locality_curated
Ballanayakanahatti,CHITRADURGA(SC),Karnataka,14.243652,76.40271,locality_curated
Mallurahalli,CHITRADURGA(SC),Karnataka,14.219915,76.415305,locality_curated
Moldi,AMRELI,Gujarat,21.61299,71.254316,locality_curated
JYATHI,RAJAMPET,Andhra Pradesh,14.182812,79.148457,locality_curated
Chippalkatti,BELGAUM,Karnataka,15.833127,74.507372,locality_curated
kamakeri,BELGAUM,Karnataka,15.881486,74.507813,locality_curated
Baudimata,NABARANGPUR(ST),Odisha,19.21002,82.527455,locality_curated
Maa Sonadei,NABARANGPUR(ST),Odisha,19.246689,82.533118,locality_curated
panwar,SHIMLA (SC),Himachal Pradesh,31.116332,77.145786,locality_curated
Siba,NABARANGPUR(ST),Odisha,19.226636,82.524354,locality_curated
Bhairab,NABARANGPUR(ST),Odisha,19.219456,82.529272,locality_curated
Alekha,NABARANGPUR(ST),Odisha,19.246834,82.557411,locality_curated
Krishna,NABARANGPUR(ST),Odisha,19.253349,82.537485,locality_curated
Mawalamma,NABARANGPUR(ST),Odisha,19.204372,82.538543,locality_curated
Jagannath,NABARANGPUR(ST),Odisha,19.253815,82.552125,locality_curated
Aavikkal J B,VADAKARA,Kerala,11.572263,75.57701,locality_curated
MAHULARA,FAIZABAD,Uttar Pradesh,26.794761,82.141366,locality_curated
Azamgadh,SITAMARHI,Bihar,26.607276,85.471101,locality_curated
Basti,SHIMLA (SC),Himachal Pradesh,31.118906,77.145982,locality_curated
Stage,SHIMLA (SC),Himachal Pradesh,31.106196,77.204502,locality_curated
Bhawan,SHIMLA (SC),Himachal Pradesh,31.091852,77.178607,locality_curated
Guga Maharaj,SHIMLA (SC),Himachal Pradesh,31.090964,77.16907,locality_curated
Babupur,SATNA,Madhya Pradesh,24.579139,80.816354,locality_curated
Mednipur me,SATNA,Madhya Pradesh,24.625665,80.85158,locality_curated
Via,SHIMLA (SC),Himachal Pradesh,31.134695,77.162725,locality_curated
Nag Devta,SHIMLA (SC),Himachal Pradesh,31.121875,77.174795,locality_curated
Hari,SHIMLA (SC),Himachal Pradesh,31.098396,77.205797,locality_curated
channarayapattana,HASSAN,Karnataka,12.989736,76.110571,locality_curated
Khalagram Gram,BANKURA,West Bengal,23.245082,87.056652,locality_curated
Teinem,OUTER MANIPUR(ST),Manipur,24.994569,94.225957,locality_curated
Phalee,OUTER MANIPUR(ST),Manipur,25.013592,94.198159,locality_curated
Kadbal,JAMNAGAR,Gujarat,22.489473,70.046898,locality_curated
Mongkot Chepu,OUTER MANIPUR(ST),Manipur,25.010483,94.214805,locality_curated
Bawdidal,JAMNAGAR,Gujarat,22.479616,70.085723,locality_curated
Domeshwar,SHIMLA (SC),Himachal Pradesh,31.079339,77.174958,locality_curated
Shekhpur,MUZAFFARPUR,Bihar,26.108139,85.336807,locality_curated
Sitala,RANAGHAT(SC),West Bengal,23.196951,88.557846,locality_curated
Ranaghat,RANAGHAT(SC),West Bengal,23.201855,88.554,locality_curated
within Thanamakua,HOWRAH,West Bengal,22.581796,88.282331,locality_curated
Srisai,MALKAJGIRI,Telangana,17.450252,78.526504,locality_curated
Hatigarh Siva,JORHAT,Assam,26.767149,94.185175,locality_curated
Durga,JORHAT,Assam,26.733262,94.223004,locality_curated
AMAWACHEETAN NAGAR,FAIZABAD,Uttar Pradesh,26.797205,82.165796,locality_curated
Shiv,CHATRA,Jharkhand,24.193081,84.88617,locality_curated
Nawatola in Gram,KORBA,Chhattisgarh,22.38489,82.751059,locality_curated
Pallapatty,DINDIGUL,Tamil Nadu,10.360319,77.949371,locality_curated
Kurumbapatti,DINDIGUL,Tamil Nadu,10.378786,77.970082,locality_curated
Balakrishnapuram,DINDIGUL,Tamil Nadu,10.353625,77.947422,locality_curated
Periyakottai,DINDIGUL,Tamil Nadu,10.387168,77.96228,locality_curated
Tamaraipadi,DINDIGUL,Tamil Nadu,10.348695,77.955072,locality_curated
Padampur,MAINPURI,Uttar Pradesh,27.236459,79.033591,locality_curated
Imaliya,MAINPURI,Uttar Pradesh,27.238502,79.033512,locality_curated
Chhacha,MAINPURI,Uttar Pradesh,27.226466,79.044354,locality_curated
Gadhiya,MAINPURI,Uttar Pradesh,27.251523,79.031711,locality_curated
Palia,MAINPURI,Uttar Pradesh,27.240349,79.001207,locality_curated
Paraukha,MAINPURI,Uttar Pradesh,27.243342,78.993687,locality_curated
senthurai,DINDIGUL,Tamil Nadu,10.353185,77.998331,locality_curated
Sapti,HINGOLI,Maharashtra,19.722425,77.131811,locality_curated
Kanavaipatty,DINDIGUL,Tamil Nadu,10.387437,77.972625,locality_curated
Ginja village,MAINPURI,Uttar Pradesh,27.24234,79.003254,locality_curated
Avilipatty,DINDIGUL,Tamil Nadu,10.347517,77.95147,locality_curated
soosaiyappar,DINDIGUL,Tamil Nadu,10.385142,77.954486,locality_curated
Amottukonam Chamundeswari,THIRUVANANTHAPURAM,Kerala,8.507654,76.956419,locality_curated
Pattiveeranpatty Town,DINDIGUL,Tamil Nadu,10.35789,77.98361,locality_curated
Kaliyamman,DINDIGUL,Tamil Nadu,10.375182,77.981617,locality_curated
Santra para  Kali,ARAMBAG(SC),West Bengal,,,locality_curated
Kharjurbandhi Mulluk Primary,ARAMBAG(SC),West Bengal,,,locality_curated
Kutubchak,ARAMBAG(SC),West Bengal,,,locality_curated
Shasan,ARAMBAG(SC),West Bengal,,,locality_curated
Sevugampatty Town,DINDIGUL,Tamil Nadu,10.386529,77.970357,locality_curated
Ammainaickanur Town,DINDIGUL,Tamil Nadu,10.35577,77.945994,locality_curated
PANCHSHIB,ARAMBAG(SC),West Bengal,,,locality_curated
Kammalaptti panchayat Pappinayakanahalli,DHARAMAPURI,Tamil Nadu,,,locality_curated
Jittandahalli panchayat Madagari,DHARAMAPURI,Tamil Nadu,,,locality_curated
WITHIN,ARAMBAG(SC),West Bengal,,,locality_curated
Vrindavan High,THIRUVANANTHAPURAM,Kerala,8.535709,76.907545,locality_curated
Majhui,ROBERTSGANJ(SC),Uttar Pradesh,24.694338,83.093641,locality_curated
Haji Saheb,ROBERTSGANJ(SC),Uttar Pradesh,24.690845,83.049466,locality_curated
Sinduria,ROBERTSGANJ(SC),Uttar Pradesh,24.707581,83.039825,locality_curated
Dhibba,TIRUPATI(SC),Andhra Pradesh,13.645014,79.419491,locality_curated
Ground,SHIMLA (SC),Himachal Pradesh,31.119406,77.160546,locality_curated
Rachapudi,BAPATLA,Andhra Pradesh,15.88468,80.477029,locality_curated
PALODAR,MAHESANA,Gujarat,23.618155,72.377963,locality_curated
POYADA,MAHESANA,Gujarat,23.621178,72.384547,locality_curated
KASALPUR,MAHESANA,Gujarat,23.605154,72.364529,locality_curated
DETHALI,MAHESANA,Gujarat,23.593727,72.400471,locality_curated
DELWADA,MAHESANA,Gujarat,23.618815,72.3599,locality_curated
SAPAVADA,MAHESANA,Gujarat,23.616241,72.414554,locality_curated
BECHARAJI,MAHESANA,Gujarat,23.599536,72.404753,locality_curated
JAGUDAN,MAHESANA,Gujarat,23.618797,72.407694,locality_curated
VENPURA,MAHESANA,Gujarat,23.607157,72.358045,locality_curated
KHARSADA,MAHESANA,Gujarat,23.617836,72.415229,locality_curated
Palliyaparambu,THIRUVANANTHAPURAM,Kerala,8.522604,76.914972,locality_curated
Madathingal Devi,THIRUVANANTHAPURAM,Kerala,8.509231,76.952723,locality_curated
AKG Nagar,THIRUVANANTHAPURAM,Kerala,8.540379,76.941949,locality_curated
Thampuran,THIRUVANANTHAPURAM,Kerala,8.517408,76.911346,locality_curated
Jambuda,JUNAGADH,Gujarat,21.520135,70.483273,locality_curated
Nazneenpora Sheikh,SRINAGAR,Jammu And Kashmir,34.102126,74.815969,locality_curated
kirkiri,ARRAH,Bihar,25.587132,84.664604,locality_curated
Mahthin Mai,ARRAH,Bihar,25.579305,84.686513,locality_curated
bhairav,AJMER,Rajasthan,26.474273,74.626623,locality_curated
Lachodi,KANGRA,Himachal Pradesh,32.068672,76.271026,locality_curated
shrikrushn,AMRAVATI(SC),Maharashtra,20.947831,77.762484,locality_curated
Dariya,KODARMA,Jharkhand,24.536854,85.721588,locality_curated
HANUMANBARI,VALSAD(ST),Gujarat,20.619187,72.92332,locality_curated
KATSVEL GRAM,VALSAD(ST),Gujarat,20.59257,72.958902,locality_curated
Bhalgam,JUNAGADH,Gujarat,21.513253,70.478526,locality_curated
office,JUNAGADH,Gujarat,21.50157,70.452371,locality_curated
Vekariya,JUNAGADH,Gujarat,21.548011,70.44669,locality_curated
Sukhpur,JUNAGADH,Gujarat,21.499201,70.466413,locality_curated
KHATAAMBHA,VALSAD(ST),Gujarat,20.57828,72.922317,locality_curated
MANDAVKHADAK PATEL,VALSAD(ST),Gujarat,20.628024,72.934737,locality_curated
RUMLA,VALSAD(ST),Gujarat,20.623308,72.91933,locality_curated
KHUDVEL,VALSAD(ST),Gujarat,20.595117,72.919934,locality_curated
DHAMDHUMA,VALSAD(ST),Gujarat,20.623953,72.938863,locality_curated
TORANVERA,VALSAD(ST),Gujarat,20.609178,72.921036,locality_curated
PATI,VALSAD(ST),Gujarat,20.606988,72.96525,locality_curated
PANIKHADAK,VALSAD(ST),Gujarat,20.586444,72.951029,locality_curated
village Ladpur,SIKAR,Rajasthan,27.592982,75.163614,locality_curated
Sapati Petpura Gram,AMRAVATI(SC),Maharashtra,20.927385,77.724278,locality_curated
Naya,AMRAVATI(SC),Maharashtra,20.934543,77.7264,locality_curated
TAKIYA,AMBEDKAR NAGAR,Uttar Pradesh,26.431324,82.600456,locality_curated
PARVARBHARI,AMBEDKAR NAGAR,Uttar Pradesh,26.4246,82.619671,locality_curated
DILAWALPUR,AMBEDKAR NAGAR,Uttar Pradesh,26.457928,82.584991,locality_curated
FATEHPUR,AMBEDKAR NAGAR,Uttar Pradesh,26.459723,82.621947,locality_curated
CHANDPUR BHATPURA,AMBEDKAR NAGAR,Uttar Pradesh,26.449714,82.624466,locality_curated
Hanuman,CHHINDWARA,Madhya Pradesh,22.039418,78.9256,locality_curated
Harsiddhi Mata,AHMEDABAD EAST,Gujarat,23.03362,72.603608,locality_curated
Bilkha,JUNAGADH,Gujarat,21.511311,70.432798,locality_curated
Navagam,JUNAGADH,Gujarat,21.537535,70.46294,locality_curated
Mandanpara,JUNAGADH,Gujarat,21.50116,70.450112,locality_curated
Bela,JUNAGADH,Gujarat,21.532098,70.437019,locality_curated
Chorvadi,JUNAGADH,Gujarat,21.534837,70.471018,locality_curated
Khadiya,JUNAGADH,Gujarat,21.524765,70.475308,locality_curated
Avtadiya,JUNAGADH,Gujarat,21.500983,70.46444,locality_curated
Sahara,MAINPURI,Uttar Pradesh,27.213763,78.998024,locality_curated
Bhati,MAINPURI,Uttar Pradesh,27.248881,79.021833,locality_curated
Chandradevi,BIJAPUR(SC),Karnataka,16.812241,75.702419,locality_curated
TENDNI,BALAGHAT,Madhya Pradesh,21.800561,80.190157,locality_curated
dhurguda,BASTAR(ST),Chhattisgarh,19.315347,81.723223,locality_curated
Atmanand,KORBA,Chhattisgarh,22.342364,82.756121,locality_curated
Theertham Sivan,VELLORE,Tamil Nadu,12.895148,79.121338,locality_curated
Kali,DIAMOND HARBOUR,West Bengal,22.211961,88.169382,locality_curated
Naikaneri,VELLORE,Tamil Nadu,12.901822,79.138892,locality_curated
Melmoil Govt Elementary,VELLORE,Tamil Nadu,12.92049,79.151757,locality_curated
Thattimanapalli,VELLORE,Tamil Nadu,12.915664,79.107929,locality_curated
Sethuvandai,VELLORE,Tamil Nadu,12.944606,79.142995,locality_curated
Gudiyatham Road Jaffrapet,VELLORE,Tamil Nadu,12.921208,79.113128,locality_curated
Latteri,VELLORE,Tamil Nadu,12.926251,79.156067,locality_curated
Mukkundram,VELLORE,Tamil Nadu,12.898758,79.116111,locality_curated
Sempalli,VELLORE,Tamil Nadu,12.922962,79.163691,locality_curated
Kalambattu,VELLORE,Tamil Nadu,12.942562,79.13437,locality_curated
Puram,VELLORE,Tamil Nadu,12.886216,79.129234,locality_curated
Lakshamanapuram Sevur,VELLORE,Tamil Nadu,12.920797,79.109817,locality_curated
Annan Nagar Agraharam,VELLORE,Tamil Nadu,12.940699,79.115754,locality_curated
PWD Nagar Vanjur,VELLORE,Tamil Nadu,12.923332,79.118128,locality_curated
house,BHADRAK(SC),Odisha,21.085242,86.498831,locality_curated
yogapatti nagar,VALMIKI NAGAR,Bihar,27.069247,84.322971,locality_curated
BASANT,FAIZABAD,Uttar Pradesh,26.75955,82.157322,locality_curated
siktiahi,JHANJHARPUR,Bihar,26.285416,86.290083,locality_curated
dhanchhiha,JHANJHARPUR,Bihar,26.282717,86.257238,locality_curated
Teegalakuntapally,KARIMNAGAR,Telangana,18.457237,79.129486,locality_curated
Keeel Bagam,KARUR,Tamil Nadu,10.942531,78.102157,locality_curated
Bamunimaidam  Sarbajanin Durga,GUWAHATI,Assam,26.154238,91.767704,locality_curated
Lodahapaw,KOKRAJHAR (ST),Assam,26.417419,90.254171,locality_curated
Ancholik Brahma,KOKRAJHAR (ST),Assam,26.408417,90.250628,locality_curated
Rajpara,KOKRAJHAR (ST),Assam,26.415898,90.24097,locality_curated
Ram,SHIMLA (SC),Himachal Pradesh,31.12982,77.187652,locality_curated
Devi,SHIMLA (SC),Himachal Pradesh,31.122233,77.153739,locality_curated
Muqdam,ANANTNAG,Jammu And Kashmir,33.721269,75.161376,locality_curated
Konndayamkuppam,ARANI,Tamil Nadu,12.655626,79.260428,locality_curated
Periyakuppam,ARANI,Tamil Nadu,12.650498,79.277263,locality_curated
Kalleripattu,ARANI,Tamil Nadu,12.666253,79.303683,locality_curated
School,BHADRAK(SC),Odisha,21.077352,86.494681,locality_curated
Sahi,BHADRAK(SC),Odisha,21.05856,86.521164,locality_curated
Thanda,RAJAMPET,Andhra Pradesh,14.175729,79.137429,locality_curated
Santhia,BHADRAK(SC),Odisha,21.034718,86.48443,locality_curated
Thippamagaripalli,RAJAMPET,Andhra Pradesh,14.172214,79.141983,locality_curated
culvert,BHADRAK(SC),Odisha,21.03049,86.491326,locality_curated
Bajipur Primary,BHADRAK(SC),Odisha,21.063303,86.482016,locality_curated
High,BHADRAK(SC),Odisha,21.073429,86.507991,locality_curated
nanded me,UJJAIN(SC),Madhya Pradesh,23.203426,75.778356,locality_curated
Trinath,BHADRAK(SC),Odisha,21.038965,86.484442,locality_curated
Press,HYDERABAD,Telangana,17.39324,78.460124,locality_curated
Isapur,JUNAGADH,Gujarat,21.551153,70.446572,locality_curated
Ambaliya,JUNAGADH,Gujarat,21.534757,70.438623,locality_curated
Bandhala,JUNAGADH,Gujarat,21.507507,70.472628,locality_curated
Vadal,JUNAGADH,Gujarat,21.505517,70.430286,locality_curated
Bhiyal,JUNAGADH,Gujarat,21.492363,70.460143,locality_curated
Choki,JUNAGADH,Gujarat,21.543923,70.481251,locality_curated
Phansat,RATNAGIRI-SINDHUDURG,Maharashtra,,,locality_curated
Padariya,JUNAGADH,Gujarat,21.498606,70.437362,locality_curated
Kerala,JUNAGADH,Gujarat,21.507926,70.433344,locality_curated
Jhalansar,JUNAGADH,Gujarat,21.517948,70.436397,locality_curated
Dubachaturi in Tarago,BHADRAK(SC),Odisha,21.02951,86.499084,locality_curated
Herur,BANGALORE RURAL,Karnataka,13.13591,77.398734,locality_curated
Mahadevamma,BANGALORE RURAL,Karnataka,13.1287,77.387372,locality_curated
Senthamangalam town,NAMAKKAL,Tamil Nadu,11.206222,78.19192,locality_curated
Mallasamuthiram town,NAMAKKAL,Tamil Nadu,11.228992,78.142291,locality_curated
Olappalayam,NAMAKKAL,Tamil Nadu,11.23313,78.178357,locality_curated
Kaalappanaiykanpatti Town,NAMAKKAL,Tamil Nadu,11.239735,78.158744,locality_curated
Sarjapura,BANGALORE RURAL,Karnataka,13.133163,77.399396,locality_curated
Gharami Para Janajar,DIAMOND HARBOUR,West Bengal,22.165685,88.183937,locality_curated
Ayyalur Town,KARUR,Tamil Nadu,10.962999,78.052555,locality_curated
shelter Sithanavasal,KARUR,Tamil Nadu,10.936716,78.057312,locality_curated
Illuppur Town,KARUR,Tamil Nadu,10.973552,78.072148,locality_curated
Aravakurichchi Town,KARUR,Tamil Nadu,10.945877,78.071893,locality_curated
Pugalur Town,KARUR,Tamil Nadu,10.947083,78.06287,locality_curated
Sevalpatti,KARUR,Tamil Nadu,10.945643,78.058415,locality_curated
Kottapalli,RAJAMPET,Andhra Pradesh,14.169154,79.179974,locality_curated
Balasanivandlapalli,RAJAMPET,Andhra Pradesh,14.208081,79.175294,locality_curated
Rameswar,JAJPUR(SC),Odisha,20.871863,86.328525,locality_curated
Gurrappagaripalli,RAJAMPET,Andhra Pradesh,14.168562,79.149349,locality_curated
Ailakundi under Anchuri,BANKURA,West Bengal,23.238159,87.04086,locality_curated
MODEL,BAREILLY,Uttar Pradesh,28.343316,79.413581,locality_curated
Adidravidar,TIRUVANNAMALAI,Tamil Nadu,12.22706,79.048952,locality_curated
Melmudiyanur,TIRUVANNAMALAI,Tamil Nadu,12.201639,79.073431,locality_curated
Munnurmangalam,TIRUVANNAMALAI,Tamil Nadu,12.206156,79.079584,locality_curated
Rajiv Gandhi,TIRUVANNAMALAI,Tamil Nadu,12.239888,79.089627,locality_curated
Navambattu,TIRUVANNAMALAI,Tamil Nadu,12.214417,79.099711,locality_curated
Perieri,TIRUVANNAMALAI,Tamil Nadu,12.227389,79.050273,locality_curated
Chaupal,SONEPAT,Haryana,29.002784,77.124815,locality_curated
Perumugai,VELLORE,Tamil Nadu,12.906579,79.147037,locality_curated
Chinnasalem Town,KALLAKURICHI,Tamil Nadu,11.731722,78.946576,locality_curated
Nainarpalaiyam,KALLAKURICHI,Tamil Nadu,11.768354,78.968149,locality_curated
Thiyagadurugam Town,KALLAKURICHI,Tamil Nadu,11.742457,78.943424,locality_curated
Nagalur,KALLAKURICHI,Tamil Nadu,11.734149,78.949501,locality_curated
Devapandalam,KALLAKURICHI,Tamil Nadu,11.723022,78.964047,locality_curated
Ariyalur,KALLAKURICHI,Tamil Nadu,11.724717,78.97788,locality_curated
Manalurpet Town,KALLAKURICHI,Tamil Nadu,11.756414,78.969141,locality_curated
Ariyur,KALLAKURICHI,Tamil Nadu,11.749777,78.933181,locality_curated
Pudupattu,KALLAKURICHI,Tamil Nadu,11.729213,78.989061,locality_curated
sadar,GHAZIPUR,Uttar Pradesh,25.549236,83.600429,locality_curated
karanda,GHAZIPUR,Uttar Pradesh,25.559645,83.58,locality_curated
Jakhaniya,GHAZIPUR,Uttar Pradesh,25.554793,83.568325,locality_curated
Kanappadi,KARUR,Tamil Nadu,10.944706,78.079083,locality_curated
pt Vaiyamaptti,KARUR,Tamil Nadu,10.970274,78.066592,locality_curated
varora shiv,GIRIDIH,Jharkhand,24.177343,86.323307,locality_curated
jamdiha,GIRIDIH,Jharkhand,24.169623,86.312614,locality_curated
sundarpahadi,GIRIDIH,Jharkhand,24.190862,86.283335,locality_curated
barbad,GIRIDIH,Jharkhand,24.169985,86.333679,locality_curated
Bhunwadi,NAVSARI,Gujarat,20.942916,72.93294,locality_curated
Dandesar,NAVSARI,Gujarat,20.947621,72.980247,locality_curated
Mahudi,NAVSARI,Gujarat,20.967521,72.931211,locality_curated
Navapara,NAVSARI,Gujarat,20.929962,72.960357,locality_curated
Puni,NAVSARI,Gujarat,20.91618,72.957762,locality_curated
Sahu,NAVSARI,Gujarat,20.94778,72.97406,locality_curated
Ugat,NAVSARI,Gujarat,20.949337,72.925138,locality_curated
Vachharvad,NAVSARI,Gujarat,20.960442,72.98088,locality_curated
Ajrai,NAVSARI,Gujarat,20.954362,72.96882,locality_curated
Bigri,NAVSARI,Gujarat,20.920214,72.959071,locality_curated
Deshad,NAVSARI,Gujarat,20.918272,72.963685,locality_curated
kesali,NAVSARI,Gujarat,20.970931,72.946957,locality_curated
Khapariya,NAVSARI,Gujarat,20.935292,72.966558,locality_curated
Matwav,NAVSARI,Gujarat,20.963839,72.935476,locality_curated
Vagalvad,NAVSARI,Gujarat,20.953489,72.966268,locality_curated
Vaghrech,NAVSARI,Gujarat,20.963409,72.933473,locality_curated
Valoti,NAVSARI,Gujarat,20.955762,72.931192,locality_curated
Vegam,NAVSARI,Gujarat,20.966654,72.934698,locality_curated
badkitanr kali,GIRIDIH,Jharkhand,24.174463,86.285588,locality_curated
Balwada,NAVSARI,Gujarat,20.933533,72.941376,locality_curated
Barolia,NAVSARI,Gujarat,20.958494,72.940224,locality_curated
Chikhli,NAVSARI,Gujarat,20.932431,72.967821,locality_curated
Chitali,NAVSARI,Gujarat,20.931486,72.961405,locality_curated
Majigam,NAVSARI,Gujarat,20.934156,72.971913,locality_curated
Maliadhara,NAVSARI,Gujarat,20.967344,72.948499,locality_curated
Sadakpor,NAVSARI,Gujarat,20.965203,72.959605,locality_curated
Soldhara,NAVSARI,Gujarat,20.929547,72.937127,locality_curated
Sunthwad,NAVSARI,Gujarat,20.952713,72.921711,locality_curated
Talavchora,NAVSARI,Gujarat,20.945892,72.976776,locality_curated
Undhwal,NAVSARI,Gujarat,20.928193,72.929992,locality_curated
Vanzna,NAVSARI,Gujarat,20.947499,72.976487,locality_curated
Achhavani,NAVSARI,Gujarat,20.963072,72.954777,locality_curated
Bhervi,NAVSARI,Gujarat,20.948447,72.978752,locality_curated
Chimanpada,NAVSARI,Gujarat,20.968661,72.931558,locality_curated
Nandhai,NAVSARI,Gujarat,20.95649,72.934553,locality_curated
Naranpor,NAVSARI,Gujarat,20.950165,72.934544,locality_curated
panaj,NAVSARI,Gujarat,20.973032,72.953972,locality_curated
Ruzavni,NAVSARI,Gujarat,20.950012,72.97439,locality_curated
Vad,NAVSARI,Gujarat,20.9467,72.92499,locality_curated
Vav,NAVSARI,Gujarat,20.931743,72.966934,locality_curated
Pethanayakan palayam Town,KALLAKURICHI,Tamil Nadu,11.751305,78.967877,locality_curated
Karutharajapalayam,KALLAKURICHI,Tamil Nadu,11.745135,78.946561,locality_curated
kherabeda,GIRIDIH,Jharkhand,24.180366,86.332423,locality_curated
Ronaj,JUNAGADH,Gujarat,21.498227,70.468312,locality_curated
Gundavali Gram,BHIWANDI,Maharashtra,19.320269,73.04359,locality_curated
PURAMPANCHANI MADAN NADA,ATTINGAL,Kerala,8.665983,76.804531,locality_curated
OFFICE,CUTTACK,Odisha,20.441178,85.885998,locality_curated
SASTREEJEE UGME,CUTTACK,Odisha,20.485297,85.895198,locality_curated
Sapamirza,DIAMOND HARBOUR,West Bengal,22.201728,88.201811,locality_curated
others,SIRSA(SC),Haryana,29.546255,75.060437,locality_curated
Ram,SIRSA(SC),Haryana,29.542504,75.050219,locality_curated
Kumar,SIRSA(SC),Haryana,29.553785,75.042461,locality_curated
SHITALA,ARAMBAG(SC),West Bengal,,,locality_curated
Kannugudi East,THANJAVUR,Tamil Nadu,10.812735,79.142892,locality_curated
Mela Ulur,THANJAVUR,Tamil Nadu,10.797291,79.109016,locality_curated
Gorana,JAMNAGAR,Gujarat,22.454068,70.05991,locality_curated
Rinari,JAMNAGAR,Gujarat,22.475784,70.075694,locality_curated
Perumagalur Town,THANJAVUR,Tamil Nadu,10.813861,79.131487,locality_curated
Pithdiya,JAMNAGAR,Gujarat,22.454096,70.073878,locality_curated
Juwanpar,JAMNAGAR,Gujarat,22.446052,70.039023,locality_curated
Banga,JAMNAGAR,Gujarat,22.458765,70.07837,locality_curated
Charantungi,JAMNAGAR,Gujarat,22.493981,70.06687,locality_curated
Vavdi,JAMNAGAR,Gujarat,22.450166,70.038384,locality_curated
Rangpar,JAMNAGAR,Gujarat,22.481627,70.083059,locality_curated
Nanduri,JAMNAGAR,Gujarat,22.458613,70.067557,locality_curated
Khadba,JAMNAGAR,Gujarat,22.452333,70.043259,locality_curated
Kanvirdi,JAMNAGAR,Gujarat,22.480925,70.038534,locality_curated
Apia,JAMNAGAR,Gujarat,22.461203,70.069948,locality_curated
Ashapura,JAMNAGAR,Gujarat,22.489647,70.076162,locality_curated
Khimlia,JAMNAGAR,Gujarat,22.489377,70.080951,locality_curated
Morkanda,JAMNAGAR,Gujarat,22.463922,70.028281,locality_curated
Shekhpat,JAMNAGAR,Gujarat,22.44728,70.058142,locality_curated
Jagannath,BARGARH,Odisha,21.224011,83.537269,locality_curated
Shiba,BARGARH,Odisha,21.250787,83.542078,locality_curated
Budge I,DIAMOND HARBOUR,West Bengal,22.208957,88.192514,locality_curated
Arpakkam,KANCHEEPURAM(SC),Tamil Nadu,12.79692,79.716072,locality_curated
Mettupalayam Town,TIRUPPUR,Tamil Nadu,11.098982,77.320298,locality_curated
Lalpur,JAMNAGAR,Gujarat,22.482541,70.085179,locality_curated
Azhukuli,TIRUPPUR,Tamil Nadu,11.12931,77.351443,locality_curated
Gettisamudram,TIRUPPUR,Tamil Nadu,11.126794,77.354645,locality_curated
kasipalayam Town,TIRUPPUR,Tamil Nadu,11.107095,77.368422,locality_curated
Motaitala,JAMNAGAR,Gujarat,22.459548,70.048606,locality_curated
Jalasarapur,JAJPUR(SC),Odisha,20.861506,86.328744,locality_curated
Karlabahali,BARGARH,Odisha,21.224601,83.53568,locality_curated
Kharedi,JAMNAGAR,Gujarat,22.498353,70.058222,locality_curated
Savli,JAMNAGAR,Gujarat,22.448542,70.043856,locality_curated
Vinjalpar,JAMNAGAR,Gujarat,22.484998,70.072128,locality_curated
Motavadala,JAMNAGAR,Gujarat,22.456123,70.066444,locality_curated
karivalamvanthanallur,TENKASI(SC),Tamil Nadu,9.441648,77.614481,locality_curated
Panaiyur,TENKASI(SC),Tamil Nadu,9.433735,77.613298,locality_curated
Natrampalli Town,TIRUVANNAMALAI,Tamil Nadu,12.22207,79.106145,locality_curated
Vettapattu,TIRUVANNAMALAI,Tamil Nadu,12.20826,79.067656,locality_curated
Paniyandapalli,TIRUVANNAMALAI,Tamil Nadu,12.232545,79.053172,locality_curated
Velakalnatham,TIRUVANNAMALAI,Tamil Nadu,12.198202,79.081613,locality_curated
Kaveripattu,TIRUVANNAMALAI,Tamil Nadu,12.2179,79.062583,locality_curated
Mandalavadi,TIRUVANNAMALAI,Tamil Nadu,12.245663,79.080283,locality_curated
Chinna Mookanur,TIRUVANNAMALAI,Tamil Nadu,12.226231,79.101969,locality_curated
Ammaiyappanagar,TIRUVANNAMALAI,Tamil Nadu,12.211615,79.075189,locality_curated
Elagiri Village,TIRUVANNAMALAI,Tamil Nadu,12.236705,79.047208,locality_curated
Thoppalagunda,TIRUVANNAMALAI,Tamil Nadu,12.24452,79.071585,locality_curated
Nayanaseruvu,TIRUVANNAMALAI,Tamil Nadu,12.221124,79.08785,locality_curated
Nallakindanapalli,TIRUVANNAMALAI,Tamil Nadu,12.229768,79.103561,locality_curated
Periyagaram,TIRUVANNAMALAI,Tamil Nadu,12.242782,79.054834,locality_curated
Kathirimangalam,TIRUVANNAMALAI,Tamil Nadu,12.246522,79.087237,locality_curated
Panamadangi,VELLORE,Tamil Nadu,12.901263,79.149264,locality_curated
Sardar Patel,RAE BARELI,Uttar Pradesh,26.241894,81.253666,locality_curated
Madhupur,RAE BARELI,Uttar Pradesh,26.194985,81.254677,locality_curated
Shiv,GIRIDIH,Jharkhand,24.185721,86.331063,locality_curated
Telo Tand Kaali,GIRIDIH,Jharkhand,24.179584,86.284106,locality_curated
bahera kudar,GIRIDIH,Jharkhand,24.19534,86.32932,locality_curated
Sareisasan,JAGATSINGHPUR(SC),Odisha,20.272595,86.147529,locality_curated
Sankharisahi,JAGATSINGHPUR(SC),Odisha,20.237293,86.186855,locality_curated
Kulakaijanga,JAGATSINGHPUR(SC),Odisha,20.25131,86.193611,locality_curated
Pahadi,GIRIDIH,Jharkhand,24.177329,86.335073,locality_curated
Murlidih Durga,GIRIDIH,Jharkhand,24.196476,86.332117,locality_curated
Gollaguda,CHELVELLA,Telangana,,,locality_curated
Gollapally,CHELVELLA,Telangana,,,locality_curated
Mandoshi,BHIWANDI,Maharashtra,19.289706,73.048557,locality_curated
Pallickathodu Grama,PATHANAMTHITTA,Kerala,9.27715,76.780008,locality_curated
Karukachal Grama,PATHANAMTHITTA,Kerala,9.261778,76.773071,locality_curated
Vazhoor Grama,PATHANAMTHITTA,Kerala,9.24185,76.774166,locality_curated
Gangwar,CHELVELLA,Telangana,,,locality_curated
Nawandgi,CHELVELLA,Telangana,,,locality_curated
Ramreddy Pally,CHELVELLA,Telangana,,,locality_curated
Barwad,CHELVELLA,Telangana,,,locality_curated
Robertsganj,ROBERTSGANJ(SC),Uttar Pradesh,24.680572,83.086834,locality_curated
chopal,HISAR,Haryana,29.167488,75.704129,locality_curated
as per,HISAR,Haryana,29.16567,75.75188,locality_curated
nagaon,ROBERTSGANJ(SC),Uttar Pradesh,24.681387,83.050241,locality_curated
Gorir,JHUNJHUNU,Rajasthan,28.147948,75.388886,locality_curated
Salbari,KOKRAJHAR (ST),Assam,26.419809,90.264001,locality_curated
Akhara,SONEPAT,Haryana,28.96899,77.135781,locality_curated
Andharthole Gram,BANKURA,West Bengal,23.225172,87.102457,locality_curated
antargat parkhauli,MADHUBANI,Bihar,26.340971,86.081609,locality_curated
antaragt taraia,MADHUBANI,Bihar,26.386298,86.073432,locality_curated
antargat harne,MADHUBANI,Bihar,26.362106,86.046258,locality_curated
Bhoj paraul,MADHUBANI,Bihar,26.351063,86.076996,locality_curated
babhangawan uttri,MADHUBANI,Bihar,26.357541,86.047758,locality_curated
antargat Malangia,MADHUBANI,Bihar,26.383048,86.082014,locality_curated
jagban purvi,MADHUBANI,Bihar,26.368841,86.089008,locality_curated
antargat samaul,MADHUBANI,Bihar,26.337779,86.061585,locality_curated
Hanuman,SILCHAR,Assam,24.835546,92.750617,locality_curated
Kali,SILCHAR,Assam,24.849113,92.762074,locality_curated
Krishna,SILCHAR,Assam,24.806832,92.782481,locality_curated
Durga,SILCHAR,Assam,24.822448,92.788583,locality_curated
Shree devnaryan,SIKAR,Rajasthan,27.627058,75.144868,locality_curated
Pattukottai Surappallam,THANJAVUR,Tamil Nadu,10.785759,79.152235,locality_curated
Ayyanapuram in Nandavanampatti,THANJAVUR,Tamil Nadu,10.814473,79.138288,locality_curated
Manathidal in Konerirajapuram,THANJAVUR,Tamil Nadu,10.811595,79.1378,locality_curated
Simhadripuram,KADAPA,Andhra Pradesh,14.449857,78.82315,locality_curated
DHARMASAGAR,WARANGEL(SC),Telangana,,,locality_curated
Garlagadda Thanda,WARANGEL(SC),Telangana,,,locality_curated
Sreepathipally,WARANGEL(SC),Telangana,,,locality_curated
KARKIKATTI,BAGALKOT,Karnataka,16.183918,75.670243,locality_curated
HIPPARAGI,BAGALKOT,Karnataka,16.195188,75.694894,locality_curated
SHIRAGUPPI,BAGALKOT,Karnataka,16.210072,75.694907,locality_curated
Kuna,KHEDA,Gujarat,22.735293,72.672325,locality_curated
Ambaji,KHEDA,Gujarat,22.72221,72.702994,locality_curated
Valotri,KHEDA,Gujarat,22.726725,72.655934,locality_curated
Mahamdpura,KHEDA,Gujarat,22.713659,72.701182,locality_curated
Matar,KHEDA,Gujarat,22.738298,72.682279,locality_curated
Gonesh,SILCHAR,Assam,24.830312,92.758114,locality_curated
Santoshi Maa,SILCHAR,Assam,24.856368,92.792415,locality_curated
Shib Bari Durga,SILCHAR,Assam,24.859873,92.778389,locality_curated
Bhubaneswar,SILCHAR,Assam,24.8333,92.746439,locality_curated
Jagannath,SILCHAR,Assam,24.817785,92.755369,locality_curated
Shankar,SILCHAR,Assam,24.843845,92.802722,locality_curated
Panayamlpalli,NILGIRIS(SC),Tamil Nadu,11.493819,76.749814,locality_curated
Panangattupalayam at Vinnappalli,NILGIRIS(SC),Tamil Nadu,11.517411,76.723058,locality_curated
Ongalvadi at Hasanur,NILGIRIS(SC),Tamil Nadu,11.480951,76.747609,locality_curated
Hasanur,NILGIRIS(SC),Tamil Nadu,11.465669,76.730451,locality_curated
Mallankuli,NILGIRIS(SC),Tamil Nadu,11.508561,76.744515,locality_curated
Thalavadi,NILGIRIS(SC),Tamil Nadu,11.500202,76.706683,locality_curated
Raniganj Nagar,AURANGABAD_BR,Bihar,24.771914,84.358812,locality_curated
Konamoolai,NILGIRIS(SC),Tamil Nadu,11.47821,76.746003,locality_curated
Rauna,AURANGABAD_BR,Bihar,24.76743,84.391648,locality_curated
Barheta,AURANGABAD_BR,Bihar,24.779184,84.369149,locality_curated
Village Kodanadu,NILGIRIS(SC),Tamil Nadu,11.474517,76.756013,locality_curated
Kankatava,MACHILIPATNAM,Andhra Pradesh,16.212635,81.115292,locality_curated
Shiv,AURANGABAD_BR,Bihar,24.734967,84.385772,locality_curated
Masinagudi,NILGIRIS(SC),Tamil Nadu,11.49108,76.703275,locality_curated
Manavanallah at Masinagudi,NILGIRIS(SC),Tamil Nadu,11.510122,76.738064,locality_curated
Government,NILGIRIS(SC),Tamil Nadu,11.510271,76.747041,locality_curated
Naudiha,AURANGABAD_BR,Bihar,24.743552,84.351359,locality_curated
BURJ,FIROZPUR,Punjab,30.949201,74.598744,locality_curated
Dabilguda,CHELVELLA,Telangana,,,locality_curated
Manikyammaguda,CHELVELLA,Telangana,,,locality_curated
mathrun,BOLPUR(SC),West Bengal,23.683709,87.677272,locality_curated
Jangamreddypalli,KADAPA,Andhra Pradesh,14.454075,78.817088,locality_curated
Chettinaickenpatty,DINDIGUL,Tamil Nadu,10.359666,77.946866,locality_curated
Alaundi,KHUNTI(ST),Jharkhand,23.065728,85.251739,locality_curated
Sindri,KHUNTI(ST),Jharkhand,23.05622,85.269559,locality_curated
Hesahatu,KHUNTI(ST),Jharkhand,23.071731,85.294039,locality_curated
Upar Balalong,KHUNTI(ST),Jharkhand,23.065021,85.302565,locality_curated
Nala,KHUNTI(ST),Jharkhand,23.059207,85.249545,locality_curated
Korakel,KHUNTI(ST),Jharkhand,23.059415,85.29031,locality_curated
Siyankel,KHUNTI(ST),Jharkhand,23.085086,85.266126,locality_curated
Bamhani,KHUNTI(ST),Jharkhand,23.062518,85.250094,locality_curated
Chandapara,KHUNTI(ST),Jharkhand,23.065251,85.292733,locality_curated
Dumarkunda Dakshin,DHANBAD,Jharkhand,23.769653,86.421151,locality_curated
Bari Uttar,DHANBAD,Jharkhand,23.779449,86.407667,locality_curated
maa narmada,HOSHANGABAD,Madhya Pradesh,22.750528,77.756928,locality_curated
Aranmula Grama,PATHANAMTHITTA,Kerala,9.251317,76.806366,locality_curated
Perunadu Grama,PATHANAMTHITTA,Kerala,9.272212,76.800732,locality_curated
Chenneerkkara Grama,PATHANAMTHITTA,Kerala,9.245197,76.762597,locality_curated
sant ravidas,HOSHANGABAD,Madhya Pradesh,22.770657,77.708393,locality_curated
thakur baba,HOSHANGABAD,Madhya Pradesh,22.764637,77.704109,locality_curated
Kadampanadu Grama,PATHANAMTHITTA,Kerala,9.256907,76.773324,locality_curated
Pinnavasal,PERAMBALUR,Tamil Nadu,11.220361,78.881303,locality_curated
Biyawal,BANDA,Uttar Pradesh,25.498511,80.343317,locality_curated
Bhitari,BANDA,Uttar Pradesh,25.504559,80.319557,locality_curated
Jafarpur,BANDA,Uttar Pradesh,25.492602,80.318695,locality_curated
semara,BANDA,Uttar Pradesh,25.476267,80.363678,locality_curated
Hardi,BANDA,Uttar Pradesh,25.468201,80.359356,locality_curated
Devipur,BANDA,Uttar Pradesh,25.469872,80.313977,locality_curated
Chhivlaha,BANDA,Uttar Pradesh,25.48,80.297466,locality_curated
Gadhawa,BANDA,Uttar Pradesh,25.494018,80.31392,locality_curated
Khandeha,BANDA,Uttar Pradesh,25.486511,80.309052,locality_curated
Suraundha,BANDA,Uttar Pradesh,25.479267,80.353238,locality_curated
Lapaon,BANDA,Uttar Pradesh,25.490308,80.353411,locality_curated
Lapanv,BANDA,Uttar Pradesh,25.490128,80.346023,locality_curated
Ahiri,BANDA,Uttar Pradesh,25.487056,80.308525,locality_curated
Deura,BANDA,Uttar Pradesh,25.508637,80.334458,locality_curated
Hatawa,BANDA,Uttar Pradesh,25.453174,80.333649,locality_curated
Kataiya,BANDA,Uttar Pradesh,25.486032,80.308145,locality_curated
Murka,BANDA,Uttar Pradesh,25.488344,80.34814,locality_curated
Uadki,BANDA,Uttar Pradesh,25.491396,80.345589,locality_curated
Barahmafi,BANDA,Uttar Pradesh,25.461647,80.320948,locality_curated
Chheriha,BANDA,Uttar Pradesh,25.481816,80.358771,locality_curated
Badi,BANDA,Uttar Pradesh,25.493168,80.336495,locality_curated
Jamihai,BANDA,Uttar Pradesh,25.497051,80.304003,locality_curated
Kailaha,BANDA,Uttar Pradesh,25.491335,80.348615,locality_curated
Semardaha,BANDA,Uttar Pradesh,25.479569,80.30266,locality_curated
Devakali,BANDA,Uttar Pradesh,25.487767,80.311549,locality_curated
Raipura,BANDA,Uttar Pradesh,25.49679,80.322486,locality_curated
Nihi,BANDA,Uttar Pradesh,25.45792,80.315879,locality_curated
Karoha,BANDA,Uttar Pradesh,25.497351,80.326956,locality_curated
Rukma,BANDA,Uttar Pradesh,25.452629,80.328941,locality_curated
Tirmau,BANDA,Uttar Pradesh,25.473374,80.359437,locality_curated
Amarpur,BANDA,Uttar Pradesh,25.506326,80.338362,locality_curated
Ramnagar,BANDA,Uttar Pradesh,25.473065,80.311903,locality_curated
Khatwara,BANDA,Uttar Pradesh,25.473395,80.355518,locality_curated
Budhwal,BANDA,Uttar Pradesh,25.455451,80.332858,locality_curated
Hinauta,BANDA,Uttar Pradesh,25.463819,80.347924,locality_curated
Sitapur,BANDA,Uttar Pradesh,25.486059,80.356919,locality_curated
Sardhua,BANDA,Uttar Pradesh,25.497409,80.320594,locality_curated
Kota,BANDA,Uttar Pradesh,25.506964,80.344568,locality_curated
Sanaliya,AMRELI,Gujarat,21.600673,71.237921,locality_curated
Magrahi,ROBERTSGANJ(SC),Uttar Pradesh,24.685753,83.040569,locality_curated
Mangrahi,ROBERTSGANJ(SC),Uttar Pradesh,24.718796,83.063131,locality_curated
Deorikala,ROBERTSGANJ(SC),Uttar Pradesh,24.665695,83.074334,locality_curated
Baghi,ROBERTSGANJ(SC),Uttar Pradesh,24.674526,83.06113,locality_curated
Semrakusahi,ROBERTSGANJ(SC),Uttar Pradesh,24.687958,83.044117,locality_curated
Piprahi,ROBERTSGANJ(SC),Uttar Pradesh,24.668964,83.091368,locality_curated
Bham,AURANGABAD_BR,Bihar,24.78209,84.365748,locality_curated
Khatnahi,AURANGABAD_BR,Bihar,24.781521,84.36099,locality_curated
Kadamal,VALSAD(ST),Gujarat,20.627989,72.935812,locality_curated
Borkhal,VALSAD(ST),Gujarat,20.584751,72.93555,locality_curated
Aalangudi,NAGAPATTINAM(SC),Tamil Nadu,10.743636,79.844521,locality_curated
Peralam Town,NAGAPATTINAM(SC),Tamil Nadu,10.741305,79.851076,locality_curated
Government,KHAMMAM,Telangana,17.250302,80.171245,locality_curated
Vallabhi,KHAMMAM,Telangana,17.231018,80.133118,locality_curated
Primary,KHAMMAM,Telangana,17.229133,80.144098,locality_curated
Khabhala,VALSAD(ST),Gujarat,20.591398,72.947034,locality_curated
kesband,VALSAD(ST),Gujarat,20.608498,72.903628,locality_curated
Gavdahad,VALSAD(ST),Gujarat,20.616756,72.92987,locality_curated
Kadmal,VALSAD(ST),Gujarat,20.592165,72.94895,locality_curated
Satbangla,VALSAD(ST),Gujarat,20.600813,72.96707,locality_curated
Bardipada,VALSAD(ST),Gujarat,20.608947,72.91187,locality_curated
Athirampuzha Grama,KOTTAYAM,Kerala,9.585242,76.536029,locality_curated
Pallickal Grama,PATHANAMTHITTA,Kerala,9.276365,76.775586,locality_curated
Vallikodu Grama,PATHANAMTHITTA,Kerala,9.276635,76.806353,locality_curated
Thumpamon Grama,PATHANAMTHITTA,Kerala,9.267158,76.815462,locality_curated
Anicadu Grama,PATHANAMTHITTA,Kerala,9.254513,76.810182,locality_curated
jain,SINGHBHUM(ST),Jharkhand,22.648689,85.94713,locality_curated
Shiv,SINGHBHUM(ST),Jharkhand,22.655744,85.901318,locality_curated
Mejia Gram,BANKURA,West Bengal,23.256089,87.055049,locality_curated
Ardhagram Gram,BANKURA,West Bengal,23.234072,87.047085,locality_curated
Kaprada,VALSAD(ST),Gujarat,20.586129,72.925132,locality_curated
Kovilangulam,VIRUDHUNAGAR,Tamil Nadu,9.597453,77.975153,locality_curated
Avudaiahpuram,VIRUDHUNAGAR,Tamil Nadu,9.584383,77.984224,locality_curated
Karvad Gram,VALSAD(ST),Gujarat,20.61945,72.946192,locality_curated
Koparli Zarikundi Primary,VALSAD(ST),Gujarat,20.611789,72.918729,locality_curated
Salvav Swaminarayan,VALSAD(ST),Gujarat,20.587816,72.960281,locality_curated
Veerarpatti,VIRUDHUNAGAR,Tamil Nadu,9.611035,77.965322,locality_curated
Samaj,AMRAVATI(SC),Maharashtra,20.923272,77.733141,locality_curated
Badasarol,JAGATSINGHPUR(SC),Odisha,20.263682,86.186748,locality_curated
Mohkholi Jagannath,BARPETA,Assam,26.337352,91.026978,locality_curated
Jalaram,VALSAD(ST),Gujarat,20.595934,72.95215,locality_curated
Andapuram,NAMAKKAL,Tamil Nadu,11.232005,78.185707,locality_curated
Punak,JALORE,Rajasthan,25.326706,72.599451,locality_curated
Avalpoondurai Town,ERODE,Tamil Nadu,11.328798,77.689248,locality_curated
Naranganam Grama,PATHANAMTHITTA,Kerala,9.273206,76.761971,locality_curated
Eraviperoor Grama,PATHANAMTHITTA,Kerala,9.266868,76.755585,locality_curated
Palayakottai Pudur,ERODE,Tamil Nadu,11.320259,77.724899,locality_curated
Veeracholapuram,ERODE,Tamil Nadu,11.317272,77.71026,locality_curated
Velayudhampalayam,ERODE,Tamil Nadu,11.339342,77.703429,locality_curated
Ghetughghchi Gram,RANAGHAT(SC),West Bengal,23.189004,88.567166,locality_curated
Sukes,VALSAD(ST),Gujarat,20.617441,72.931807,locality_curated
Dhodiyavad,VALSAD(ST),Gujarat,20.606338,72.909258,locality_curated
Kaval,VALSAD(ST),Gujarat,20.620603,72.910523,locality_curated
Karaya,VALSAD(ST),Gujarat,20.580506,72.918028,locality_curated
Lavachha Village Bhavani,VALSAD(ST),Gujarat,20.574625,72.915817,locality_curated
Pandor,VALSAD(ST),Gujarat,20.576103,72.932475,locality_curated
chota raykaman,SINGHBHUM(ST),Jharkhand,22.655142,85.919469,locality_curated
Chongasai,SINGHBHUM(ST),Jharkhand,22.674059,85.90739,locality_curated
Bhonda,SINGHBHUM(ST),Jharkhand,22.639393,85.939509,locality_curated
meghahatuburu north,SINGHBHUM(ST),Jharkhand,22.648105,85.956296,locality_curated
Asantaliya,SINGHBHUM(ST),Jharkhand,22.65504,85.961368,locality_curated
Lhungjang,OUTER MANIPUR(ST),Manipur,24.981684,94.215789,locality_curated
Chikani,ROBERTSGANJ(SC),Uttar Pradesh,24.681187,83.088401,locality_curated
Gangapur,ROBERTSGANJ(SC),Uttar Pradesh,24.69793,83.050865,locality_curated
Amadhan,ROBERTSGANJ(SC),Uttar Pradesh,24.686466,83.050181,locality_curated
Jayamohani,ROBERTSGANJ(SC),Uttar Pradesh,24.674281,83.035533,locality_curated
Vishesharpur,ROBERTSGANJ(SC),Uttar Pradesh,24.676185,83.092527,locality_curated
Semarsadhopur,ROBERTSGANJ(SC),Uttar Pradesh,24.703635,83.072183,locality_curated
Badhi,ROBERTSGANJ(SC),Uttar Pradesh,24.706718,83.056907,locality_curated
Bairgarh,ROBERTSGANJ(SC),Uttar Pradesh,24.673738,83.076909,locality_curated
Rithian,ROBERTSGANJ(SC),Uttar Pradesh,24.702294,83.075869,locality_curated
Basoli,ROBERTSGANJ(SC),Uttar Pradesh,24.660559,83.058773,locality_curated
Barwadih,ROBERTSGANJ(SC),Uttar Pradesh,24.705742,83.039684,locality_curated
Mushi,ROBERTSGANJ(SC),Uttar Pradesh,24.673365,83.086508,locality_curated
Musahi,ROBERTSGANJ(SC),Uttar Pradesh,24.657972,83.061807,locality_curated
Raup,ROBERTSGANJ(SC),Uttar Pradesh,24.692707,83.081228,locality_curated
MOHANIYA,SIDHI,Madhya Pradesh,24.390799,81.879645,locality_curated
JHALA,SIDHI,Madhya Pradesh,24.409732,81.905368,locality_curated
Darri,KORBA,Chhattisgarh,22.361569,82.734183,locality_curated
Meduka Gram,KORBA,Chhattisgarh,22.359753,82.734419,locality_curated
Hanuman,JAJPUR(SC),Odisha,20.873258,86.33474,locality_curated
Sevani,BARDOLI(ST),Gujarat,21.128607,73.10121,locality_curated
Kangayam,ERODE,Tamil Nadu,11.35364,77.689553,locality_curated
shyam ji,ROHTAK,Haryana,28.893183,76.58505,locality_curated
Palsana,BARDOLI(ST),Gujarat,21.145681,73.120887,locality_curated
Cemetery in Velachha,BARDOLI(ST),Gujarat,21.129917,73.099128,locality_curated
Anaval,BARDOLI(ST),Gujarat,21.142849,73.10569,locality_curated
Navi Pardi,BARDOLI(ST),Gujarat,21.119984,73.082124,locality_curated
Naugama,BARDOLI(ST),Gujarat,21.108158,73.135332,locality_curated
Taluka,BARDOLI(ST),Gujarat,21.135627,73.132664,locality_curated
Kodumudi Town,ERODE,Tamil Nadu,11.361534,77.735405,locality_curated
Kilampadi Town,ERODE,Tamil Nadu,11.321968,77.739529,locality_curated
Kollankovil Town,ERODE,Tamil Nadu,11.360682,77.715796,locality_curated
sivagiri Town,ERODE,Tamil Nadu,11.327108,77.707643,locality_curated
Sadak Nirman,RAJNANDGAON,Chhattisgarh,21.089167,81.006612,locality_curated
Arachalur Town,ERODE,Tamil Nadu,11.354001,77.72455,locality_curated
Vemgambur Town,ERODE,Tamil Nadu,11.359076,77.7338,locality_curated
parappur Town,ERODE,Tamil Nadu,11.323339,77.722707,locality_curated
Pasur Town,ERODE,Tamil Nadu,11.348549,77.690349,locality_curated
Unjalur Town,ERODE,Tamil Nadu,11.335265,77.691863,locality_curated
Chennasamudram Town,ERODE,Tamil Nadu,11.364366,77.695743,locality_curated
Kangeyam Salai,ERODE,Tamil Nadu,11.369671,77.714127,locality_curated
Chennimalai Town,ERODE,Tamil Nadu,11.350159,77.68845,locality_curated
Saminathapuram Puthur,ERODE,Tamil Nadu,11.342924,77.694774,locality_curated
Anandampalayam,ERODE,Tamil Nadu,11.362622,77.730451,locality_curated
Simlapal,BANKURA,West Bengal,23.246938,87.084178,locality_curated
office,ULUBERIA,West Bengal,22.459159,88.096761,locality_curated
Manalmedu,MADURAI,Tamil Nadu,9.945687,78.108272,locality_curated
balarengapuram Kennedy,MADURAI,Tamil Nadu,9.905463,78.111295,locality_curated
Alluri Seetarama Raju,MALKAJGIRI,Telangana,17.483852,78.507023,locality_curated
Tanker Supply,RAJNANDGAON,Chhattisgarh,21.083501,81.033314,locality_curated
Alathur,MADURAI,Tamil Nadu,9.953099,78.131243,locality_curated
Kovil Ilayathangudi,SIVAGANGA,Tamil Nadu,9.831365,78.504105,locality_curated
Keelanilai,SIVAGANGA,Tamil Nadu,9.827387,78.480163,locality_curated
Kovil Sivapuripatti,SIVAGANGA,Tamil Nadu,9.824963,78.502898,locality_curated
Valayapatti,MADURAI,Tamil Nadu,9.945186,78.123744,locality_curated
Ambalakaranpatti,MADURAI,Tamil Nadu,9.912053,78.143878,locality_curated
Kidaripatti,MADURAI,Tamil Nadu,9.928,78.096652,locality_curated
Melavalavu,MADURAI,Tamil Nadu,9.948377,78.102705,locality_curated
Chaman,CHHINDWARA,Madhya Pradesh,22.076631,78.960451,locality_curated
Narasingam,MADURAI,Tamil Nadu,9.921399,78.1054,locality_curated
othakadai,MADURAI,Tamil Nadu,9.940817,78.096295,locality_curated
Idayapatti,MADURAI,Tamil Nadu,9.914138,78.128894,locality_curated
Ayenimanai,SIVAGANGA,Tamil Nadu,9.859064,78.506069,locality_curated
Senganthankudi,SIVAGANGA,Tamil Nadu,9.824329,78.461152,locality_curated
Sarugani,SIVAGANGA,Tamil Nadu,9.844107,78.465273,locality_curated
Thiruvegampatur,SIVAGANGA,Tamil Nadu,9.862531,78.496912,locality_curated
Manavikottai,SIVAGANGA,Tamil Nadu,9.845132,78.502437,locality_curated
Kallupatti,SIVAGANGA,Tamil Nadu,9.848579,78.508052,locality_curated
Siravayal,SIVAGANGA,Tamil Nadu,9.82623,78.478654,locality_curated
Kurunthampattu,SIVAGANGA,Tamil Nadu,9.867032,78.50433,locality_curated
Enthal,SIVAGANGA,Tamil Nadu,9.851355,78.454484,locality_curated
sarvoday,RAJKOT,Gujarat,22.287969,70.780935,locality_curated
Barvala,RAJKOT,Gujarat,22.278017,70.789155,locality_curated
Hasanpar,RAJKOT,Gujarat,22.306759,70.780214,locality_curated
Tithava,RAJKOT,Gujarat,22.309485,70.817927,locality_curated
Malhod,HAMIRPUR_HP,Himachal Pradesh,31.719059,76.554655,locality_curated
Hanuman,SUNDARGARH (ST),Odisha,22.115407,84.052161,locality_curated
Thanapada,SUNDARGARH (ST),Odisha,22.09603,84.050735,locality_curated
kathawla,UDAIPUR(ST),Rajasthan,24.55825,73.7205,locality_curated
Ratnagiri,RATNAGIRI-SINDHUDURG,Maharashtra,,,locality_curated
Kundagal Taluk Yaraguppi,DHARWAD,Karnataka,15.478011,75.027628,locality_curated
Kundagol Taluk Sanklipur,DHARWAD,Karnataka,15.47215,75.037281,locality_curated
Kundagol Taluk Saunshi,DHARWAD,Karnataka,15.48235,74.998945,locality_curated
Kundagal Taluk Jigaloor,DHARWAD,Karnataka,15.472766,75.013613,locality_curated
Kundagal Taluk Devanur,DHARWAD,Karnataka,15.437834,75.017992,locality_curated
Kundagal Taluk Benakanhalli,DHARWAD,Karnataka,15.448481,74.982332,locality_curated
Kundagal Taluk Basapur,DHARWAD,Karnataka,15.48635,74.993909,locality_curated
Kundagal Taluk Hireharkuni,DHARWAD,Karnataka,15.473032,75.01661,locality_curated
Kundagal Taluk Yarinarayanpur,DHARWAD,Karnataka,15.475323,74.980532,locality_curated
Kundagal Taluk Kalas,DHARWAD,Karnataka,15.471318,75.022109,locality_curated
Kundagal Taluk Hirenarthi,DHARWAD,Karnataka,15.435285,75.024956,locality_curated
Kundagal Taluk Shirur,DHARWAD,Karnataka,15.441518,75.009695,locality_curated
Huballil,DHARWAD,Karnataka,15.475681,75.001805,locality_curated
Huballil Taluk Kardikoppa,DHARWAD,Karnataka,15.444005,75.012231,locality_curated
Huballil Taluk Inamveerapur,DHARWAD,Karnataka,15.454025,75.020977,locality_curated
PUDUR,SIVAGANGA,Tamil Nadu,9.831569,78.492455,locality_curated
Arasani Muthupatti,SIVAGANGA,Tamil Nadu,9.827664,78.501939,locality_curated
Marandai,SIVAGANGA,Tamil Nadu,9.845144,78.457076,locality_curated
Milaganoor,SIVAGANGA,Tamil Nadu,9.839281,78.463232,locality_curated
Melapasalai,SIVAGANGA,Tamil Nadu,9.823936,78.495698,locality_curated
Sullankudi,SIVAGANGA,Tamil Nadu,9.8376,78.470197,locality_curated
Kalpiravu,SIVAGANGA,Tamil Nadu,9.848811,78.498753,locality_curated
Keelathari,SIVAGANGA,Tamil Nadu,9.818438,78.491464,locality_curated
Palayanur,SIVAGANGA,Tamil Nadu,9.857555,78.465231,locality_curated
Huballil Taluk Paale,DHARWAD,Karnataka,15.439752,75.025688,locality_curated
Huballil Taluk Parsapur,DHARWAD,Karnataka,15.440283,74.987087,locality_curated
Huballil Taluk Anchategeri,DHARWAD,Karnataka,15.467566,74.978392,locality_curated
Huballil Taluk Varur,DHARWAD,Karnataka,15.43118,75.004269,locality_curated
Kundagal Taluk Ramankoppa,DHARWAD,Karnataka,15.445616,75.000472,locality_curated
Neivasal,SIVAGANGA,Tamil Nadu,9.85607,78.458659,locality_curated
Rarapuram,SIVAGANGA,Tamil Nadu,9.84784,78.462007,locality_curated
Rayapuram,SIVAGANGA,Tamil Nadu,9.837338,78.470228,locality_curated
Onankudi,SIVAGANGA,Tamil Nadu,9.81407,78.4831,locality_curated
Kallur,SIVAGANGA,Tamil Nadu,9.826011,78.493524,locality_curated
Lakshmi narasimhapuram,SIVAGANGA,Tamil Nadu,9.846485,78.451948,locality_curated
Bijuli Nagar,JORHAT,Assam,26.743867,94.181621,locality_curated
Bisanalli,DHARWAD,Karnataka,15.448927,74.993022,locality_curated
MALAYAM SIVA,ATTINGAL,Kerala,8.70249,76.831364,locality_curated
EZHAKKODU SREE MAHADEVA,ATTINGAL,Kerala,8.70579,76.826066,locality_curated
Athicombai,DINDIGUL,Tamil Nadu,10.37117,77.984337,locality_curated
Seegampatti,SIVAGANGA,Tamil Nadu,9.835881,78.465863,locality_curated
Shiggaov,DHARWAD,Karnataka,15.430018,75.011479,locality_curated
Chettinaickenpatti,DINDIGUL,Tamil Nadu,10.377024,77.948269,locality_curated
Shiggaov Taluk Hootanhalli,DHARWAD,Karnataka,15.473619,75.001938,locality_curated
Shiggaov Taluk Chakapur,DHARWAD,Karnataka,15.438645,75.03114,locality_curated
Shiggaon Taluk Dundshi,DHARWAD,Karnataka,15.448961,74.988405,locality_curated
Shiggaon,DHARWAD,Karnataka,15.435828,74.989097,locality_curated
Shiggaon Taluk Belavalkoppa,DHARWAD,Karnataka,15.470974,74.978288,locality_curated
Shiggaon Taluk Hunugund,DHARWAD,Karnataka,15.451693,75.020752,locality_curated
Veeralapatti,DINDIGUL,Tamil Nadu,10.335116,77.954752,locality_curated
Shiggaon Taluk Hulgur,DHARWAD,Karnataka,15.451569,75.020459,locality_curated
Shiggaon Taluk Kunnur,DHARWAD,Karnataka,15.449434,74.991455,locality_curated
Lakkayankottai,DINDIGUL,Tamil Nadu,10.338872,77.964416,locality_curated
achutha,DINDIGUL,Tamil Nadu,10.334546,77.95975,locality_curated
Jawadupatti,DINDIGUL,Tamil Nadu,10.337979,77.962381,locality_curated
Shiggaon Taluk Chickbendageri,DHARWAD,Karnataka,15.456433,75.032155,locality_curated
Savanur Taluk Fakkirnandihalli,DHARWAD,Karnataka,15.454405,75.024063,locality_curated
Savanur,DHARWAD,Karnataka,15.439931,75.012707,locality_curated
Porulur,DINDIGUL,Tamil Nadu,10.376274,77.993929,locality_curated
Village Thalagavayal,SIVAGANGA,Tamil Nadu,9.858967,78.484447,locality_curated
Jejusar,JHUNJHUNU,Rajasthan,28.123477,75.415374,locality_curated
Kuloth,JHUNJHUNU,Rajasthan,28.113165,75.383648,locality_curated
Urika,JHUNJHUNU,Rajasthan,28.133547,75.421648,locality_curated
Jakhod,JHUNJHUNU,Rajasthan,28.151994,75.41391,locality_curated
Darji,INDORE,Madhya Pradesh,22.70442,75.829195,locality_curated
Devlawas,JHUNJHUNU,Rajasthan,28.129215,75.425505,locality_curated
Doomoli,JHUNJHUNU,Rajasthan,28.11885,75.401175,locality_curated
Isroli,BARDOLI(ST),Gujarat,21.114089,73.128491,locality_curated
Piliavayal,SIVAGANGA,Tamil Nadu,9.828152,78.48505,locality_curated
Keelapanaiyur,SIVAGANGA,Tamil Nadu,9.821535,78.480325,locality_curated
Enathi,SIVAGANGA,Tamil Nadu,9.857071,78.468656,locality_curated
Bhalpara,JUNAGADH,Gujarat,21.519508,70.476169,locality_curated
Chalitapara,ULUBERIA,West Bengal,22.488562,88.130233,locality_curated
Sansad Adarsh,INDORE,Madhya Pradesh,22.739248,75.869026,locality_curated
Takipura,INDORE,Madhya Pradesh,22.733334,75.870193,locality_curated
Bhagupur,ROBERTSGANJ(SC),Uttar Pradesh,24.678585,83.097493,locality_curated
Kushain,ROBERTSGANJ(SC),Uttar Pradesh,24.673487,83.058038,locality_curated
Atayastganj,ROBERTSGANJ(SC),Uttar Pradesh,24.700248,83.041705,locality_curated
Kidihira,ROBERTSGANJ(SC),Uttar Pradesh,24.660109,83.05748,locality_curated
Thekhan,ROBERTSGANJ(SC),Uttar Pradesh,24.685129,83.050101,locality_curated
Machian,ROBERTSGANJ(SC),Uttar Pradesh,24.665756,83.050629,locality_curated
Malisahi Gatiswara,KANDHAMAL,Odisha,20.08952,84.260375,locality_curated
Sangogi,BIJAPUR(SC),Karnataka,16.8438,75.719227,locality_curated
Ram,KANDHAMAL,Odisha,20.113683,84.213297,locality_curated
Vadhavi,JUNAGADH,Gujarat,21.536526,70.460894,locality_curated
Khalilpur,JUNAGADH,Gujarat,21.505237,70.478876,locality_curated
Dabhor,JUNAGADH,Gujarat,21.535827,70.484326,locality_curated
Lefera,JORHAT,Assam,26.767935,94.186409,locality_curated
MAA BUDHI MANGALA,CUTTACK,Odisha,20.459986,85.857267,locality_curated
Khodela,ROBERTSGANJ(SC),Uttar Pradesh,24.711844,83.081711,locality_curated
Suarsot,ROBERTSGANJ(SC),Uttar Pradesh,24.693425,83.096751,locality_curated
Kaziyari,ROBERTSGANJ(SC),Uttar Pradesh,24.691332,83.047737,locality_curated
Baki,ROBERTSGANJ(SC),Uttar Pradesh,24.687972,83.087586,locality_curated
Madapa,ROBERTSGANJ(SC),Uttar Pradesh,24.69434,83.087933,locality_curated
Channi,ROBERTSGANJ(SC),Uttar Pradesh,24.684392,83.098024,locality_curated
Darev,ROBERTSGANJ(SC),Uttar Pradesh,24.665031,83.060393,locality_curated
Kevatam,ROBERTSGANJ(SC),Uttar Pradesh,24.706822,83.059627,locality_curated
Dhosra,ROBERTSGANJ(SC),Uttar Pradesh,24.685198,83.046312,locality_curated
Soma,ROBERTSGANJ(SC),Uttar Pradesh,24.702108,83.090988,locality_curated
Panaura,ROBERTSGANJ(SC),Uttar Pradesh,24.693873,83.045983,locality_curated
Chargada,ROBERTSGANJ(SC),Uttar Pradesh,24.670377,83.055557,locality_curated
Nagwa,ROBERTSGANJ(SC),Uttar Pradesh,24.696702,83.051891,locality_curated
Manchi,ROBERTSGANJ(SC),Uttar Pradesh,24.674093,83.071649,locality_curated
Baradand,ROBERTSGANJ(SC),Uttar Pradesh,24.669387,83.067131,locality_curated
Baliyari,ROBERTSGANJ(SC),Uttar Pradesh,24.686224,83.085293,locality_curated
Darma,ROBERTSGANJ(SC),Uttar Pradesh,24.70657,83.070821,locality_curated
Deori,ROBERTSGANJ(SC),Uttar Pradesh,24.703278,83.056927,locality_curated
Saraigadh,ROBERTSGANJ(SC),Uttar Pradesh,24.673833,83.06454,locality_curated
Kania Bey,Diphu (ST),Assam,25.849563,93.407061,locality_curated
Atso Teron,Diphu (ST),Assam,25.830335,93.41219,locality_curated
Bey,Diphu (ST),Assam,25.830827,93.43895,locality_curated
Sumblibari,KOKRAJHAR (ST),Assam,26.383333,90.289706,locality_curated
Nandipur,KOKRAJHAR (ST),Assam,26.371277,90.282577,locality_curated
Dhibri,AURANGABAD_BR,Bihar,24.773062,84.371302,locality_curated
Jambuguri,KOKRAJHAR (ST),Assam,26.397477,90.286082,locality_curated
Chedurthipadu,MACHILIPATNAM,Andhra Pradesh,16.160611,81.137302,locality_curated
Revenue,BAPATLA,Andhra Pradesh,15.928577,80.454594,locality_curated
Nalluru,BAPATLA,Andhra Pradesh,15.918869,80.478004,locality_curated
Allaparru,BAPATLA,Andhra Pradesh,15.885782,80.48858,locality_curated
Neralur,BANGALORE RURAL,Karnataka,13.144147,77.42243,locality_curated
Tonganahalli,BANGALORE RURAL,Karnataka,13.142699,77.426146,locality_curated
Palya,BANGALORE RURAL,Karnataka,13.146301,77.372973,locality_curated
Muneshwaraswamy,BANGALORE RURAL,Karnataka,13.12488,77.400901,locality_curated
High,KURNOOL,Andhra Pradesh,15.841586,78.044442,locality_curated
Dinnedevarapadu,KURNOOL,Andhra Pradesh,15.807368,78.046447,locality_curated
Chalmeda,BHONGIR,Telangana,17.50313,78.913345,locality_curated
Usha Kunj,MATHURA,Uttar Pradesh,27.495344,77.699808,locality_curated
Dobli,SHIMLA (SC),Himachal Pradesh,31.076271,77.181092,locality_curated
house,JAMMU,Jammu And Kashmir,32.74302,74.865285,locality_curated
Koyilode Juma,KANNUR,Kerala,11.888985,75.369624,locality_curated
Maremma,KURNOOL,Andhra Pradesh,15.826862,78.018898,locality_curated
Kali Ji,ROBERTSGANJ(SC),Uttar Pradesh,24.659939,83.062073,locality_curated
Rampur,ROBERTSGANJ(SC),Uttar Pradesh,24.677897,83.035754,locality_curated
Bhavpur,ROBERTSGANJ(SC),Uttar Pradesh,24.697121,83.049191,locality_curated
Amara,ROBERTSGANJ(SC),Uttar Pradesh,24.664393,83.086408,locality_curated
Shikarganj,ROBERTSGANJ(SC),Uttar Pradesh,24.692766,83.099756,locality_curated
Jagannath,KANDHAMAL,Odisha,20.091827,84.21052,locality_curated
Mangala,KANDHAMAL,Odisha,20.084856,84.255788,locality_curated
Trinath,KANDHAMAL,Odisha,20.102969,84.22731,locality_curated
Nursingha,KANDHAMAL,Odisha,20.082659,84.258881,locality_curated
Dandakali,KANDHAMAL,Odisha,20.082518,84.244388,locality_curated
Kalamba Siba,KANDHAMAL,Odisha,20.073585,84.215907,locality_curated
Swapneswar,KANDHAMAL,Odisha,20.071273,84.228529,locality_curated
Birupaksha,KANDHAMAL,Odisha,20.077356,84.246133,locality_curated
Koriyawan,ROBERTSGANJ(SC),Uttar Pradesh,24.660224,83.079444,locality_curated
Raki,ROBERTSGANJ(SC),Uttar Pradesh,24.708462,83.048027,locality_curated
Semriya,ROBERTSGANJ(SC),Uttar Pradesh,24.65854,83.07374,locality_curated
Jharna,ROBERTSGANJ(SC),Uttar Pradesh,24.676185,83.046587,locality_curated
Gabatabadi of Simanbadi,KANDHAMAL,Odisha,20.080734,84.244685,locality_curated
Ganga,RAJMAHAL(ST),Jharkhand,25.022549,87.845953,locality_curated
Makhmalpur,RAJMAHAL(ST),Jharkhand,25.032002,87.845669,locality_curated
Kathotiya,MANDLA(ST),Madhya Pradesh,22.619311,80.391684,locality_curated
owned,NANDED,Maharashtra,19.141558,77.288186,locality_curated
ranti,JHANJHARPUR,Bihar,26.267196,86.307619,locality_curated
jogigupha,MANDLA(ST),Madhya Pradesh,22.59149,80.397952,locality_curated
mehta,MANDLA(ST),Madhya Pradesh,22.608215,80.400692,locality_curated
Gajjaganahalli,CHITRADURGA(SC),Karnataka,14.216226,76.393249,locality_curated
Har,RAJMAHAL(ST),Jharkhand,25.075631,87.845081,locality_curated
Rampur,RAJMAHAL(ST),Jharkhand,25.046713,87.818435,locality_curated
Hajipur,RAJMAHAL(ST),Jharkhand,25.076761,87.841879,locality_curated
niche joria shiv,GIRIDIH,Jharkhand,24.165731,86.290669,locality_curated
Nangli,JHUNJHUNU,Rajasthan,28.149075,75.390236,locality_curated
Madhogarh,JHUNJHUNU,Rajasthan,28.118123,75.416483,locality_curated
UPPARAKOPPALU,MANDYA,Karnataka,12.495153,76.886231,locality_curated
Sarbari Gram,BANKURA,West Bengal,23.242415,87.083263,locality_curated
Rasulabad,KANNAUJ,Uttar Pradesh,27.071515,79.890613,locality_curated
Sekaro Para Primary,BANKURA,West Bengal,23.243673,87.086724,locality_curated
Baansmundi,GIRIDIH,Jharkhand,24.207179,86.303762,locality_curated
kalan north,GIRIDIH,Jharkhand,24.168245,86.291017,locality_curated
bauakalan south,GIRIDIH,Jharkhand,24.206447,86.29476,locality_curated
nagrikala north,GIRIDIH,Jharkhand,24.162005,86.311923,locality_curated
nagrikala south,GIRIDIH,Jharkhand,24.163987,86.314517,locality_curated
Maligoli para shiv,BANKURA,West Bengal,23.253625,87.055694,locality_curated
bam bam,GIRIDIH,Jharkhand,24.211754,86.31691,locality_curated
Municipal Nagar,ERODE,Tamil Nadu,11.34017,77.701051,locality_curated
Oonjapalayam,ERODE,Tamil Nadu,11.325465,77.706513,locality_curated
padugora,GIRIDIH,Jharkhand,24.200633,86.287195,locality_curated
brahmandiha,GIRIDIH,Jharkhand,24.211035,86.299116,locality_curated
Kilyampatti,ERODE,Tamil Nadu,11.364036,77.723937,locality_curated
Carmel,ERODE,Tamil Nadu,11.332411,77.737837,locality_curated
Vinayagar,ERODE,Tamil Nadu,11.336546,77.700248,locality_curated
Mariamman,ERODE,Tamil Nadu,11.346392,77.73231,locality_curated
taranari,GIRIDIH,Jharkhand,24.200606,86.29241,locality_curated
chirudih,GIRIDIH,Jharkhand,24.203548,86.326052,locality_curated
chandrapura,GIRIDIH,Jharkhand,24.178329,86.337702,locality_curated
chunikdiha,GIRIDIH,Jharkhand,24.193067,86.278395,locality_curated
sugapatti,JHANJHARPUR,Bihar,26.280013,86.260471,locality_curated
Maldeva,ROBERTSGANJ(SC),Uttar Pradesh,24.676611,83.05935,locality_curated
Baghadu,ROBERTSGANJ(SC),Uttar Pradesh,24.664552,83.049186,locality_curated
Jogel,ROBERTSGANJ(SC),Uttar Pradesh,24.698318,83.052873,locality_curated
Kanhra,ROBERTSGANJ(SC),Uttar Pradesh,24.711731,83.08933,locality_curated
Majhgawan,ROBERTSGANJ(SC),Uttar Pradesh,24.672021,83.062367,locality_curated
Amritpur,ROBERTSGANJ(SC),Uttar Pradesh,24.671506,83.058609,locality_curated
Chaumuhani in Gram,ROBERTSGANJ(SC),Uttar Pradesh,24.703284,83.068772,locality_curated
Jarhar,ROBERTSGANJ(SC),Uttar Pradesh,24.699199,83.056242,locality_curated
Durgapur Primary,GHATAL,West Bengal,22.637184,87.691632,locality_curated
Tearberia High,GHATAL,West Bengal,22.644731,87.726751,locality_curated
Kandulapuram,ONGOLE,Andhra Pradesh,15.526768,80.050664,locality_curated
Bodapadu,ONGOLE,Andhra Pradesh,15.491642,80.059016,locality_curated
Kankanampadu,ONGOLE,Andhra Pradesh,15.493718,80.033399,locality_curated
Inimerla,ONGOLE,Andhra Pradesh,15.501274,80.035762,locality_curated
palli,ONGOLE,Andhra Pradesh,15.49178,80.042219,locality_curated
Lakkavaram,ONGOLE,Andhra Pradesh,15.482218,80.061786,locality_curated
Bhawan,ALWAR,Rajasthan,27.566402,76.651498,locality_curated
Rongpur Angarjur Durga,SILCHAR,Assam,24.836166,92.753184,locality_curated
Rongpur Angarjur Shiv,SILCHAR,Assam,24.809979,92.756562,locality_curated
Nagar,BANKA,Bihar,24.863948,86.910095,locality_curated
Bachanaput,KORAPUT(ST),Odisha,18.822958,82.730979,locality_curated
Gatigura,KORAPUT(ST),Odisha,18.797136,82.735935,locality_curated
RAMARAYANI BUNGLOW,WARANGEL(SC),Telangana,,,locality_curated
singot,BOLPUR(SC),West Bengal,23.686419,87.690182,locality_curated
kaichor,BOLPUR(SC),West Bengal,23.641918,87.692649,locality_curated
Lavera,AJMER,Rajasthan,26.4416,74.659781,locality_curated
Siddavaram,TIRUPATI(SC),Andhra Pradesh,13.615209,79.427603,locality_curated
Hapa,JAMNAGAR,Gujarat,22.478046,70.073998,locality_curated
Ariyana,SURAT,Gujarat,21.187765,72.817415,locality_curated
Asnad,SURAT,Gujarat,21.167339,72.85047,locality_curated
Obhla,SURAT,Gujarat,21.150258,72.845524,locality_curated
Kanthraj,SURAT,Gujarat,21.189542,72.855819,locality_curated
Bhatgam,SURAT,Gujarat,21.180464,72.811243,locality_curated
Vadod,SURAT,Gujarat,21.191911,72.827412,locality_curated
Sarsana,SURAT,Gujarat,21.153794,72.847506,locality_curated
Simalthu,SURAT,Gujarat,21.183307,72.822985,locality_curated
Rajnagar,SURAT,Gujarat,21.189395,72.844984,locality_curated
Morthan,SURAT,Gujarat,21.182473,72.854844,locality_curated
sondamitha,SURAT,Gujarat,21.188847,72.80727,locality_curated
Delasa,SURAT,Gujarat,21.157577,72.80668,locality_curated
Mirjapor,SURAT,Gujarat,21.191306,72.815252,locality_curated
Bhagwa,SURAT,Gujarat,21.181605,72.859913,locality_curated
Madhar,SURAT,Gujarat,21.181083,72.857313,locality_curated
Khalipor,SURAT,Gujarat,21.182692,72.824853,locality_curated
Anita,SURAT,Gujarat,21.172802,72.808374,locality_curated
Bharundi,SURAT,Gujarat,21.146279,72.81803,locality_curated
Lavachha,SURAT,Gujarat,21.155176,72.811204,locality_curated
Admor,SURAT,Gujarat,21.154936,72.806832,locality_curated
Kundiyana,SURAT,Gujarat,21.159551,72.840022,locality_curated
Dihen,SURAT,Gujarat,21.160343,72.807359,locality_curated
Erthan,SURAT,Gujarat,21.168082,72.863578,locality_curated
Kapasi,SURAT,Gujarat,21.186572,72.828319,locality_curated
Saroli,SURAT,Gujarat,21.185094,72.859914,locality_curated
Syadla,SURAT,Gujarat,21.151176,72.818352,locality_curated
Naghoi,SURAT,Gujarat,21.183439,72.814768,locality_curated
Sondlakhara,SURAT,Gujarat,21.188331,72.816448,locality_curated
Kumbhari,SURAT,Gujarat,21.144712,72.828709,locality_curated
Hathisa,SURAT,Gujarat,21.152239,72.811155,locality_curated
Orma,SURAT,Gujarat,21.149319,72.843512,locality_curated
Kudsad,SURAT,Gujarat,21.167283,72.850852,locality_curated
Achharan,SURAT,Gujarat,21.140669,72.822019,locality_curated
Kamroli,SURAT,Gujarat,21.163858,72.856483,locality_curated
Mandroli,SURAT,Gujarat,21.174463,72.854619,locality_curated
Mulad,SURAT,Gujarat,21.198381,72.830045,locality_curated
Karamla,SURAT,Gujarat,21.196864,72.813233,locality_curated
Sandhiyer,SURAT,Gujarat,21.184011,72.834793,locality_curated
Olpad,SURAT,Gujarat,21.165113,72.854728,locality_curated
Saras,SURAT,Gujarat,21.184233,72.850361,locality_curated
Delad,SURAT,Gujarat,21.19518,72.827335,locality_curated
Sayan,SURAT,Gujarat,21.159147,72.803176,locality_curated
kim,SURAT,Gujarat,21.187726,72.813574,locality_curated
Zankhri,SURAT,Gujarat,21.19272,72.812902,locality_curated
Koba,SURAT,Gujarat,21.140185,72.827717,locality_curated
Mindhi,SURAT,Gujarat,21.154409,72.82872,locality_curated
Jhilimili,KORAPUT(ST),Odisha,18.827957,82.728363,locality_curated
sonmati,JHANJHARPUR,Bihar,26.237678,86.27744,locality_curated
Beheraguda,KORAPUT(ST),Odisha,18.796396,82.696206,locality_curated
Nilokontheswar,KORAPUT(ST),Odisha,18.81193,82.733575,locality_curated
Pradhaniguda,KORAPUT(ST),Odisha,18.797141,82.710239,locality_curated
Lathiguda,KORAPUT(ST),Odisha,18.834545,82.733225,locality_curated
Ranaspur,KORAPUT(ST),Odisha,18.823105,82.739811,locality_curated
kumhardih durga,GIRIDIH,Jharkhand,24.197447,86.287557,locality_curated
bhatdih durga,GIRIDIH,Jharkhand,24.191011,86.326435,locality_curated
parjoria hari,GIRIDIH,Jharkhand,24.190756,86.290509,locality_curated
baarki bajrang bali,GIRIDIH,Jharkhand,24.188836,86.32658,locality_curated
olidih hari,GIRIDIH,Jharkhand,24.190024,86.333972,locality_curated
Fulwar Durga,GIRIDIH,Jharkhand,24.166754,86.302463,locality_curated
kanhaidih,GIRIDIH,Jharkhand,24.18304,86.328172,locality_curated
mahuatanr,GIRIDIH,Jharkhand,24.211612,86.297409,locality_curated
Kumari Kapile,CHITRADURGA(SC),Karnataka,14.252998,76.383496,locality_curated
Hire Upparahatti,CHITRADURGA(SC),Karnataka,14.243689,76.390911,locality_curated
Dodderi,CHITRADURGA(SC),Karnataka,14.248165,76.409968,locality_curated
tola koh,GIRIDIH,Jharkhand,24.208438,86.314848,locality_curated
Ballekatte,CHITRADURGA(SC),Karnataka,14.245066,76.405782,locality_curated
Chitrahalli,CHITRADURGA(SC),Karnataka,14.245742,76.38247,locality_curated
harladih,GIRIDIH,Jharkhand,24.170702,86.30061,locality_curated
manjhlitand,GIRIDIH,Jharkhand,24.211066,86.320256,locality_curated
Gowripura,CHITRADURGA(SC),Karnataka,14.231029,76.381149,locality_curated
Pagadalabande,CHITRADURGA(SC),Karnataka,14.248483,76.40322,locality_curated
Haledyavaranahalli,CHITRADURGA(SC),Karnataka,14.202008,76.392467,locality_curated
Bangarakkanahalli,CHITRADURGA(SC),Karnataka,14.249768,76.398727,locality_curated
Gotibandh,ROBERTSGANJ(SC),Uttar Pradesh,24.686341,83.0494,locality_curated
Darenv,ROBERTSGANJ(SC),Uttar Pradesh,24.678598,83.052829,locality_curated
Prakhand antargat,MADHEPURA,Bihar,25.928592,86.759853,locality_curated
Dabuguda,KORAPUT(ST),Odisha,18.813717,82.690313,locality_curated
Jaganath,KORAPUT(ST),Odisha,18.821018,82.685931,locality_curated
Bhandargharini,KORAPUT(ST),Odisha,18.801766,82.694405,locality_curated
Disariguda,KORAPUT(ST),Odisha,18.81033,82.744236,locality_curated
Mundaguda,KORAPUT(ST),Odisha,18.813538,82.744545,locality_curated
Siva,KORAPUT(ST),Odisha,18.833405,82.722514,locality_curated
gram dhoshi,JHANJHARPUR,Bihar,26.28211,86.255566,locality_curated
Kokkerakunta,KARIMNAGAR,Telangana,18.465837,79.136493,locality_curated
Yellamma,KARIMNAGAR,Telangana,18.427899,79.155374,locality_curated
khaisa jamalpur,DARBHANGA,Bihar,26.137283,85.8838,locality_curated
Chalathan,BARDOLI(ST),Gujarat,21.135495,73.127791,locality_curated
Jagirupalli,KARIMNAGAR,Telangana,18.454668,79.144051,locality_curated
Somaram,KARIMNAGAR,Telangana,18.4386,79.14352,locality_curated
Akunuru,KARIMNAGAR,Telangana,18.414956,79.116644,locality_curated
Koratapalli,KARIMNAGAR,Telangana,18.466884,79.12932,locality_curated
Mogilipalem,KARIMNAGAR,Telangana,18.41817,79.131827,locality_curated
Gaddapaka,KARIMNAGAR,Telangana,18.435098,79.158868,locality_curated
Thatapadar,KORAPUT(ST),Odisha,18.827392,82.706466,locality_curated
Kosomguda,KORAPUT(ST),Odisha,18.827618,82.718239,locality_curated
Chittigidda,CHELVELLA,Telangana,,,locality_curated
Bagra,KORAPUT(ST),Odisha,18.821819,82.700075,locality_curated
Rukmapur,CHELVELLA,Telangana,,,locality_curated
gaway gram,NAWADA,Bihar,24.874251,85.567353,locality_curated
Ekdeli,KORAPUT(ST),Odisha,18.831523,82.698801,locality_curated
Ramalingeshwar,UTTARA KANNADA,Karnataka,14.967754,74.585655,locality_curated
KHYAD,BAGALKOT,Karnataka,16.194609,75.671657,locality_curated
BUDANAGAD,BAGALKOT,Karnataka,16.204106,75.687357,locality_curated
MANGALAGUDD,BAGALKOT,Karnataka,16.166051,75.679292,locality_curated
SHIRABADAGI,BAGALKOT,Karnataka,16.200338,75.698226,locality_curated
SHEEPARAMATTI,BAGALKOT,Karnataka,16.210581,75.69991,locality_curated
SHARADAL,BAGALKOT,Karnataka,16.188303,75.712967,locality_curated
NAGANUR,BAGALKOT,Karnataka,16.179164,75.671063,locality_curated
BALAKUNDI,BAGALKOT,Karnataka,16.164321,75.697716,locality_curated
SORAGAVI,BAGALKOT,Karnataka,16.174832,75.672693,locality_curated
Roumari LP,BARPETA,Assam,26.310161,91.025897,locality_curated
Machhara,KORAPUT(ST),Odisha,18.817589,82.734808,locality_curated
Chappar,KORAPUT(ST),Odisha,18.801997,82.736928,locality_curated
Doudapadar,KORAPUT(ST),Odisha,18.797015,82.701853,locality_curated
Kalchur,KORAPUT(ST),Odisha,18.828484,82.727254,locality_curated
Pitaimaliguda,KORAPUT(ST),Odisha,18.78673,82.710546,locality_curated
within Nalpur,HOWRAH,West Bengal,22.61739,88.276562,locality_curated
Bada Goluru,KORAPUT(ST),Odisha,18.812274,82.697363,locality_curated
Bodogolluru,KORAPUT(ST),Odisha,18.799196,82.73362,locality_curated
Kunwabad,DHANBAD,Jharkhand,23.813579,86.451355,locality_curated
Tilkadih,DHANBAD,Jharkhand,23.812378,86.417637,locality_curated
Shivlibadi Middle,DHANBAD,Jharkhand,23.79711,86.401001,locality_curated
Urma,DHANBAD,Jharkhand,23.79661,86.449377,locality_curated
Holardih,DHANBAD,Jharkhand,23.808105,86.422572,locality_curated
DudhiyaPani,DHANBAD,Jharkhand,23.780449,86.424984,locality_curated
Mallikarjuna Swamy,MALKAJGIRI,Telangana,17.458958,78.510667,locality_curated
Bharajpur,KANNAUJ,Uttar Pradesh,27.062756,79.906555,locality_curated
Vallalar,ARAKKONAM,Tamil Nadu,13.079882,79.651078,locality_curated
Fathima,THRISSUR,Kerala,10.513869,76.213178,locality_curated
Pooyappally Grama,KOLLAM,Kerala,8.868312,76.62085,locality_curated
jamunia,BHAGALPUR,Bihar,25.252188,86.951235,locality_curated
murli,VALMIKI NAGAR,Bihar,27.068345,84.297654,locality_curated
Bazigar,SANGRUR,Punjab,30.224858,75.841158,locality_curated
Bhathlan,SANGRUR,Punjab,30.254711,75.859444,locality_curated
Bhani,SANGRUR,Punjab,30.221581,75.834816,locality_curated
jhaloor,SANGRUR,Punjab,30.229993,75.855864,locality_curated
Uppali,SANGRUR,Punjab,30.212977,75.842454,locality_curated
Nangal,SANGRUR,Punjab,30.232703,75.85763,locality_curated
Chiniwal,SANGRUR,Punjab,30.219837,75.838463,locality_curated
Samshanghat,SANGRUR,Punjab,30.255058,75.853063,locality_curated
Kudari,SAGAR,Madhya Pradesh,23.815488,78.757005,locality_curated
Karnagarh Mahamaya,MEDINIPUR,West Bengal,22.437898,87.340905,locality_curated
MUSTIGERI,BAGALKOT,Karnataka,16.15744,75.690577,locality_curated
MYAGERI,BAGALKOT,Karnataka,16.162626,75.688691,locality_curated
GUJAMAGADI,BAGALKOT,Karnataka,16.190503,75.713501,locality_curated
KUMBARAHALL,BAGALKOT,Karnataka,16.20042,75.715144,locality_curated
BAVALATTI,BAGALKOT,Karnataka,16.204931,75.700577,locality_curated
VANTAGODI,BAGALKOT,Karnataka,16.191917,75.66939,locality_curated
NAGARAL,BAGALKOT,Karnataka,16.184327,75.674804,locality_curated
GANJIHAL,BAGALKOT,Karnataka,16.167004,75.705127,locality_curated
KHAIRAWADAGI,BAGALKOT,Karnataka,16.182991,75.712022,locality_curated
HULYAL,BAGALKOT,Karnataka,16.207934,75.68118,locality_curated
Maruteshwar,BAGALKOT,Karnataka,16.162707,75.691843,locality_curated
mahadev,HOSHANGABAD,Madhya Pradesh,22.744193,77.711331,locality_curated
pashupatinath,HOSHANGABAD,Madhya Pradesh,22.754399,77.761923,locality_curated
BHELAWA,DHAURAHRA,Uttar Pradesh,27.724072,80.994326,locality_curated
Guduru,KARIMNAGAR,Telangana,18.4643,79.135554,locality_curated
Rudra,BANKURA,West Bengal,23.248192,87.07613,locality_curated
Mankanali,BANKURA,West Bengal,23.224332,87.105866,locality_curated
Gollapally,KARIMNAGAR,Telangana,18.409063,79.122748,locality_curated
Chinthakunta,KARIMNAGAR,Telangana,18.436992,79.096461,locality_curated
Sarampally,KARIMNAGAR,Telangana,18.451283,79.135612,locality_curated
Ankireddypally,KARIMNAGAR,Telangana,18.413067,79.137545,locality_curated
Mallial,KARIMNAGAR,Telangana,18.422767,79.111517,locality_curated
Babugram Gram,BANKURA,West Bengal,23.219363,87.067936,locality_curated
Rangagora,TURA,Meghalaya,25.489643,90.215297,locality_curated
Lower Sualmari,TURA,Meghalaya,25.520695,90.197516,locality_curated
Rongbang Ading,TURA,Meghalaya,25.5154,90.197726,locality_curated
Tambu Ading,TURA,Meghalaya,25.49805,90.187288,locality_curated
Lower Gasuapara,TURA,Meghalaya,25.527126,90.221564,locality_curated
Bilkona,TURA,Meghalaya,25.492488,90.191497,locality_curated
Nagar,RAJMAHAL(ST),Jharkhand,25.06691,87.859802,locality_curated
Pangidipally,KARIMNAGAR,Telangana,18.421138,79.106069,locality_curated
Madannapet,KARIMNAGAR,Telangana,18.415462,79.118946,locality_curated
Uppal,KARIMNAGAR,Telangana,18.417822,79.143023,locality_curated
Thangallapally,KARIMNAGAR,Telangana,18.456632,79.11395,locality_curated
Sriramulapally,KARIMNAGAR,Telangana,18.426835,79.115957,locality_curated
Koheda,KARIMNAGAR,Telangana,18.439609,79.159265,locality_curated
Samudrala,KARIMNAGAR,Telangana,18.422254,79.124504,locality_curated
Mahmadapur,KARIMNAGAR,Telangana,18.454188,79.124088,locality_curated
Husnabad Mandal,KARIMNAGAR,Telangana,18.426331,79.108102,locality_curated
Janagam,KARIMNAGAR,Telangana,18.424527,79.116788,locality_curated
Nandaram,KARIMNAGAR,Telangana,18.450584,79.140174,locality_curated
Akkannapeta Mandal,KARIMNAGAR,Telangana,18.45361,79.146373,locality_curated
Gandipalli,KARIMNAGAR,Telangana,18.449682,79.117519,locality_curated
Rafi,NAINITAL UDHAM SINGH NAG.,Uttarakhand,,,locality_curated
SINGAVDA,DEWAS(SC),Madhya Pradesh,22.940187,76.03823,locality_curated
BAIRAGADH,DEWAS(SC),Madhya Pradesh,22.958626,76.079389,locality_curated
KHAJURIYA,DEWAS(SC),Madhya Pradesh,22.957431,76.035643,locality_curated
Nadi,SHIMLA (SC),Himachal Pradesh,31.125383,77.177639,locality_curated
Bidora,NAINITAL UDHAM SINGH NAG.,Uttarakhand,,,locality_curated
shiv,CHATRA,Jharkhand,24.22745,84.87266,locality_curated
bajrang bali,CHATRA,Jharkhand,24.220334,84.872524,locality_curated
Matam,ARANI,Tamil Nadu,12.661041,79.257414,locality_curated
Thasarapettai in Nenthampakkam,ARANI,Tamil Nadu,12.666002,79.305512,locality_curated
Chitheri Sivasakthi,ARANI,Tamil Nadu,12.662299,79.305741,locality_curated
Vadde,TIRUPATI(SC),Andhra Pradesh,13.651378,79.416758,locality_curated
Lebur,TIRUPATI(SC),Andhra Pradesh,13.647323,79.425027,locality_curated
Kothapalli,TIRUPATI(SC),Andhra Pradesh,13.640825,79.394917,locality_curated
chandpur herwansh,FAIZABAD,Uttar Pradesh,26.758678,82.142938,locality_curated
Chaldhoa Mission,RAJMAHAL(ST),Jharkhand,25.071009,87.851688,locality_curated
Dubra Gram,RANAGHAT(SC),West Bengal,23.166048,88.544441,locality_curated
Namagiri Petai,NAMAKKAL,Tamil Nadu,11.200823,78.189404,locality_curated
Olappalayam village,NAMAKKAL,Tamil Nadu,11.200617,78.162342,locality_curated
Athanur town,NAMAKKAL,Tamil Nadu,11.226239,78.193139,locality_curated
Salpara Bakenang,TURA,Meghalaya,25.52352,90.181421,locality_curated
Charbatapara,TURA,Meghalaya,25.509537,90.198867,locality_curated
Rongdupara,TURA,Meghalaya,25.506685,90.227117,locality_curated
Tengasot,TURA,Meghalaya,25.504578,90.224381,locality_curated
Choduthanda,KARIMNAGAR,Telangana,18.415145,79.144249,locality_curated
Peddathanda,KARIMNAGAR,Telangana,18.438935,79.108575,locality_curated
Choutapalli,KARIMNAGAR,Telangana,18.42323,79.138154,locality_curated
Panthulthanda,KARIMNAGAR,Telangana,18.432593,79.113127,locality_curated
Mallampalli,KARIMNAGAR,Telangana,18.457854,79.112365,locality_curated
Teok Bagan,JORHAT,Assam,26.756523,94.230381,locality_curated
Mottur,VELLORE,Tamil Nadu,12.90071,79.140401,locality_curated
Kurisilapattu,VELLORE,Tamil Nadu,12.941967,79.126946,locality_curated
Kalyanpur,BUXAR,Bihar,25.575526,83.948242,locality_curated
Primary,BALLIA,Uttar Pradesh,25.746659,84.167443,locality_curated
Vaduganthangal,VELLORE,Tamil Nadu,12.944802,79.12738,locality_curated
Jonouralist,VIZIANAGARAM,Andhra Pradesh,18.086191,83.420422,locality_curated
Jonourlist,VIZIANAGARAM,Andhra Pradesh,18.088599,83.384605,locality_curated
Lavale Gram,BHIWANDI,Maharashtra,19.319643,73.051764,locality_curated
Cheruvupalli,KARIMNAGAR,Telangana,18.436034,79.144138,locality_curated
Kulagod,BELGAUM,Karnataka,15.831787,74.506009,locality_curated
Chigadolli,BELGAUM,Karnataka,15.865112,74.485688,locality_curated
Bilakundi,BELGAUM,Karnataka,15.830781,74.500069,locality_curated
Melavanki,BELGAUM,Karnataka,15.846722,74.529409,locality_curated
Badigwad,BELGAUM,Karnataka,15.835053,74.510179,locality_curated
Dodawad,BELGAUM,Karnataka,15.832688,74.493348,locality_curated
Ugaragol,BELGAUM,Karnataka,15.884783,74.493596,locality_curated
matwada,BASTAR(ST),Chhattisgarh,19.325715,81.683629,locality_curated
Saini,ALWAR,Rajasthan,27.566971,76.613413,locality_curated
prkhand gaunaha,VALMIKI NAGAR,Bihar,27.075169,84.316036,locality_curated
Rampur II,ALIPURDUARS(ST),West Bengal,26.469385,89.666924,locality_curated
Kalangathankottai,SIVAGANGA,Tamil Nadu,9.825483,78.465764,locality_curated
Mullaikulam,SIVAGANGA,Tamil Nadu,9.851953,78.497433,locality_curated
Annavasal,SIVAGANGA,Tamil Nadu,9.839067,78.465171,locality_curated
Alur,HASSAN,Karnataka,12.980552,76.094652,locality_curated
Village,BHATINDA,Punjab,30.192773,74.94923,locality_curated
Elementary,KURNOOL,Andhra Pradesh,15.812642,78.053938,locality_curated
valmiki,BIDAR,Karnataka,17.91961,77.491791,locality_curated
Mahalakshmi,BIDAR,Karnataka,17.915879,77.501067,locality_curated
beerlingeshwar,BIDAR,Karnataka,17.890322,77.519163,locality_curated
bhavani,BIDAR,Karnataka,17.879631,77.521595,locality_curated
Beeradeva,BIDAR,Karnataka,17.915474,77.504413,locality_curated
Internal Khapri,BHIWANDI,Maharashtra,19.30969,73.067047,locality_curated
Chavlaj,KHEDA,Gujarat,22.710957,72.69684,locality_curated
Nagampalli,KARUR,Tamil Nadu,10.950719,78.065212,locality_curated
Nagariya,TEHRI GARHWAL,Uttarakhand,30.404239,78.463141,locality_curated
Mewali,TEHRI GARHWAL,Uttarakhand,30.367511,78.493503,locality_curated
Sai Baba,KURNOOL,Andhra Pradesh,15.823864,78.018231,locality_curated
Manindra,BAHARAMPUR,West Bengal,24.114641,88.218776,locality_curated
Bharwari,MUZAFFARPUR,Bihar,26.098678,85.365997,locality_curated
Lunge,SIKKIM,Sikkim,27.51415,88.519107,locality_curated
oKuthiraiyalampalayam,POLLACHI,Tamil Nadu,10.651525,77.024456,locality_curated
o Sokkanur,POLLACHI,Tamil Nadu,10.673342,77.008614,locality_curated
Muthur,POLLACHI,Tamil Nadu,10.645101,76.990311,locality_curated
Banjora Gram,BANKURA,West Bengal,23.260487,87.058847,locality_curated
Thigalakuntapally,KARIMNAGAR,Telangana,18.445805,79.100456,locality_curated
Jillellagadda,KARIMNAGAR,Telangana,18.449239,79.117187,locality_curated
Vangarayapalli,KARIMNAGAR,Telangana,18.44523,79.153173,locality_curated
Mirzapur,KARIMNAGAR,Telangana,18.428401,79.117271,locality_curated
Maisampally,KARIMNAGAR,Telangana,18.437006,79.148005,locality_curated
Babeli,ALWAR,Rajasthan,27.563787,76.621052,locality_curated
Sikkal,NAGAPATTINAM(SC),Tamil Nadu,10.742797,79.847735,locality_curated
SERVAIKARAN THOPPU VADAVUR,NAGAPATTINAM(SC),Tamil Nadu,10.763023,79.866113,locality_curated
THIRUKUVALAI,NAGAPATTINAM(SC),Tamil Nadu,10.763388,79.869607,locality_curated
Nagireddyguda,CHELVELLA,Telangana,,,locality_curated
KARAIYUR,NAGAPATTINAM(SC),Tamil Nadu,10.778197,79.863052,locality_curated
SEMBIYAVELUR OF NATHAPALLAM,NAGAPATTINAM(SC),Tamil Nadu,10.789931,79.820423,locality_curated
ANNAPETTAI OF ANNAPETTAI,NAGAPATTINAM(SC),Tamil Nadu,10.781374,79.831128,locality_curated
Maruthur Vadakku,NAGAPATTINAM(SC),Tamil Nadu,10.770605,79.826988,locality_curated
Keelavenmani of Venmani,NAGAPATTINAM(SC),Tamil Nadu,10.746126,79.859371,locality_curated
Bazaar Street Thevur,NAGAPATTINAM(SC),Tamil Nadu,10.765366,79.857201,locality_curated
Puduchatram,NAMAKKAL,Tamil Nadu,11.236109,78.171722,locality_curated
Muktidham Village,BILASPUR,Chhattisgarh,22.085853,82.120466,locality_curated
ANTHAKUDI,NAGAPATTINAM(SC),Tamil Nadu,10.78879,79.845089,locality_curated
Sripathihalli,BANGALORE RURAL,Karnataka,13.173174,77.380728,locality_curated
Bolamaranahalli,BANGALORE RURAL,Karnataka,13.172615,77.414512,locality_curated
Baraila,MUZAFFARPUR,Bihar,26.094661,85.348501,locality_curated
NAGAR,JANJGIR CHAMPA(SC),Chhattisgarh,22.018007,82.554113,locality_curated
Sarbajanin Radha Krishna,LAKHIMPUR,Assam,27.25491,94.112323,locality_curated
Mungrahar,FARRUKHABAD,Uttar Pradesh,27.36987,79.59729,locality_curated
Khurd,FARRUKHABAD,Uttar Pradesh,27.377512,79.560852,locality_curated
Paas Village,BILASPUR,Chhattisgarh,22.067995,82.163688,locality_curated
VILLAGE,BILASPUR,Chhattisgarh,22.071751,82.127691,locality_curated
Telhara Kala,SHEOHAR,Bihar,26.506718,85.307855,locality_curated
Mahuawa East,SHEOHAR,Bihar,26.544641,85.293106,locality_curated
kana mataji,UDAIPUR(ST),Rajasthan,24.597503,73.728362,locality_curated
bheruji,UDAIPUR(ST),Rajasthan,24.560868,73.703211,locality_curated
sheetla mata,UDAIPUR(ST),Rajasthan,24.596165,73.732202,locality_curated
Badka village,SHEOHAR,Bihar,26.515687,85.281177,locality_curated
Radha Gobinda,JORHAT,Assam,26.732711,94.194041,locality_curated
Kali,JORHAT,Assam,26.758078,94.189175,locality_curated
Mahmadpur shivram,MUZAFFARPUR,Bihar,26.118089,85.390195,locality_curated
Madhikrishnapuram,Puducherry,Puducherry,11.912753,79.836889,locality_curated
Barharwa Nagar,RAJMAHAL(ST),Jharkhand,25.03979,87.863648,locality_curated
Tukbera,PALAMU(SC),Jharkhand,24.033689,84.094638,locality_curated
PERINGOME,KASARAGOD,Kerala,12.46988,74.982079,locality_curated
Ruprampur Primary,BIRBHUM,West Bengal,23.920871,87.536546,locality_curated
village Moradi,AJMER,Rajasthan,26.431541,74.613654,locality_curated
village Dogri,AJMER,Rajasthan,26.456556,74.660324,locality_curated
Bihari Ji,AJMER,Rajasthan,26.437131,74.649162,locality_curated
Nasi in Madhubani,SHEOHAR,Bihar,26.495015,85.316532,locality_curated
Harpur besi,MUZAFFARPUR,Bihar,26.127032,85.39019,locality_curated
Ambedkar,MALKAJGIRI,Telangana,17.478893,78.519303,locality_curated
Patrani,NAINITAL UDHAM SINGH NAG.,Uttarakhand,,,locality_curated
Perungamanallur,THENI,Tamil Nadu,10.021474,77.506294,locality_curated
Durgapur Bangama,KISHANGANJ,Bihar,26.067586,87.954754,locality_curated
antergrat Samesar,KISHANGANJ,Bihar,26.106308,87.926321,locality_curated
NN ME,KUSHI NAGAR,Uttar Pradesh,,,locality_curated
Shree Ram,CHHINDWARA,Madhya Pradesh,22.049817,78.954974,locality_curated
damariya,VALSAD(ST),Gujarat,20.616309,72.94848,locality_curated
lohedih,GIRIDIH,Jharkhand,24.159167,86.313908,locality_curated
village poraiya,GIRIDIH,Jharkhand,24.210993,86.289624,locality_curated
bhiknidih,GIRIDIH,Jharkhand,24.181313,86.2735,locality_curated
Ganesh,GUWAHATI,Assam,26.149004,91.752611,locality_curated
Shiva,GUWAHATI,Assam,26.150096,91.755385,locality_curated
Swaraj,GUWAHATI,Assam,26.169318,91.7215,locality_curated
Gandhi,ARANI,Tamil Nadu,12.677494,79.264591,locality_curated
Velapadi,ARANI,Tamil Nadu,12.639216,79.272834,locality_curated
Morappanthangal,ARANI,Tamil Nadu,12.649056,79.263032,locality_curated
kizhnaickanpalayam,ARANI,Tamil Nadu,12.683327,79.270797,locality_curated
Vembakkam,ARANI,Tamil Nadu,12.687319,79.294269,locality_curated
Thozhupedu,ARANI,Tamil Nadu,12.68757,79.291129,locality_curated
Thellar,ARANI,Tamil Nadu,12.649932,79.293528,locality_curated
Vedal,ARANI,Tamil Nadu,12.641302,79.28,locality_curated
Thenvanakkambadi,ARANI,Tamil Nadu,12.690209,79.275488,locality_curated
Maruthadu,ARANI,Tamil Nadu,12.679388,79.290495,locality_curated
Sembur,ARANI,Tamil Nadu,12.686183,79.29336,locality_curated
Kovalai,ARANI,Tamil Nadu,12.672096,79.293687,locality_curated
Kilseeshamangalam,ARANI,Tamil Nadu,12.655186,79.259048,locality_curated
Ammaiyapattu,ARANI,Tamil Nadu,12.64056,79.276882,locality_curated
Soopipadi juma,ALATHUR(SC),Kerala,10.593197,76.536661,locality_curated
Durga,KOKRAJHAR (ST),Assam,26.406153,90.28944,locality_curated
east Raikhumbari,KOKRAJHAR (ST),Assam,26.423879,90.290669,locality_curated
Gourbazar,BANKURA,West Bengal,23.251506,87.063405,locality_curated
Gp Mohagaon Kisan,CHHINDWARA,Madhya Pradesh,22.077717,78.942065,locality_curated
Narabari,KOKRAJHAR (ST),Assam,26.411456,90.279032,locality_curated
Durga,CHHINDWARA,Madhya Pradesh,22.084458,78.935131,locality_curated
Palasguri,KOKRAJHAR (ST),Assam,26.389979,90.246344,locality_curated
Maujampur,KANNAUJ,Uttar Pradesh,27.061959,79.887134,locality_curated
Singh Pradhan,KANNAUJ,Uttar Pradesh,27.050485,79.892604,locality_curated
PAS VILLAGE,BILASPUR,Chhattisgarh,22.076264,82.110697,locality_curated
PARA VILLAGE,BILASPUR,Chhattisgarh,22.084822,82.157913,locality_curated
TAK VILLAGE,BILASPUR,Chhattisgarh,22.089807,82.128353,locality_curated
dantu,GIRIDIH,Jharkhand,24.183209,86.282796,locality_curated
lakshanpur,GIRIDIH,Jharkhand,24.178957,86.334719,locality_curated
khawastand,GIRIDIH,Jharkhand,24.172318,86.297964,locality_curated
vidyalay barai,GIRIDIH,Jharkhand,24.184776,86.271718,locality_curated
Bodal,RAJNANDGAON,Chhattisgarh,21.109962,81.054922,locality_curated
Ubaradka,DAKSHINA KANNADA,Karnataka,12.824774,75.246193,locality_curated
Nalkoor,DAKSHINA KANNADA,Karnataka,12.832929,75.262172,locality_curated
Kolcharu,DAKSHINA KANNADA,Karnataka,12.816903,75.236754,locality_curated
Ilampuvanam,THOOTHUKKUDI,Tamil Nadu,8.742029,78.082918,locality_curated
Kodiyala,DAKSHINA KANNADA,Karnataka,12.819022,75.260295,locality_curated
Bilienele,DAKSHINA KANNADA,Karnataka,12.836695,75.218672,locality_curated
Thomas Nagar Iluppaiyoorani,THOOTHUKKUDI,Tamil Nadu,8.773084,78.10521,locality_curated
Siribagilu,DAKSHINA KANNADA,Karnataka,12.861427,75.230441,locality_curated
Balya,DAKSHINA KANNADA,Karnataka,12.85658,75.233844,locality_curated
Guttigaru,DAKSHINA KANNADA,Karnataka,12.829756,75.256216,locality_curated
antergrat Bhaurdah,KISHANGANJ,Bihar,26.078625,87.951625,locality_curated
antergrat Gangi,KISHANGANJ,Bihar,26.112099,87.944803,locality_curated
Bhota Thana,KISHANGANJ,Bihar,26.070574,87.943979,locality_curated
antergrat Chhatargachh,KISHANGANJ,Bihar,26.090276,87.907208,locality_curated
antergrat Damalbari,KISHANGANJ,Bihar,26.070182,87.945069,locality_curated
antergrat Mirzapur,KISHANGANJ,Bihar,26.113609,87.947137,locality_curated
antergrat Teosa,KISHANGANJ,Bihar,26.085402,87.921114,locality_curated
parasbaniya,GIRIDIH,Jharkhand,24.163787,86.322371,locality_curated
Bajrangbali,JAMUI(SC),Bihar,24.907325,86.231664,locality_curated
Balagoji,JAMUI(SC),Bihar,24.940873,86.229651,locality_curated
Lali,KHEDA,Gujarat,22.729274,72.676982,locality_curated
Sirugamani Town,TIRUCHIRAPPALLI,Tamil Nadu,10.818069,78.71328,locality_curated
Chinthaparthivaripalli,RAJAMPET,Andhra Pradesh,14.18974,79.147624,locality_curated
Palemgadda,RAJAMPET,Andhra Pradesh,14.169922,79.17354,locality_curated
Madhukarpur,GIRIDIH,Jharkhand,24.180135,86.324346,locality_curated
Bhaupur,ETAWAH(SC),Uttar Pradesh,26.792906,79.017876,locality_curated
Puram,RAJAMPET,Andhra Pradesh,14.163687,79.156277,locality_curated
antergrat  Mahingaon,KISHANGANJ,Bihar,26.104546,87.955228,locality_curated
antergrat Pichhla,KISHANGANJ,Bihar,26.1146,87.930779,locality_curated
antergrat Bagalbari,KISHANGANJ,Bihar,26.104649,87.959746,locality_curated
antergrat Deramari,KISHANGANJ,Bihar,26.115185,87.929115,locality_curated
antergrat Barijan,KISHANGANJ,Bihar,26.087319,87.926195,locality_curated
Ananthaiahgaripalli,RAJAMPET,Andhra Pradesh,14.179032,79.135652,locality_curated
antergrat Kathamatha,KISHANGANJ,Bihar,26.112563,87.958443,locality_curated
antergrat Balia,KISHANGANJ,Bihar,26.091338,87.95698,locality_curated
Pullamapeta,RAJAMPET,Andhra Pradesh,14.182831,79.185616,locality_curated
antergrat Najarpur,KISHANGANJ,Bihar,26.116911,87.942037,locality_curated
antergrat Bhagal,KISHANGANJ,Bihar,26.113634,87.912974,locality_curated
antergrat Patkoi,KISHANGANJ,Bihar,26.084796,87.90912,locality_curated
antergrat Kochadhaman,KISHANGANJ,Bihar,26.124322,87.947863,locality_curated
antergrat Kutti,KISHANGANJ,Bihar,26.075594,87.944007,locality_curated
antergrat Karuamani,KISHANGANJ,Bihar,26.11085,87.931575,locality_curated
antergrat Lohagarha,KISHANGANJ,Bihar,26.068264,87.95375,locality_curated
antergrat Padampur,KISHANGANJ,Bihar,26.086409,87.908984,locality_curated
antergrat Dhangadha,KISHANGANJ,Bihar,26.08875,87.954565,locality_curated
antergrat Mangura,KISHANGANJ,Bihar,26.112563,87.955476,locality_curated
antergrat Athgachhiya,KISHANGANJ,Bihar,26.125551,87.95006,locality_curated
antergrat Hawakol,KISHANGANJ,Bihar,26.111597,87.936308,locality_curated
antergrat Bhorha,KISHANGANJ,Bihar,26.077817,87.952652,locality_curated
antergrat Khaniabad,KISHANGANJ,Bihar,26.112386,87.955861,locality_curated
antergrat Chilhania,KISHANGANJ,Bihar,26.093561,87.96584,locality_curated
antergrat Jhala,KISHANGANJ,Bihar,26.094014,87.908377,locality_curated
antergrat Dhaweli,KISHANGANJ,Bihar,26.107384,87.912816,locality_curated
antergrat Patesari,KISHANGANJ,Bihar,26.113838,87.94,locality_curated
antergrat Chhaital,KISHANGANJ,Bihar,26.114961,87.94853,locality_curated
antergrat Dudhaunti,KISHANGANJ,Bihar,26.118735,87.934619,locality_curated
Mahelaj,KHEDA,Gujarat,22.725423,72.665845,locality_curated
Union Kuvalakudi,TIRUCHIRAPPALLI,Tamil Nadu,10.776262,78.707517,locality_curated
sulapuram,THENI,Tamil Nadu,10.020824,77.464386,locality_curated
salaimariyamman,THENI,Tamil Nadu,10.022333,77.505547,locality_curated
silamalai government,THENI,Tamil Nadu,10.02348,77.495281,locality_curated
alagapuri,THENI,Tamil Nadu,10.03834,77.467231,locality_curated
Kattumanarkoil Town,CHIDAMBARAM(SC),Tamil Nadu,11.398802,79.661471,locality_curated
Kil Kundha,NILGIRIS(SC),Tamil Nadu,11.480157,76.742184,locality_curated
patti,MUZAFFARPUR,Bihar,26.122235,85.381693,locality_curated
kary workagency,BIKANER(SC),Rajasthan,28.032791,73.281116,locality_curated
Bhuvanagiri Town,CHIDAMBARAM(SC),Tamil Nadu,11.373454,79.698661,locality_curated
Mutlur,CHIDAMBARAM(SC),Tamil Nadu,11.386025,79.701181,locality_curated
Srimushnam Town,CHIDAMBARAM(SC),Tamil Nadu,11.402492,79.721584,locality_curated
Lalpettai Town,CHIDAMBARAM(SC),Tamil Nadu,11.385619,79.688886,locality_curated
School Kumaratchi,CHIDAMBARAM(SC),Tamil Nadu,11.409631,79.718056,locality_curated
aluru,HASSAN,Karnataka,12.98081,76.112322,locality_curated
o Kanakkampalayam,POLLACHI,Tamil Nadu,10.653859,77.031238,locality_curated
sinthiluppu,POLLACHI,Tamil Nadu,10.639073,77.031546,locality_curated
o Kongalnagaram,POLLACHI,Tamil Nadu,10.648811,76.995926,locality_curated
o Moongiltholuvu,POLLACHI,Tamil Nadu,10.670739,77.028526,locality_curated
Myvadi,POLLACHI,Tamil Nadu,10.632463,76.999974,locality_curated
sakaleshpura,HASSAN,Karnataka,13.010987,76.126884,locality_curated
ibbadi,HASSAN,Karnataka,13.025836,76.0764,locality_curated
Halkur,CHITRADURGA(SC),Karnataka,14.23579,76.423611,locality_curated
Thogaragunte,CHITRADURGA(SC),Karnataka,14.257279,76.384684,locality_curated
Halenahalli,CHITRADURGA(SC),Karnataka,14.230524,76.425308,locality_curated
Doddasiddavvanahalli,CHITRADURGA(SC),Karnataka,14.244908,76.378498,locality_curated
Belavinamaradahatti,CHITRADURGA(SC),Karnataka,14.2306,76.427537,locality_curated
Dogganahal,CHITRADURGA(SC),Karnataka,14.22067,76.409791,locality_curated
Mavinakatte,CHITRADURGA(SC),Karnataka,14.214972,76.401208,locality_curated
kaginahare,HASSAN,Karnataka,12.999229,76.071016,locality_curated
Vadacheri,VELLORE,Tamil Nadu,12.91595,79.148665,locality_curated
Melshanankuppam,VELLORE,Tamil Nadu,12.923433,79.152042,locality_curated
Devalapuram,VELLORE,Tamil Nadu,12.907174,79.148425,locality_curated
Kavanur,VELLORE,Tamil Nadu,12.902951,79.135966,locality_curated
Nariambattu,VELLORE,Tamil Nadu,12.898399,79.143222,locality_curated
somanahally,HASSAN,Karnataka,13.000779,76.113281,locality_curated
byrapura,HASSAN,Karnataka,12.976378,76.099306,locality_curated
thimmalapura,HASSAN,Karnataka,13.025323,76.099078,locality_curated
mudigere,HASSAN,Karnataka,13.016861,76.084658,locality_curated
bommenhally,HASSAN,Karnataka,12.985833,76.095408,locality_curated
jakkenahally,HASSAN,Karnataka,13.000799,76.117603,locality_curated
kammarige,HASSAN,Karnataka,12.985315,76.117094,locality_curated
hariharapura,HASSAN,Karnataka,12.984021,76.09999,locality_curated
Shiv,KANGRA,Himachal Pradesh,32.088619,76.245288,locality_curated
Amba Bhavani,MAHABUBNAGAR,Telangana,16.703379,77.939582,locality_curated
Pochamma,MAHABUBNAGAR,Telangana,16.697355,77.982615,locality_curated
Kahuwa Nala,MANDLA(ST),Madhya Pradesh,22.624561,80.387305,locality_curated
Rengasamipatti,THENI,Tamil Nadu,10.022325,77.492499,locality_curated
Vandari,THENI,Tamil Nadu,10.001902,77.46319,locality_curated
melathirumanickam,THENI,Tamil Nadu,10.000422,77.493215,locality_curated
Meikilarpatti,THENI,Tamil Nadu,10.009494,77.450669,locality_curated
Seemanoothu,THENI,Tamil Nadu,10.025176,77.459739,locality_curated
nornakki,HASSAN,Karnataka,13.001753,76.130358,locality_curated
kachenahally,HASSAN,Karnataka,13.021205,76.099631,locality_curated
honnashettyhalli,HASSAN,Karnataka,13.015472,76.078625,locality_curated
Durga,BALLIA,Uttar Pradesh,25.740523,84.137334,locality_curated
Kali,BALLIA,Uttar Pradesh,25.776757,84.136009,locality_curated
Karown Shiv,BALLIA,Uttar Pradesh,25.746751,84.13124,locality_curated
Agradatt Baba,BALLIA,Uttar Pradesh,25.775559,84.166629,locality_curated
sagathavalli,HASSAN,Karnataka,13.018855,76.126713,locality_curated
yaliyur,HASSAN,Karnataka,13.001124,76.069903,locality_curated
Bargur,HASSAN,Karnataka,13.021763,76.114135,locality_curated
mavinakere,HASSAN,Karnataka,13.016171,76.129683,locality_curated
theranya,HASSAN,Karnataka,13.026684,76.078625,locality_curated
kadavinahosahalli,HASSAN,Karnataka,13.030786,76.10981,locality_curated
maragowdanahalli,HASSAN,Karnataka,13.000419,76.123598,locality_curated
Brahmaine Devi,BALLIA,Uttar Pradesh,25.73345,84.158164,locality_curated
Kumar,KANGRA,Himachal Pradesh,32.110311,76.293453,locality_curated
lakkuru,HASSAN,Karnataka,13.002806,76.118599,locality_curated
laxmipura,HASSAN,Karnataka,12.981349,76.101774,locality_curated
chigahalli,HASSAN,Karnataka,13.022513,76.087424,locality_curated
mudalahippe,HASSAN,Karnataka,13.02636,76.114911,locality_curated
billenahalli,HASSAN,Karnataka,12.98509,76.090434,locality_curated
byadarahalli,HASSAN,Karnataka,12.987549,76.091139,locality_curated
muthige,HASSAN,Karnataka,12.980404,76.096578,locality_curated
madenuru,HASSAN,Karnataka,13.005643,76.081953,locality_curated
doddamallenahalli,HASSAN,Karnataka,12.994673,76.086943,locality_curated
naganahalli,HASSAN,Karnataka,12.992477,76.104091,locality_curated
ranganathapura,HASSAN,Karnataka,12.986807,76.087514,locality_curated
aladahalli,HASSAN,Karnataka,13.015488,76.077439,locality_curated
Mandirin,BALLIA,Uttar Pradesh,25.775317,84.17105,locality_curated
chittanahalli,HASSAN,Karnataka,13.008463,76.085135,locality_curated
banukuppe,HASSAN,Karnataka,13.000455,76.129049,locality_curated
Podavakkam,TIRUVALLUR(SC),Tamil Nadu,13.1568,79.895495,locality_curated
Nerkundram,TIRUVALLUR(SC),Tamil Nadu,13.135896,79.891399,locality_curated
Manavalanagar at Vengathur,TIRUVALLUR(SC),Tamil Nadu,13.154145,79.918068,locality_curated
Arungulam,TIRUVALLUR(SC),Tamil Nadu,13.115774,79.914974,locality_curated
Devadhanam,TIRUVALLUR(SC),Tamil Nadu,13.16107,79.911004,locality_curated
Kuppam kandigai,TIRUVALLUR(SC),Tamil Nadu,13.149287,79.919594,locality_curated
Nochikkuppam Village Aramabakkam,TIRUVALLUR(SC),Tamil Nadu,13.119908,79.916858,locality_curated
Sivanvoyal,TIRUVALLUR(SC),Tamil Nadu,13.157935,79.908413,locality_curated
Budur,TIRUVALLUR(SC),Tamil Nadu,13.112641,79.909007,locality_curated
Madharapakkam,TIRUVALLUR(SC),Tamil Nadu,13.115858,79.909627,locality_curated
Ikkadu Kandigai,TIRUVALLUR(SC),Tamil Nadu,13.119753,79.890136,locality_curated
Kaverirajapuram,TIRUVALLUR(SC),Tamil Nadu,13.135133,79.927806,locality_curated
Veppampattu,TIRUVALLUR(SC),Tamil Nadu,13.148188,79.893739,locality_curated
Vitchur,TIRUVALLUR(SC),Tamil Nadu,13.158744,79.915506,locality_curated
Elavur,TIRUVALLUR(SC),Tamil Nadu,13.136104,79.889557,locality_curated
Thervoy,TIRUVALLUR(SC),Tamil Nadu,13.114029,79.894925,locality_curated
Pulicat,TIRUVALLUR(SC),Tamil Nadu,13.159184,79.909576,locality_curated
Panambakkam,TIRUVALLUR(SC),Tamil Nadu,13.150228,79.917431,locality_curated
Thandalam,TIRUVALLUR(SC),Tamil Nadu,13.128261,79.890715,locality_curated
Vidaiyur,TIRUVALLUR(SC),Tamil Nadu,13.120129,79.885839,locality_curated
Nemalur,TIRUVALLUR(SC),Tamil Nadu,13.160481,79.90129,locality_curated
Indira,TIRUVALLUR(SC),Tamil Nadu,13.155157,79.890926,locality_curated
anekere,HASSAN,Karnataka,13.021595,76.088616,locality_curated
mallasamudra,HASSAN,Karnataka,12.996584,76.113952,locality_curated
malali,HASSAN,Karnataka,13.024559,76.090763,locality_curated
Gulei,KANGRA,Himachal Pradesh,32.104084,76.237168,locality_curated
Ghaiya,KANGRA,Himachal Pradesh,32.09145,76.301339,locality_curated
Jungrar,KANGRA,Himachal Pradesh,32.080777,76.285415,locality_curated
Kiradi,KANGRA,Himachal Pradesh,32.090245,76.28038,locality_curated
Nallah,KANGRA,Himachal Pradesh,32.123906,76.278898,locality_curated
Kali Mata,BALLIA,Uttar Pradesh,25.7527,84.163304,locality_curated
kotla,KANGRA,Himachal Pradesh,32.109867,76.241102,locality_curated
Gopalpur,JAMSHEDPUR,Jharkhand,22.813746,86.18873,locality_curated
Phuljhori,JAMSHEDPUR,Jharkhand,22.782407,86.190099,locality_curated
Bhurkadih,JAMSHEDPUR,Jharkhand,22.788982,86.189663,locality_curated
Tola,JAMSHEDPUR,Jharkhand,22.782038,86.224938,locality_curated
Kashmar,JAMSHEDPUR,Jharkhand,22.792421,86.221085,locality_curated
Gaurdeh,JAMSHEDPUR,Jharkhand,22.80036,86.176818,locality_curated
SAVALAGI,BAGALKOT,Karnataka,16.184046,75.676181,locality_curated
KENDUR,BAGALKOT,Karnataka,16.19808,75.682818,locality_curated
LAKKASAKOPPA,BAGALKOT,Karnataka,16.180319,75.67696,locality_curated
Siv,JORHAT,Assam,26.723256,94.217028,locality_curated
TUMMARAMATTI,BAGALKOT,Karnataka,16.180456,75.668801,locality_curated
Balleruguda of Kondachinlakam,ARAKU(ST),Andhra Pradesh,18.311739,82.865306,locality_curated
Dubaha,MUZAFFARPUR,Bihar,26.126126,85.337317,locality_curated
Nonphara,MUZAFFARPUR,Bihar,26.134169,85.358427,locality_curated
Maheshpur,MUZAFFARPUR,Bihar,26.09304,85.36687,locality_curated
Nawa,BANSWARA(ST),Rajasthan,23.55532,74.417104,locality_curated
Tughlakabad,SOUTH DELHI,Delhi,28.5292556,77.2726466,nominatim
Minlun,OUTER MANIPUR(ST),Manipur,24.984187,94.19111,locality_curated
KALKA,UDAIPUR(ST),Rajasthan,24.60929,73.701886,locality_curated
Senthangalam Town,NAMAKKAL,Tamil Nadu,11.238904,78.165071,locality_curated
kakaveri,NAMAKKAL,Tamil Nadu,11.229153,78.149747,locality_curated
chowrikoppalu,HASSAN,Karnataka,12.989237,76.120533,locality_curated
Hosakoppalu,HASSAN,Karnataka,12.987813,76.101084,locality_curated
baraguru,HASSAN,Karnataka,12.989844,76.09571,locality_curated
koppalu,HASSAN,Karnataka,13.015347,76.075222,locality_curated
hirebelaguli,HASSAN,Karnataka,13.009051,76.125638,locality_curated
Balra kishun,MUZAFFARPUR,Bihar,26.099285,85.355459,locality_curated
Nagar,FIROZPUR,Punjab,30.936856,74.623239,locality_curated
Maharajganj Nagar,MAHARAJGANJ_BR,Bihar,26.092055,84.505805,locality_curated
Potladurthy,ANAKAPALLE,Andhra Pradesh,17.691064,83.019114,locality_curated
Gobarsahi,MUZAFFARPUR,Bihar,26.118223,85.398785,locality_curated
GHOTGAON,BHIWANDI,Maharashtra,19.311198,73.054585,locality_curated
AKOLI,BHIWANDI,Maharashtra,19.282288,73.063367,locality_curated
Dhanora tarfe Aral,HINGOLI,Maharashtra,19.72579,77.12185,locality_curated
Kakamari,CHIKKODI,Karnataka,16.400544,74.604477,locality_curated
Timmanapalem,BAPATLA,Andhra Pradesh,15.904632,80.43596,locality_curated
Surepalli,BAPATLA,Andhra Pradesh,15.900719,80.49356,locality_curated
gowripura,HASSAN,Karnataka,13.027872,76.110898,locality_curated
kaval,HASSAN,Karnataka,12.993758,76.086433,locality_curated
o Sholamadevi,POLLACHI,Tamil Nadu,10.641422,77.005445,locality_curated
Ariyanachipalayam,POLLACHI,Tamil Nadu,10.649078,76.979243,locality_curated
Onakallur,POLLACHI,Tamil Nadu,10.668643,77.029924,locality_curated
Kural Kuttai,POLLACHI,Tamil Nadu,10.664084,76.990753,locality_curated
o Bodipatti,POLLACHI,Tamil Nadu,10.667373,77.034629,locality_curated
Apartment atPukulam,POLLACHI,Tamil Nadu,10.641219,76.981517,locality_curated
Ellaipatti,TIRUCHIRAPPALLI,Tamil Nadu,10.79958,78.686559,locality_curated
Thuvar,TIRUCHIRAPPALLI,Tamil Nadu,10.806947,78.700214,locality_curated
Pallavarayanpathai,TIRUCHIRAPPALLI,Tamil Nadu,10.810648,78.715151,locality_curated
Karnpur dakshini,MUZAFFARPUR,Bihar,26.122456,85.397766,locality_curated
Cherukalai,NAMAKKAL,Tamil Nadu,11.204167,78.154842,locality_curated
Selamgoundampalayam,NAMAKKAL,Tamil Nadu,11.212666,78.147266,locality_curated
Pillanallur Town,NAMAKKAL,Tamil Nadu,11.217304,78.149268,locality_curated
Tiruchengode,NAMAKKAL,Tamil Nadu,11.196473,78.176044,locality_curated
Mallasamuthiram Town,NAMAKKAL,Tamil Nadu,11.237126,78.155379,locality_curated
Kakarapar,BARDOLI(ST),Gujarat,21.147193,73.105776,locality_curated
Sarkui,BARDOLI(ST),Gujarat,21.139149,73.093153,locality_curated
jogapur,GHOSI,Uttar Pradesh,26.107109,83.652221,locality_curated
gopalpur,GHOSI,Uttar Pradesh,26.118007,83.675,locality_curated
Mooduperar,DAKSHINA KANNADA,Karnataka,12.864959,75.259439,locality_curated
Kannada Zilla,DAKSHINA KANNADA,Karnataka,12.822773,75.270233,locality_curated
Karinje,DAKSHINA KANNADA,Karnataka,12.861434,75.228505,locality_curated
Gram,DAKSHINA KANNADA,Karnataka,12.83572,75.262851,locality_curated
Aikala Gram,DAKSHINA KANNADA,Karnataka,12.827762,75.241254,locality_curated
limits,DAKSHINA KANNADA,Karnataka,12.837217,75.263806,locality_curated
Tenkamijaru Gram,DAKSHINA KANNADA,Karnataka,12.862131,75.245592,locality_curated
Daregudde Gram,DAKSHINA KANNADA,Karnataka,12.817466,75.241664,locality_curated
Balkunje Gram,DAKSHINA KANNADA,Karnataka,12.852283,75.268399,locality_curated
Bala Gram,DAKSHINA KANNADA,Karnataka,12.837886,75.262189,locality_curated
Padupanambur Gram,DAKSHINA KANNADA,Karnataka,12.859885,75.241895,locality_curated
Khajuriya,JAMNAGAR,Gujarat,22.454508,70.030718,locality_curated
Kothavisotri,JAMNAGAR,Gujarat,22.483808,70.033131,locality_curated
Bhinda,JAMNAGAR,Gujarat,22.442786,70.064674,locality_curated
Mahadeviya,JAMNAGAR,Gujarat,22.454761,70.081441,locality_curated
Kolva,JAMNAGAR,Gujarat,22.476456,70.084678,locality_curated
Paradva,JAMNAGAR,Gujarat,22.477753,70.024642,locality_curated
Satapar,JAMNAGAR,Gujarat,22.485516,70.054873,locality_curated
Balva,JAMNAGAR,Gujarat,22.453036,70.049586,locality_curated
Patan,JAMNAGAR,Gujarat,22.479076,70.077139,locality_curated
Pachhtar,JAMNAGAR,Gujarat,22.464467,70.081223,locality_curated
Dhebar,JAMNAGAR,Gujarat,22.489442,70.066309,locality_curated
Ranpar,JAMNAGAR,Gujarat,22.464532,70.072014,locality_curated
Mokhana,JAMNAGAR,Gujarat,22.451064,70.03718,locality_curated
Kalyanpur,JAMNAGAR,Gujarat,22.489134,70.084173,locality_curated
Gadu,JAMNAGAR,Gujarat,22.45041,70.039276,locality_curated
Dudhala,JAMNAGAR,Gujarat,22.4823,70.036808,locality_curated
towards,HAMIRPUR_HP,Himachal Pradesh,31.708828,76.508323,locality_curated
kochar,KARAKAT,Bihar,25.03538,84.295328,locality_curated
ZPHS THIMMAMPET,WARANGEL(SC),Telangana,,,locality_curated
ZPHS IPPAGUDEM,WARANGEL(SC),Telangana,,,locality_curated
ZPHS CHINNAPENDYALA,WARANGEL(SC),Telangana,,,locality_curated
GANESH,WARANGEL(SC),Telangana,,,locality_curated
Bantumili,MACHILIPATNAM,Andhra Pradesh,16.169959,81.12242,locality_curated
vihau mata,HOSHANGABAD,Madhya Pradesh,22.745088,77.759062,locality_curated
Karchaita,KODARMA,Jharkhand,24.519399,85.671049,locality_curated
other,JALORE,Rajasthan,25.365026,72.614364,locality_curated
Khariyodih,KODARMA,Jharkhand,24.542808,85.666076,locality_curated
KON,BHIWANDI,Maharashtra,19.281946,73.061181,locality_curated
Bannikal,BELLARY(ST),Karnataka,15.140456,76.89006,locality_curated
bardadih,SATNA,Madhya Pradesh,24.587499,80.824274,locality_curated
Naktara,SATNA,Madhya Pradesh,24.588681,80.839406,locality_curated
Sukkampatti,KARUR,Tamil Nadu,10.982238,78.091244,locality_curated
durga,HOSHANGABAD,Madhya Pradesh,22.754327,77.759678,locality_curated
sankat mochan hanuman,HOSHANGABAD,Madhya Pradesh,22.735537,77.743083,locality_curated
Vadamadurai Town,KARUR,Tamil Nadu,10.941117,78.077613,locality_curated
Gumpramandinne,NANDYAL,Andhra Pradesh,15.475953,78.469568,locality_curated
Tainser Western,KHUNTI(ST),Jharkhand,23.058528,85.266346,locality_curated
Tainser West,KHUNTI(ST),Jharkhand,23.082177,85.308582,locality_curated
Biramunda,KANDHAMAL,Odisha,20.096718,84.202744,locality_curated
Chhatakahu,KHUNTI(ST),Jharkhand,23.087845,85.253491,locality_curated
Jitutoli,KHUNTI(ST),Jharkhand,23.09209,85.253151,locality_curated
Balipatana,JAGATSINGHPUR(SC),Odisha,20.274132,86.157087,locality_curated
SHIVAPUR,BAGALKOT,Karnataka,16.203924,75.676537,locality_curated
Maheshwari,KANDHAMAL,Odisha,20.064003,84.214399,locality_curated
Elgandal,KARIMNAGAR,Telangana,18.423924,79.099704,locality_curated
Elagandal,KARIMNAGAR,Telangana,18.417172,79.129589,locality_curated
moqdumpur,KARIMNAGAR,Telangana,18.458843,79.139208,locality_curated
Mallapur,KARIMNAGAR,Telangana,18.42524,79.121931,locality_curated
GORADKAR CHAWL AMBIKA,BHIWANDI,Maharashtra,19.314194,73.055985,locality_curated
Mugadalbetta,CHITRADURGA(SC),Karnataka,14.24281,76.388458,locality_curated
Bandlorahatti,CHITRADURGA(SC),Karnataka,14.215221,76.396963,locality_curated
Rahul,AMRAVATI(SC),Maharashtra,20.928668,77.732067,locality_curated
Heuru,CHITRADURGA(SC),Karnataka,14.236232,76.413368,locality_curated
Hagalakere Hand post,CHITRADURGA(SC),Karnataka,14.200416,76.406633,locality_curated
Siddeshwaranadurga,CHITRADURGA(SC),Karnataka,14.251814,76.394779,locality_curated
Madanaikanahalli,CHITRADURGA(SC),Karnataka,14.224703,76.426649,locality_curated
Mugalikatte,CHITRADURGA(SC),Karnataka,14.249093,76.392612,locality_curated
Nagasamudra,CHITRADURGA(SC),Karnataka,14.228274,76.417563,locality_curated
Beesanahalli,CHITRADURGA(SC),Karnataka,14.212461,76.420631,locality_curated
Udaypur,KODARMA,Jharkhand,24.550238,85.725248,locality_curated
TULAI,BHIWANDI,Maharashtra,19.282873,73.087482,locality_curated
WAGHIVALI,BHIWANDI,Maharashtra,19.278054,73.060324,locality_curated
Garudapuram,HINDUPUR,Andhra Pradesh,13.8084,77.514257,locality_curated
Suguru Anjaneya swami,HINDUPUR,Andhra Pradesh,13.821289,77.505393,locality_curated
East Govindpur,DHANBAD,Jharkhand,23.7896,86.459277,locality_curated
Sukhdev,DHANBAD,Jharkhand,23.812539,86.407674,locality_curated
Patrakana,JAGATSINGHPUR(SC),Odisha,20.236202,86.142308,locality_curated
Dologaon,KOKRAJHAR (ST),Assam,26.399758,90.252813,locality_curated
Nijwrapara,KOKRAJHAR (ST),Assam,26.385869,90.243052,locality_curated
Gollapelli,KARIMNAGAR,Telangana,18.415424,79.123607,locality_curated
Dhamdod,BARDOLI(ST),Gujarat,21.132439,73.104714,locality_curated
Varad,BARDOLI(ST),Gujarat,21.135461,73.127259,locality_curated
Isanpore,BARDOLI(ST),Gujarat,21.110744,73.124295,locality_curated
Kanagarthi,KARIMNAGAR,Telangana,18.421178,79.13237,locality_curated
Pathrapalli,KARIMNAGAR,Telangana,18.45874,79.125057,locality_curated
Rikdiya,AMRELI,Gujarat,21.601862,71.254756,locality_curated
Ghughraala,AMRELI,Gujarat,21.596174,71.235851,locality_curated
Shakhpur,AMRELI,Gujarat,21.602614,71.205168,locality_curated
Kamnath Mahadev,AMRELI,Gujarat,21.618351,71.250458,locality_curated
Mandvi,HINGOLI,Maharashtra,19.734445,77.165542,locality_curated
satpati,PALGHAR(ST),Maharashtra,19.668968,72.753099,locality_curated
Lauwari,ROBERTSGANJ(SC),Uttar Pradesh,24.684654,83.050354,locality_curated
Basauli,ROBERTSGANJ(SC),Uttar Pradesh,24.680023,83.090454,locality_curated
Tapa,SONEPAT,Haryana,28.969139,77.126886,locality_curated
Govindpur Purvi,DHANBAD,Jharkhand,23.789149,86.443317,locality_curated
Shiv Shakti,DHANBAD,Jharkhand,23.818944,86.416318,locality_curated
Sakesh,SHIMLA (SC),Himachal Pradesh,31.08714,77.183909,locality_curated
West MN Reddy,MALKAJGIRI,Telangana,17.466807,78.505672,locality_curated
Laxmipur,KARIMNAGAR,Telangana,18.457763,79.127741,locality_curated
Hilmex,DHANBAD,Jharkhand,23.812176,86.431029,locality_curated
Gamhariatand,DHANBAD,Jharkhand,23.803371,86.46169,locality_curated
Nawadih,GIRIDIH,Jharkhand,24.176066,86.287754,locality_curated
village bhalmara,GIRIDIH,Jharkhand,24.162178,86.297332,locality_curated
Places,SANGRUR,Punjab,30.266781,75.828545,locality_curated
munj,UJJAIN(SC),Madhya Pradesh,23.175248,75.759903,locality_curated
Antergart Churli,KISHANGANJ,Bihar,26.0736,87.947626,locality_curated
Kabeer,MALKAJGIRI,Telangana,17.444876,78.529427,locality_curated
Romendrapur,KOKRAJHAR (ST),Assam,26.393495,90.236842,locality_curated
Jaleswari,KOKRAJHAR (ST),Assam,26.375297,90.277796,locality_curated
Valmiki,MAHABUBNAGAR,Telangana,16.727117,77.966478,locality_curated
Sadra,AHMEDABAD EAST,Gujarat,23.066024,72.573008,locality_curated
Motipura,AHMEDABAD EAST,Gujarat,23.032212,72.621584,locality_curated
Kadadara,AHMEDABAD EAST,Gujarat,23.053181,72.594379,locality_curated
Karattumalai,TENKASI(SC),Tamil Nadu,9.424241,77.607369,locality_curated
Vellakoundanpatti,TENKASI(SC),Tamil Nadu,9.435859,77.619956,locality_curated
Rayagiri Town,TENKASI(SC),Tamil Nadu,9.435718,77.648099,locality_curated
Vasudevanallur Town,TENKASI(SC),Tamil Nadu,9.439671,77.60916,locality_curated
Ranvashi,JUNAGADH,Gujarat,21.518476,70.429418,locality_curated
Tad,JUNAGADH,Gujarat,21.514862,70.47213,locality_curated
Lerka,JUNAGADH,Gujarat,21.539275,70.429636,locality_curated
Bhingran,JUNAGADH,Gujarat,21.542352,70.438395,locality_curated
Vadagarai Town,TENKASI(SC),Tamil Nadu,9.418483,77.610831,locality_curated
Vadakarai  Town,TENKASI(SC),Tamil Nadu,9.450497,77.625956,locality_curated
Vadakarai Town,TENKASI(SC),Tamil Nadu,9.457255,77.656045,locality_curated
Madhgam,JUNAGADH,Gujarat,21.494857,70.447779,locality_curated
Narainpur,KAISERGANJ,Uttar Pradesh,27.315056,81.559872,locality_curated
Chikhli,JUNAGADH,Gujarat,21.551228,70.460082,locality_curated
Baraipara Gram,KAISERGANJ,Uttar Pradesh,27.305923,81.534857,locality_curated
Taradih,KAISERGANJ,Uttar Pradesh,27.305567,81.57696,locality_curated
Mahadeva Gram,KAISERGANJ,Uttar Pradesh,27.277385,81.550881,locality_curated
Lauvvavirpur,KAISERGANJ,Uttar Pradesh,27.312555,81.580723,locality_curated
Damasha,JUNAGADH,Gujarat,21.545297,70.459636,locality_curated
Olwan,JUNAGADH,Gujarat,21.514269,70.436799,locality_curated
Sumerpur,KAISERGANJ,Uttar Pradesh,27.312076,81.558623,locality_curated
Sumerpur village,KAISERGANJ,Uttar Pradesh,27.312908,81.561451,locality_curated
Prakahnd obra,KARAKAT,Bihar,25.017038,84.235605,locality_curated
Keeleneelithanallur,TENKASI(SC),Tamil Nadu,9.42453,77.628339,locality_curated
varagunaramapuram,VIRUDHUNAGAR,Tamil Nadu,9.615223,77.971816,locality_curated
samusigapuram,VIRUDHUNAGAR,Tamil Nadu,9.59659,77.981317,locality_curated
Thenkarai,VIRUDHUNAGAR,Tamil Nadu,9.605964,77.941109,locality_curated
Chathrappatti,VIRUDHUNAGAR,Tamil Nadu,9.60839,77.958507,locality_curated
Chellampatti,VIRUDHUNAGAR,Tamil Nadu,9.571626,77.939184,locality_curated
Pokkampatti,VIRUDHUNAGAR,Tamil Nadu,9.58691,77.989881,locality_curated
Soorakkulam,VIRUDHUNAGAR,Tamil Nadu,9.605693,77.964392,locality_curated
Borbilla,DHUBRI,Assam,26.037202,89.982017,locality_curated
Singimari,DHUBRI,Assam,26.016941,89.964382,locality_curated
Kabir,SALEMPUR,Uttar Pradesh,26.309093,83.839077,locality_curated
Telhara,NALANDA,Bihar,25.105261,85.467001,locality_curated
Chhariyari buzurg,NALANDA,Bihar,25.094823,85.430151,locality_curated
Gonawan,NALANDA,Bihar,25.098704,85.423442,locality_curated
raj,NALANDA,Bihar,25.116588,85.448526,locality_curated
neekanteshwar,HOSHANGABAD,Madhya Pradesh,22.772425,77.730011,locality_curated
Dudhalabai,AMRELI,Gujarat,21.627541,71.233508,locality_curated
Amarapara,AMRELI,Gujarat,21.63016,71.224337,locality_curated
Khodvadari,AMRELI,Gujarat,21.589232,71.212884,locality_curated
Katoriya Nagar,BANKA,Bihar,24.861087,86.903355,locality_curated
Katarpara,AMRELI,Gujarat,21.610996,71.243315,locality_curated
Chotli,AMRELI,Gujarat,21.581202,71.208217,locality_curated
Kadiyali,AMRELI,Gujarat,21.608385,71.239932,locality_curated
Hiran,AMRELI,Gujarat,21.624868,71.232346,locality_curated
Pyarampalli,RAJAMPET,Andhra Pradesh,14.182432,79.148103,locality_curated
Yerraguttapalli,RAJAMPET,Andhra Pradesh,14.17037,79.171982,locality_curated
Papepalli,RAJAMPET,Andhra Pradesh,14.188733,79.13369,locality_curated
Thurakapalli,RAJAMPET,Andhra Pradesh,14.201985,79.135665,locality_curated
Pathavuru,RAJAMPET,Andhra Pradesh,14.175249,79.150708,locality_curated
Kamekuntapalli,RAJAMPET,Andhra Pradesh,14.171561,79.151756,locality_curated
Karmatand,DHANBAD,Jharkhand,23.781156,86.401724,locality_curated
Loharpur,BALLIA,Uttar Pradesh,25.766633,84.134273,locality_curated
Gangahara,BALLIA,Uttar Pradesh,25.752324,84.122898,locality_curated
Raghunathpur,BALLIA,Uttar Pradesh,25.761728,84.131365,locality_curated
Koolivandlapalli,RAJAMPET,Andhra Pradesh,14.206539,79.143395,locality_curated
Palli,RAJAMPET,Andhra Pradesh,14.157251,79.163524,locality_curated
Tokkolu,RAJAMPET,Andhra Pradesh,14.185653,79.148065,locality_curated
Vontimitta,RAJAMPET,Andhra Pradesh,14.178652,79.141866,locality_curated
Suranahalli,HASSAN,Karnataka,12.995248,76.072228,locality_curated
Mouray forest,DARJEELING,West Bengal,27.025775,88.242817,locality_curated
Raghavendra,MALKAJGIRI,Telangana,17.482657,78.53464,locality_curated
Hanuman,BANASKANTHA,Gujarat,24.152836,72.440862,locality_curated
Jawahar,MAHABUBABAD,Telangana,17.590702,79.974588,locality_curated
Weavers,MAHABUBABAD,Telangana,17.606264,80.020225,locality_curated
Kodidhapalli,RAJAMPET,Andhra Pradesh,14.200421,79.167095,locality_curated
Aradigunta,RAJAMPET,Andhra Pradesh,14.173261,79.163678,locality_curated
Tola Madanpur,AURANGABAD_BR,Bihar,24.776239,84.381813,locality_curated
Orna,BARDOLI(ST),Gujarat,21.133317,73.092169,locality_curated
Morthana,BARDOLI(ST),Gujarat,21.0997,73.104074,locality_curated
Kosmada,BARDOLI(ST),Gujarat,21.142937,73.131673,locality_curated
Chhedchha,BARDOLI(ST),Gujarat,21.106782,73.111429,locality_curated
Kholvad,BARDOLI(ST),Gujarat,21.102005,73.128644,locality_curated
antargat Mohanpur,MADHEPURA,Bihar,25.940505,86.799887,locality_curated
telwa,MADHEPURA,Bihar,25.947757,86.77854,locality_curated
antargat Muradpur,MADHEPURA,Bihar,25.902587,86.770922,locality_curated
barahi,MADHEPURA,Bihar,25.907331,86.799376,locality_curated
antargat Kasimpur,MADHEPURA,Bihar,25.947833,86.794856,locality_curated
antargat Haati,MADHEPURA,Bihar,25.910269,86.766601,locality_curated
antargat Pastwar,MADHEPURA,Bihar,25.936205,86.804511,locality_curated
Sahuriya Paschimi,MADHEPURA,Bihar,25.929303,86.770587,locality_curated
khem,MADHEPURA,Bihar,25.934684,86.785033,locality_curated
antargat Gamhariya,MADHEPURA,Bihar,25.934464,86.783777,locality_curated
antargat Rampur,MADHEPURA,Bihar,25.899671,86.808009,locality_curated
antargat Golma,MADHEPURA,Bihar,25.902379,86.769455,locality_curated
antargat Pastpar,MADHEPURA,Bihar,25.911778,86.815378,locality_curated
Poorvi,MADHEPURA,Bihar,25.936319,86.785806,locality_curated
antargat Jamhara,MADHEPURA,Bihar,25.908936,86.776213,locality_curated
antargat Kashnagar,MADHEPURA,Bihar,25.890715,86.791135,locality_curated
Madhepura,MADHEPURA,Bihar,25.908212,86.80048,locality_curated
antargat Bijalpur,MADHEPURA,Bihar,25.90454,86.789792,locality_curated
antargat Sihoul,MADHEPURA,Bihar,25.942537,86.808867,locality_curated
antargat Sattar,MADHEPURA,Bihar,25.908895,86.769597,locality_curated
antargat Vishanpur,MADHEPURA,Bihar,25.913398,86.759288,locality_curated
antargat Patauri,MADHEPURA,Bihar,25.936751,86.794138,locality_curated
antargat Bihra,MADHEPURA,Bihar,25.900485,86.780254,locality_curated
derathoo,AJMER,Rajasthan,26.458675,74.615643,locality_curated
BVM,AJMER,Rajasthan,26.463414,74.6399,locality_curated
Govt UPSchool,MAYURBHANJ (ST),Odisha,21.963588,86.727259,locality_curated
Pananchery,THRISSUR,Kerala,10.516021,76.240853,locality_curated
Pandra,DHANBAD,Jharkhand,23.778742,86.425779,locality_curated
antargat Arapatti,MADHEPURA,Bihar,25.904737,86.785221,locality_curated
antargat Nado,MADHEPURA,Bihar,25.889926,86.792914,locality_curated
Kalugurthypadu,TIRUPATI(SC),Andhra Pradesh,13.643699,79.426677,locality_curated
DHAMAUN UTTARI,UJJARPUR,Bihar,,,locality_curated
rajwaha,HISAR,Haryana,29.129388,75.699015,locality_curated
mandir,HISAR,Haryana,29.127599,75.700946,locality_curated
Talankunram,ARANI,Tamil Nadu,12.680072,79.26562,locality_curated
Ethapattu,ARANI,Tamil Nadu,12.663947,79.255348,locality_curated
Peruvalur,ARANI,Tamil Nadu,12.65459,79.30028,locality_curated
Kilpappambadi,ARANI,Tamil Nadu,12.68979,79.295671,locality_curated
Kilvailamur,ARANI,Tamil Nadu,12.651668,79.284557,locality_curated
Vellimedupettai,ARANI,Tamil Nadu,12.654848,79.264983,locality_curated
Melsevur,ARANI,Tamil Nadu,12.658194,79.300072,locality_curated
Devadanampettai,ARANI,Tamil Nadu,12.689594,79.263322,locality_curated
Arumuganeri Town,THOOTHUKKUDI,Tamil Nadu,8.766592,78.105708,locality_curated
Wophong Tokbi,Diphu (ST),Assam,25.855292,93.442988,locality_curated
Dok Ronghang,Diphu (ST),Assam,25.826101,93.432846,locality_curated
Dhonsing Terang,Diphu (ST),Assam,25.820236,93.435447,locality_curated
Mulanur Town,ERODE,Tamil Nadu,11.349652,77.691571,locality_curated
Lakkapuram,ERODE,Tamil Nadu,11.358474,77.733247,locality_curated
Tamulia,RANCHI,Jharkhand,23.374973,85.312542,locality_curated
Dobo,RANCHI,Jharkhand,23.366084,85.322872,locality_curated
Saharbera,RANCHI,Jharkhand,23.356142,85.295535,locality_curated
ANANDPURA,MAHESANA,Gujarat,23.600205,72.369952,locality_curated
Modakkuruchi Town,ERODE,Tamil Nadu,11.364984,77.734328,locality_curated
MALLANCHALLA,ALATHUR(SC),Kerala,10.570974,76.573419,locality_curated
MALLAMPATHY,ALATHUR(SC),Kerala,10.575019,76.54049,locality_curated
Baliganapalli,KRISHNAGIRI,Tamil Nadu,12.528618,78.20147,locality_curated
Alur,KRISHNAGIRI,Tamil Nadu,12.509234,78.234275,locality_curated
Denkanikottai Town,KRISHNAGIRI,Tamil Nadu,12.534021,78.217058,locality_curated
Modakkurichi Town,ERODE,Tamil Nadu,11.324374,77.718386,locality_curated
PEDDAPUR,WARANGEL(SC),Telangana,,,locality_curated
MP Elementary,NANDYAL,Andhra Pradesh,15.487974,78.496149,locality_curated
Kochchervu,NANDYAL,Andhra Pradesh,15.473086,78.467083,locality_curated
Agaram Town,DINDIGUL,Tamil Nadu,10.373402,77.947549,locality_curated
Thadikombu Town,DINDIGUL,Tamil Nadu,10.350226,77.949695,locality_curated
Yadav,KANNAUJ,Uttar Pradesh,27.061376,79.898707,locality_curated
Rampur,KHEDA,Gujarat,22.707079,72.714867,locality_curated
Vijaysinh Badarbhai Dabhi,KHEDA,Gujarat,22.7166,72.701364,locality_curated
Vadvadi Muvadi Ramdev,KHEDA,Gujarat,22.736521,72.708837,locality_curated
Moti Mudel Rathod,KHEDA,Gujarat,22.731591,72.688069,locality_curated
Rajupur,KANNAUJ,Uttar Pradesh,27.041306,79.950571,locality_curated
Chandra,KANNAUJ,Uttar Pradesh,27.040614,79.950712,locality_curated
Katra,KANNAUJ,Uttar Pradesh,27.071371,79.91172,locality_curated
Malsram,JUNAGADH,Gujarat,21.525626,70.437014,locality_curated
Jantrakhadi,JUNAGADH,Gujarat,21.539918,70.466781,locality_curated
manur,TIRUNELVELI,Tamil Nadu,8.74354,77.7567,locality_curated
Damli,JUNAGADH,Gujarat,21.549792,70.46313,locality_curated
Velva,JUNAGADH,Gujarat,21.508682,70.454545,locality_curated
Kaj,JUNAGADH,Gujarat,21.52981,70.471514,locality_curated
Arnej,JUNAGADH,Gujarat,21.547199,70.477424,locality_curated
Vithalpur,JUNAGADH,Gujarat,21.539224,70.433615,locality_curated
Fafni,JUNAGADH,Gujarat,21.535498,70.474345,locality_curated
village Pargwal,JAMMU,Jammu And Kashmir,32.739213,74.831032,locality_curated
towards,SIKAR,Rajasthan,27.618616,75.128747,locality_curated
manar,KARAKAT,Bihar,25.034799,84.25598,locality_curated
Saurabh,KANNAUJ,Uttar Pradesh,27.025431,79.918589,locality_curated
lakhapar juth,KACHCHH(SC),Gujarat,23.720018,69.867647,locality_curated
Urmal,RANCHI,Jharkhand,23.357563,85.286134,locality_curated
Bijepur,INDORE,Madhya Pradesh,22.737062,75.834322,locality_curated
Maisara,RANCHI,Jharkhand,23.317467,85.293521,locality_curated
Bakultodiya,RANCHI,Jharkhand,23.349596,85.296154,locality_curated
Tamari,RANCHI,Jharkhand,23.360052,85.318074,locality_curated
Situ,RANCHI,Jharkhand,23.362958,85.283311,locality_curated
CHAMUNDESWARY,ATTINGAL,Kerala,8.673195,76.827376,locality_curated
Honnebagi Gram,TUMKUR,Karnataka,13.318753,77.093163,locality_curated
Baridih,RANCHI,Jharkhand,23.352875,85.285946,locality_curated
Harat,RANCHI,Jharkhand,23.357986,85.293382,locality_curated
Kishundih,RANCHI,Jharkhand,23.353025,85.329531,locality_curated
Badalapang,RANCHI,Jharkhand,23.34441,85.328927,locality_curated
Kamri,JUNAGADH,Gujarat,21.535128,70.43383,locality_curated
Majevdi,JUNAGADH,Gujarat,21.540617,70.453692,locality_curated
Makhiyala,JUNAGADH,Gujarat,21.544137,70.476323,locality_curated
Patrapasar,JUNAGADH,Gujarat,21.504378,70.451675,locality_curated
Goladhar,JUNAGADH,Gujarat,21.512986,70.442049,locality_curated
Ivnagar,JUNAGADH,Gujarat,21.532796,70.431068,locality_curated
Ankolali,JUNAGADH,Gujarat,21.531468,70.486835,locality_curated
Sanosri,JUNAGADH,Gujarat,21.497802,70.462525,locality_curated
Sundaghatta,BANGALORE RURAL,Karnataka,13.16706,77.394976,locality_curated
Rampura,BANGALORE RURAL,Karnataka,13.138279,77.387963,locality_curated
Sunavara,BANGALORE RURAL,Karnataka,13.143681,77.375782,locality_curated
Bidaragere,BANGALORE RURAL,Karnataka,13.167736,77.384717,locality_curated
Singh,MATHURA,Uttar Pradesh,27.514796,77.667897,locality_curated
babu,MATHURA,Uttar Pradesh,27.498311,77.656634,locality_curated
naresh,MATHURA,Uttar Pradesh,27.518567,77.665274,locality_curated
kalua,MATHURA,Uttar Pradesh,27.474787,77.65753,locality_curated
Sirohi,SIKAR,Rajasthan,27.597416,75.166442,locality_curated
within Sankrail,HOWRAH,West Bengal,22.598982,88.248673,locality_curated
within  Sankrail,HOWRAH,West Bengal,22.609937,88.258625,locality_curated
Gollaguduru,KADAPA,Andhra Pradesh,14.497629,78.822464,locality_curated
Vemula,KADAPA,Andhra Pradesh,14.453263,78.819356,locality_curated
Bonala,KADAPA,Andhra Pradesh,14.454255,78.840279,locality_curated
Pasthal,PALGHAR(ST),Maharashtra,19.672289,72.764547,locality_curated
Radha Krishna,CHHINDWARA,Madhya Pradesh,22.0336,78.954877,locality_curated
NAUDIYA,SIDHI,Madhya Pradesh,24.422373,81.906712,locality_curated
Ranganagar,MALKAJGIRI,Telangana,17.458638,78.519065,locality_curated
Mominkalan,CHELVELLA,Telangana,,,locality_curated
Buchireddypalem Nagar,NELLORE(SC),Andhra Pradesh,14.425201,79.976127,locality_curated
Pothireddypalem,NELLORE(SC),Andhra Pradesh,14.449245,80.01211,locality_curated
Bathalapalli,VELLORE,Tamil Nadu,12.918235,79.146995,locality_curated
Malliyakarai in Attur,KALLAKURICHI,Tamil Nadu,11.755824,78.945819,locality_curated
Sitheri,KALLAKURICHI,Tamil Nadu,11.719741,78.973094,locality_curated
Kadvar,JUNAGADH,Gujarat,21.498057,70.452855,locality_curated
Sara,JUNAGADH,Gujarat,21.501374,70.449752,locality_curated
Anandpara,JUNAGADH,Gujarat,21.516682,70.488415,locality_curated
Lakhapara,JUNAGADH,Gujarat,21.541954,70.461263,locality_curated
Kanjotar,JUNAGADH,Gujarat,21.540526,70.484042,locality_curated
Singsar,JUNAGADH,Gujarat,21.523488,70.438096,locality_curated
Vanakanahalli,BANGALORE RURAL,Karnataka,13.119838,77.401082,locality_curated
Kumbaranahalli,BANGALORE RURAL,Karnataka,13.123473,77.415728,locality_curated
KARY VILLAGE,BILASPUR,Chhattisgarh,22.07776,82.160818,locality_curated
Mayasandra,BANGALORE RURAL,Karnataka,13.136358,77.423315,locality_curated
fot,JAMNAGAR,Gujarat,22.447528,70.040141,locality_curated
HOSUR,BAGALKOT,Karnataka,16.167169,75.667349,locality_curated
SANKLAPUR,BAGALKOT,Karnataka,16.16765,75.714365,locality_curated
Giria Gram,JANGIPUR,West Bengal,24.458327,88.083516,locality_curated
sekendra gram,JANGIPUR,West Bengal,24.464205,88.090627,locality_curated
Nagwa,FARRUKHABAD,Uttar Pradesh,27.412683,79.583188,locality_curated
Kampil Gram,FARRUKHABAD,Uttar Pradesh,27.395762,79.56256,locality_curated
Faizbag,FARRUKHABAD,Uttar Pradesh,27.420276,79.591281,locality_curated
Kuan,FARRUKHABAD,Uttar Pradesh,27.401913,79.562081,locality_curated
Prahladpur,FARRUKHABAD,Uttar Pradesh,27.407242,79.570782,locality_curated
Village,FARRUKHABAD,Uttar Pradesh,27.383175,79.567537,locality_curated
Gandhi Gram,FARRUKHABAD,Uttar Pradesh,27.422964,79.585857,locality_curated
Naglanan,FARRUKHABAD,Uttar Pradesh,27.405133,79.549005,locality_curated
Bihar Gram,FARRUKHABAD,Uttar Pradesh,27.412569,79.567353,locality_curated
Nagla,FARRUKHABAD,Uttar Pradesh,27.381211,79.5664,locality_curated
Gurushadi Nagar,FARRUKHABAD,Uttar Pradesh,27.409667,79.575611,locality_curated
Majhgaon,FARRUKHABAD,Uttar Pradesh,27.3783,79.568217,locality_curated
Gurgaon,FARRUKHABAD,Uttar Pradesh,27.401423,79.595268,locality_curated
Papiyapur,FARRUKHABAD,Uttar Pradesh,27.362394,79.582027,locality_curated
Dharmapur,FARRUKHABAD,Uttar Pradesh,27.411393,79.555799,locality_curated
Baraun,FARRUKHABAD,Uttar Pradesh,27.392892,79.604654,locality_curated
Saparam,RANCHI,Jharkhand,23.330703,85.312173,locality_curated
Murugdih,RANCHI,Jharkhand,23.364102,85.293184,locality_curated
Samanpur,RANCHI,Jharkhand,23.349718,85.325539,locality_curated
Bareda,RANCHI,Jharkhand,23.32556,85.31695,locality_curated
Khariyadih,RANCHI,Jharkhand,23.334122,85.292209,locality_curated
Ghoranegi,RANCHI,Jharkhand,23.338058,85.323093,locality_curated
Chakulia,RANCHI,Jharkhand,23.351127,85.322856,locality_curated
katiya,RANCHI,Jharkhand,23.374976,85.314926,locality_curated
Vibrant,BHIWANI MAHENDRAGARH,Haryana,28.377865,76.110093,locality_curated
Shukrulhapur,FARRUKHABAD,Uttar Pradesh,27.377206,79.609362,locality_curated
Kurar,SANGRUR,Punjab,30.22018,75.833262,locality_curated
intersection,SIKAR,Rajasthan,27.637434,75.146049,locality_curated
Bhure,SANGRUR,Punjab,30.219503,75.823092,locality_curated
Lunghiya,JUNAGADH,Gujarat,21.545825,70.444397,locality_curated
Sudavad,JUNAGADH,Gujarat,21.546424,70.447379,locality_curated
Vadasimdi,JUNAGADH,Gujarat,21.514347,70.474467,locality_curated
Yellamma,NAGARKURNOOL(SC),Telangana,16.473506,78.306122,locality_curated
lakshmi narasimha swamy,NAGARKURNOOL(SC),Telangana,16.498498,78.306391,locality_curated
Hanuman,NAGARKURNOOL(SC),Telangana,16.510595,78.32233,locality_curated
hanuman,NAGARKURNOOL(SC),Telangana,16.487237,78.306991,locality_curated
yellamma,NAGARKURNOOL(SC),Telangana,16.470717,78.351095,locality_curated
Doddamatti,SHIMOGA,Karnataka,13.916897,75.583511,locality_curated
Talavarahatti,CHITRADURGA(SC),Karnataka,14.252226,76.384523,locality_curated
Chikkaemmiganuru,CHITRADURGA(SC),Karnataka,14.224056,76.37109,locality_curated
Hire emmiganuru,CHITRADURGA(SC),Karnataka,14.244424,76.389171,locality_curated
Veerapura,CHITRADURGA(SC),Karnataka,14.20933,76.398,locality_curated
Karikere,CHITRADURGA(SC),Karnataka,14.217127,76.384201,locality_curated
Budnahatti,CHITRADURGA(SC),Karnataka,14.212422,76.40703,locality_curated
TAKKOD,BAGALKOT,Karnataka,16.166173,75.672039,locality_curated
MANTUR,BAGALKOT,Karnataka,16.181483,75.673916,locality_curated
ARALIKATTI,BAGALKOT,Karnataka,16.179492,75.726295,locality_curated
NEERALAKERI,BAGALKOT,Karnataka,16.160324,75.686007,locality_curated
KATARAKI,BAGALKOT,Karnataka,16.182411,75.667311,locality_curated
KABBALAGERI,BAGALKOT,Karnataka,16.176179,75.663599,locality_curated
Somthana,HINGOLI,Maharashtra,19.740704,77.151431,locality_curated
Donwada,HINGOLI,Maharashtra,19.706725,77.148089,locality_curated
kohkadibar,BALAGHAT,Madhya Pradesh,21.796348,80.170159,locality_curated
gram,FARIDKOT(SC),Punjab,30.689327,74.737969,locality_curated
places Bari,KANGRA,Himachal Pradesh,32.119186,76.277429,locality_curated
GANESH,MUMBAI NORTH EAST,Maharashtra,19.096717,72.900368,locality_curated
PITAMAH RAMJI,MUMBAI NORTH EAST,Maharashtra,19.087099,72.945304,locality_curated
SWAMI NITYANAND,MUMBAI NORTH EAST,Maharashtra,19.08241,72.889738,locality_curated
Ratang,JUNAGADH,Gujarat,21.531929,70.470363,locality_curated
Karthyayani,THRISSUR,Kerala,10.511727,76.227947,locality_curated
Rehar,BASTI,Uttar Pradesh,26.803448,82.752986,locality_curated
Raipura,BASTI,Uttar Pradesh,26.80291,82.741109,locality_curated
Darauli,BASTI,Uttar Pradesh,26.830689,82.724504,locality_curated
Chetra,BASTI,Uttar Pradesh,26.786186,82.738479,locality_curated
uloom,SANT KABIR NAGAR,Uttar Pradesh,26.798066,83.086242,locality_curated
Devipur,SURENDRANAGAR,Gujarat,22.743073,71.675378,locality_curated
Avittathur Mahadeva,THRISSUR,Kerala,10.544137,76.229545,locality_curated
Chatha,SANGRUR,Punjab,30.211139,75.853214,locality_curated
Balwar,SANGRUR,Punjab,30.224549,75.872765,locality_curated
Jharon,SANGRUR,Punjab,30.232891,75.861481,locality_curated
Chowas,SANGRUR,Punjab,30.227233,75.855401,locality_curated
Sibia,SANGRUR,Punjab,30.265482,75.853735,locality_curated
Ubhawal,SANGRUR,Punjab,30.217212,75.822391,locality_curated
Mander,SANGRUR,Punjab,30.26683,75.856827,locality_curated
Tunga,SANGRUR,Punjab,30.254063,75.858719,locality_curated
Khurani,SANGRUR,Punjab,30.251226,75.860885,locality_curated
Hambalbas,SANGRUR,Punjab,30.219341,75.824317,locality_curated
Gobindpura,SANGRUR,Punjab,30.254811,75.868417,locality_curated
kukuwala,SANGRUR,Punjab,30.257182,75.832425,locality_curated
Madewass,SANGRUR,Punjab,30.254809,75.82106,locality_curated
Shrifpur,SANGRUR,Punjab,30.249922,75.871426,locality_curated
Ladbanjara,SANGRUR,Punjab,30.24832,75.855326,locality_curated
Mehlan,SANGRUR,Punjab,30.21866,75.817421,locality_curated
Chhajla,SANGRUR,Punjab,30.218634,75.835439,locality_curated
Kauhrian,SANGRUR,Punjab,30.224552,75.832676,locality_curated
Jakhepal,SANGRUR,Punjab,30.212255,75.847514,locality_curated
Daula,SANGRUR,Punjab,30.226219,75.816452,locality_curated
Gidrani,SANGRUR,Punjab,30.220878,75.838295,locality_curated
Sangatiwala,SANGRUR,Punjab,30.268554,75.843577,locality_curated
Dugdha Paschimi,GIRIDIH,Jharkhand,24.159048,86.301575,locality_curated
dugdha south,GIRIDIH,Jharkhand,24.187341,86.33018,locality_curated
parsabeda,GIRIDIH,Jharkhand,24.175065,86.283498,locality_curated
Sundankottai in Pallakurichi,THOOTHUKKUDI,Tamil Nadu,8.782026,78.081094,locality_curated
Alwarkarkulam,THOOTHUKKUDI,Tamil Nadu,8.787349,78.082462,locality_curated
Pazhathottam t Hubbathalai,NILGIRIS(SC),Tamil Nadu,11.468444,76.737867,locality_curated
Muthugula Village Balacola,NILGIRIS(SC),Tamil Nadu,11.484473,76.759063,locality_curated
Tehikil,NILGIRIS(SC),Tamil Nadu,11.502399,76.706424,locality_curated
Ebband,NILGIRIS(SC),Tamil Nadu,11.475328,76.754205,locality_curated
Baralahatty Thummanatty,NILGIRIS(SC),Tamil Nadu,11.462859,76.729055,locality_curated
Naduvattam Town,NILGIRIS(SC),Tamil Nadu,11.52014,76.736248,locality_curated
Deri,JAMNAGAR,Gujarat,22.483801,70.079531,locality_curated
Devarsholai Town,NILGIRIS(SC),Tamil Nadu,11.47087,76.717173,locality_curated
Sakkammalpuram,THOOTHUKKUDI,Tamil Nadu,8.734142,78.073195,locality_curated
Chitrasar,KHEDA,Gujarat,22.731101,72.71146,locality_curated
Khodiyar Mataji,KHEDA,Gujarat,22.729384,72.67778,locality_curated
Parveda,CHELVELLA,Telangana,,,locality_curated
Khanapur,CHELVELLA,Telangana,,,locality_curated
Naincheru,CHELVELLA,Telangana,,,locality_curated
Janal,SANGRUR,Punjab,30.247426,75.865391,locality_curated
Nannampattu Ganapathy,THIRUVANANTHAPURAM,Kerala,8.52716,76.923197,locality_curated
stop,SANGRUR,Punjab,30.241043,75.860268,locality_curated
House,SANGRUR,Punjab,30.266061,75.855188,locality_curated
stops,SANGRUR,Punjab,30.257968,75.819075,locality_curated
Ildek Reserve,TURA,Meghalaya,25.500319,90.192164,locality_curated
Nondakal,TURA,Meghalaya,25.503511,90.193269,locality_curated
Amokgre,TURA,Meghalaya,25.521663,90.19472,locality_curated
Sulya Town,DAKSHINA KANNADA,Karnataka,12.831003,75.224221,locality_curated
Malingaraya,CHIKKODI,Karnataka,16.419109,74.609071,locality_curated
Dangarh,SANGRUR,Punjab,30.221627,75.828655,locality_curated
Sekha,SANGRUR,Punjab,30.253333,75.85955,locality_curated
Kothe,SANGRUR,Punjab,30.218593,75.836361,locality_curated
will be,SANGRUR,Punjab,30.222227,75.864304,locality_curated
ponds,SANGRUR,Punjab,30.222471,75.856176,locality_curated
Laddi,SANGRUR,Punjab,30.23013,75.829857,locality_curated
Nakta,SANGRUR,Punjab,30.232488,75.823471,locality_curated
Hall,SANGRUR,Punjab,30.263165,75.867143,locality_curated
Bharaj,SANGRUR,Punjab,30.222529,75.868885,locality_curated
Gothan,KORBA,Chhattisgarh,22.384898,82.752503,locality_curated
Kotatattu Gram,UDUPI CHIKMAGALUR,Karnataka,13.356307,75.125783,locality_curated
Yadtadi Gram,UDUPI CHIKMAGALUR,Karnataka,13.3409,75.078716,locality_curated
Airodi,UDUPI CHIKMAGALUR,Karnataka,13.336108,75.070307,locality_curated
Nagthari,MAINPURI,Uttar Pradesh,27.211916,79.001227,locality_curated
Gwari,MAINPURI,Uttar Pradesh,27.252643,79.007168,locality_curated
Urthan,MAINPURI,Uttar Pradesh,27.228871,78.990515,locality_curated
Lahra,MAINPURI,Uttar Pradesh,27.210166,79.00203,locality_curated
Jasmai,MAINPURI,Uttar Pradesh,27.249715,79.023991,locality_curated
Jamthari,MAINPURI,Uttar Pradesh,27.242611,79.033237,locality_curated
Nauner,MAINPURI,Uttar Pradesh,27.249198,79.026065,locality_curated
Kutba,SANGRUR,Punjab,30.266913,75.82913,locality_curated
Chuhanke,SANGRUR,Punjab,30.24,75.872198,locality_curated
KalaBula,SANGRUR,Punjab,30.222755,75.84688,locality_curated
Herike,SANGRUR,Punjab,30.236737,75.826641,locality_curated
Moom,SANGRUR,Punjab,30.253544,75.848398,locality_curated
Brahmavar,UDUPI CHIKMAGALUR,Karnataka,13.325214,75.097973,locality_curated
Airodi Gram,UDUPI CHIKMAGALUR,Karnataka,13.35431,75.078464,locality_curated
Koteshwara Gram,UDUPI CHIKMAGALUR,Karnataka,13.354059,75.093904,locality_curated
Kumbashi Gram,UDUPI CHIKMAGALUR,Karnataka,13.32128,75.112577,locality_curated
Ferozpur,SANGRUR,Punjab,30.22356,75.849552,locality_curated
Kalian,SANGRUR,Punjab,30.222435,75.836394,locality_curated
Gowdagere,CHITRADURGA(SC),Karnataka,14.25027,76.379464,locality_curated
Hosur,CHITRADURGA(SC),Karnataka,14.248624,76.388,locality_curated
Chikkanahalli,CHITRADURGA(SC),Karnataka,14.249793,76.392806,locality_curated
Center,SANGRUR,Punjab,30.258908,75.85229,locality_curated
Chowk,SANGRUR,Punjab,30.253631,75.851746,locality_curated
Somasi,MAINPURI,Uttar Pradesh,27.211867,78.997825,locality_curated
Maholi,MAINPURI,Uttar Pradesh,27.239627,78.992254,locality_curated
Daanpatti,MAINPURI,Uttar Pradesh,27.253252,79.030615,locality_curated
Ghutara,MAINPURI,Uttar Pradesh,27.217952,79.023403,locality_curated
Village Semri,MAINPURI,Uttar Pradesh,27.216866,79.035713,locality_curated
Veerpur,MAINPURI,Uttar Pradesh,27.228983,78.996544,locality_curated
Ummalada,ANAKAPALLE,Andhra Pradesh,17.703077,82.982329,locality_curated
Pisinikada,ANAKAPALLE,Andhra Pradesh,17.703724,83.001575,locality_curated
Dabwali,SIRSA(SC),Haryana,29.557637,75.007326,locality_curated
Mataji Dham,AJMER,Rajasthan,26.458629,74.652838,locality_curated
Gigorani,SIRSA(SC),Haryana,29.540683,75.054407,locality_curated
Alanoor,SIRSA(SC),Haryana,29.546597,75.010412,locality_curated
Taruana,SIRSA(SC),Haryana,29.508441,75.017364,locality_curated
Baijalpur,SIRSA(SC),Haryana,29.518156,75.005598,locality_curated
Tarantarn,SANGRUR,Punjab,30.247292,75.861958,locality_curated
Savarkar,MALKAJGIRI,Telangana,17.481729,78.50886,locality_curated
Mota Devliya,AMRELI,Gujarat,21.585193,71.219784,locality_curated
Hamapur,AMRELI,Gujarat,21.618729,71.209971,locality_curated
Rampar,AMRELI,Gujarat,21.621924,71.213259,locality_curated
Harsurpur,AMRELI,Gujarat,21.629773,71.205433,locality_curated
Moto Ankadiya,AMRELI,Gujarat,21.615977,71.226833,locality_curated
Malwan,AMRELI,Gujarat,21.625547,71.221097,locality_curated
Baval,AMRELI,Gujarat,21.601096,71.250541,locality_curated
Bavishi,AMRELI,Gujarat,21.583917,71.22173,locality_curated
Kolda,AMRELI,Gujarat,21.612317,71.245549,locality_curated
Megha pipaliya,AMRELI,Gujarat,21.610828,71.190978,locality_curated
Dantradi,AMRELI,Gujarat,21.582737,71.218585,locality_curated
Agariya,AMRELI,Gujarat,21.60685,71.192575,locality_curated
Sajanavav,AMRELI,Gujarat,21.6029,71.245571,locality_curated
Manpur,AMRELI,Gujarat,21.593902,71.241794,locality_curated
Konjali,AMRELI,Gujarat,21.609308,71.250441,locality_curated
Karamdiya,AMRELI,Gujarat,21.614256,71.244834,locality_curated
Jatharla,ADILABAD(ST),Telangana,19.657959,78.551744,locality_curated
Hanman,ADILABAD(ST),Telangana,19.646093,78.519651,locality_curated
Gouda,ADILABAD(ST),Telangana,19.644721,78.535979,locality_curated
Podichedu,BHONGIR,Telangana,17.485606,78.869319,locality_curated
bakhri,MUZAFFARPUR,Bihar,26.138776,85.382626,locality_curated
antargat shivram,DARBHANGA,Bihar,26.1547,85.907749,locality_curated
antargat jarison,DARBHANGA,Bihar,26.165926,85.862459,locality_curated
Chak ahmad,MUZAFFARPUR,Bihar,26.147307,85.360567,locality_curated
Mistri,BARDOLI(ST),Gujarat,21.105234,73.118467,locality_curated
Kani,BARDOLI(ST),Gujarat,21.110345,73.126913,locality_curated
Kakrapar,BARDOLI(ST),Gujarat,21.101636,73.120045,locality_curated
Shivaji,KOTTAYAM,Kerala,9.597251,76.50456,locality_curated
Sudawad,AMRELI,Gujarat,21.617123,71.21783,locality_curated
Bagcha,RAIGANJ,West Bengal,25.610841,88.088737,locality_curated
radhikapur,RAIGANJ,West Bengal,25.633454,88.131244,locality_curated
Chas Swarnakar,DHANBAD,Jharkhand,23.812007,86.439876,locality_curated
durga,RAIGANJ,West Bengal,25.644908,88.117097,locality_curated
Karunkulam,SIVAGANGA,Tamil Nadu,9.831531,78.503028,locality_curated
NAGARJUNA,NALGONDA,Telangana,17.049018,79.23637,locality_curated
Rongtharve,Diphu (ST),Assam,25.835652,93.410659,locality_curated
Building,NAGARKURNOOL(SC),Telangana,16.468083,78.332732,locality_curated
Keshrama,MUZAFFARPUR,Bihar,26.132955,85.340479,locality_curated
Amrakh,MUZAFFARPUR,Bihar,26.126616,85.378999,locality_curated
Mahanth Maniari,MUZAFFARPUR,Bihar,26.139148,85.390713,locality_curated
Raghunathpur Madhuban,MUZAFFARPUR,Bihar,26.114969,85.330719,locality_curated
Sarswati Shishu,KHARGONE(ST),Madhya Pradesh,21.838265,75.641034,locality_curated
Ram,KHARGONE(ST),Madhya Pradesh,21.814952,75.591861,locality_curated
Agency Nagar,SHIMLA (SC),Himachal Pradesh,31.100416,77.154293,locality_curated
Mahasu Devta,SHIMLA (SC),Himachal Pradesh,31.122536,77.190782,locality_curated
Ujanga,KENDRAPARA,Odisha,20.533919,86.42489,locality_curated
Khyapa,RAIGANJ,West Bengal,25.611003,88.101998,locality_curated
Mannabasti,RAIGANJ,West Bengal,25.620673,88.141368,locality_curated
Gurjar Samaj,KHARGONE(ST),Madhya Pradesh,21.848201,75.620458,locality_curated
Malakar Samaj,KHARGONE(ST),Madhya Pradesh,21.807868,75.598235,locality_curated
Rajput,KHARGONE(ST),Madhya Pradesh,21.82181,75.588807,locality_curated
Kotahalli,BANGALORE RURAL,Karnataka,13.167646,77.381879,locality_curated
Averahalli,BANGALORE RURAL,Karnataka,13.125801,77.416762,locality_curated
Hunisedoddi,BANGALORE RURAL,Karnataka,13.16749,77.39124,locality_curated
Shibnagar,RAIGANJ,West Bengal,25.637678,88.137043,locality_curated
Doddagangawadi,BANGALORE RURAL,Karnataka,13.156931,77.36917,locality_curated
Bannikuppe,BANGALORE RURAL,Karnataka,13.166627,77.395104,locality_curated
Kunthurdoddi,BANGALORE RURAL,Karnataka,13.137964,77.38418,locality_curated
VALLAVPUR,PANCHMAHAL,Gujarat,22.697497,73.617498,locality_curated
KHANDIYA,PANCHMAHAL,Gujarat,22.696792,73.613849,locality_curated
DALVADA,PANCHMAHAL,Gujarat,22.700676,73.612682,locality_curated
LIMBODRA,PANCHMAHAL,Gujarat,22.689236,73.577193,locality_curated
DHAYKA,PANCHMAHAL,Gujarat,22.707448,73.608886,locality_curated
KHURD,PANCHMAHAL,Gujarat,22.683961,73.591696,locality_curated
TADVA,PANCHMAHAL,Gujarat,22.694196,73.612688,locality_curated
DELOCHIYA,PANCHMAHAL,Gujarat,22.694991,73.613789,locality_curated
MOR,PANCHMAHAL,Gujarat,22.708035,73.576316,locality_curated
DOKVA,PANCHMAHAL,Gujarat,22.674408,73.584007,locality_curated
MORVA,PANCHMAHAL,Gujarat,22.693893,73.613915,locality_curated
TARSANG,PANCHMAHAL,Gujarat,22.706539,73.585512,locality_curated
BAMROLI,PANCHMAHAL,Gujarat,22.69328,73.61413,locality_curated
Hulavady,BANGALORE RURAL,Karnataka,13.145096,77.431799,locality_curated
MUVAD,PANCHMAHAL,Gujarat,22.697323,73.613195,locality_curated
Shiv,SALEMPUR,Uttar Pradesh,26.288925,83.829652,locality_curated
Muruda,JAGATSINGHPUR(SC),Odisha,20.236184,86.196266,locality_curated
Amavan,BANDA,Uttar Pradesh,25.45788,80.339406,locality_curated
Tindwara,BANDA,Uttar Pradesh,25.465515,80.337144,locality_curated
Dingwahi,BANDA,Uttar Pradesh,25.495035,80.323271,locality_curated
Murawan,BANDA,Uttar Pradesh,25.471263,80.345488,locality_curated
Ladaka,BANDA,Uttar Pradesh,25.467819,80.355377,locality_curated
Antergart Belgachhi,KISHANGANJ,Bihar,26.113201,87.931472,locality_curated
Antergart Dariapur,KISHANGANJ,Bihar,26.110099,87.967192,locality_curated
Antergart Babhani,KISHANGANJ,Bihar,26.083146,87.946076,locality_curated
Antergart Thathauli,KISHANGANJ,Bihar,26.070462,87.944504,locality_curated
Ambakudi,SIVAGANGA,Tamil Nadu,9.856658,78.507643,locality_curated
Mithravayal,SIVAGANGA,Tamil Nadu,9.861275,78.458689,locality_curated
Udayanur,SIVAGANGA,Tamil Nadu,9.821708,78.487054,locality_curated
Antergart Dagarua,KISHANGANJ,Bihar,26.089847,87.918915,locality_curated
Antergart Majhua,KISHANGANJ,Bihar,26.098723,87.964693,locality_curated
Antergart Dhurpaili,KISHANGANJ,Bihar,26.11488,87.958929,locality_curated
Antergart Nitandar,KISHANGANJ,Bihar,26.086174,87.971775,locality_curated
Antergart Karia,KISHANGANJ,Bihar,26.123798,87.947717,locality_curated
Antergart Pothia,KISHANGANJ,Bihar,26.081778,87.934236,locality_curated
Antergart Dahuabari,KISHANGANJ,Bihar,26.076659,87.936202,locality_curated
Antergart Bhawanipur,KISHANGANJ,Bihar,26.122442,87.934277,locality_curated
Antergart Bishnupur,KISHANGANJ,Bihar,26.094304,87.918414,locality_curated
Ponnamaravathi Town,SIVAGANGA,Tamil Nadu,9.861973,78.484067,locality_curated
Kottai,SIVAGANGA,Tamil Nadu,9.861283,78.478676,locality_curated
Vandakottai,SIVAGANGA,Tamil Nadu,9.868532,78.468607,locality_curated
Vembakudi,SIVAGANGA,Tamil Nadu,9.826332,78.487193,locality_curated
Melur,SIVAGANGA,Tamil Nadu,9.873242,78.484143,locality_curated
Antergart Chandel,KISHANGANJ,Bihar,26.112701,87.924395,locality_curated
Antergart Majhok,KISHANGANJ,Bihar,26.111948,87.941866,locality_curated
Antergart Khapra,KISHANGANJ,Bihar,26.109185,87.960208,locality_curated
Edayamputhur,KANCHEEPURAM(SC),Tamil Nadu,12.843395,79.684899,locality_curated
Antergart Rauta,KISHANGANJ,Bihar,26.081245,87.967344,locality_curated
Antergart Sisabari,KISHANGANJ,Bihar,26.112194,87.939055,locality_curated
Mangara Piaji,KISHANGANJ,Bihar,26.11073,87.94597,locality_curated
Baisi Nagar,KISHANGANJ,Bihar,26.124018,87.929863,locality_curated
Antergart Chopara,KISHANGANJ,Bihar,26.083712,87.954673,locality_curated
Sadipur Bhatha,KISHANGANJ,Bihar,26.072401,87.920198,locality_curated
Sugwa Mahanandpur,KISHANGANJ,Bihar,26.112587,87.913622,locality_curated
Antergart Ganghar,KISHANGANJ,Bihar,26.102655,87.914157,locality_curated
Antergart Minapur,KISHANGANJ,Bihar,26.086574,87.954446,locality_curated
Madugula,ANAKAPALLE,Andhra Pradesh,17.671169,83.007447,locality_curated
KOLHUDIH,SIDHI,Madhya Pradesh,24.432462,81.856524,locality_curated
Viradi,AMRELI,Gujarat,21.604604,71.201854,locality_curated
Kotra,JALORE,Rajasthan,25.336907,72.589775,locality_curated
ghar se,AZAMGARH,Uttar Pradesh,26.089747,83.17018,locality_curated
Bij,JUNAGADH,Gujarat,21.546065,70.465743,locality_curated
madanpur,JHANJHARPUR,Bihar,26.272702,86.249977,locality_curated
Panchamukhi Hanuman,NIZAMABAD,Telangana,18.699326,78.097477,locality_curated
antrgat nagar,VALMIKI NAGAR,Bihar,27.070939,84.306251,locality_curated
Laxmi Narsimha,NIZAMABAD,Telangana,18.645902,78.100482,locality_curated
BHAGDAL,BHIWANDI,Maharashtra,19.290141,73.078709,locality_curated
UMBHRAI,BHIWANDI,Maharashtra,19.293451,73.095851,locality_curated
SHENAWE,BHIWANDI,Maharashtra,19.291883,73.042632,locality_curated
SANE,BHIWANDI,Maharashtra,19.29269,73.046058,locality_curated
NANDVAL,BHIWANDI,Maharashtra,19.279576,73.091039,locality_curated
LAVALE,BHIWANDI,Maharashtra,19.290467,73.04007,locality_curated
thakraha antrgat,VALMIKI NAGAR,Bihar,27.055391,84.292555,locality_curated
Beeraiah,NIZAMABAD,Telangana,18.669354,78.111083,locality_curated
DEVGAON,BHIWANDI,Maharashtra,19.269454,73.07248,locality_curated
Medi,AMRELI,Gujarat,21.613574,71.233505,locality_curated
Chirakkara Grama,KOLLAM,Kerala,8.871875,76.632212,locality_curated
SHIRSAD,BHIWANDI,Maharashtra,19.274913,73.086183,locality_curated
Nana,AMRELI,Gujarat,21.594158,71.251736,locality_curated
Samadh,SANGRUR,Punjab,30.218143,75.848841,locality_curated
Gudivada Gaddi,ARAKU(ST),Andhra Pradesh,18.359576,82.871149,locality_curated
Luwaria,AMRELI,Gujarat,21.582472,71.220491,locality_curated
Dhavadiya,AMRELI,Gujarat,21.584822,71.214546,locality_curated
Suragpar,AMRELI,Gujarat,21.613227,71.239268,locality_curated
Mathura,HAJIPUR(SC),Bihar,25.714933,85.230948,locality_curated
Mookkanur panchayat Mookkanur,DHARAMAPURI,Tamil Nadu,,,locality_curated
Somenahalli panchayat Gorapalli,DHARAMAPURI,Tamil Nadu,,,locality_curated
Samanur,DHARAMAPURI,Tamil Nadu,,,locality_curated
Swayambhu Hanuman,NIZAMABAD,Telangana,18.693644,78.106885,locality_curated
Maniyampadi,DHARAMAPURI,Tamil Nadu,,,locality_curated
Annamalaihalli panchayat Annamalaihalli,DHARAMAPURI,Tamil Nadu,,,locality_curated
Adilam,DHARAMAPURI,Tamil Nadu,,,locality_curated
Kattampatty,DHARAMAPURI,Tamil Nadu,,,locality_curated
Somenahalli,DHARAMAPURI,Tamil Nadu,,,locality_curated
Gollahalli,DHARAMAPURI,Tamil Nadu,,,locality_curated
Selliyampatty,DHARAMAPURI,Tamil Nadu,,,locality_curated
Sekkodi panchayat Sekkodi,DHARAMAPURI,Tamil Nadu,,,locality_curated
Kalva,KURNOOL,Andhra Pradesh,15.838793,78.048033,locality_curated
Sahdai Buzurg,HAJIPUR(SC),Bihar,25.67805,85.221311,locality_curated
Adhiyamankottai,DHARAMAPURI,Tamil Nadu,,,locality_curated
Velampatty panchayat Velampatty,DHARAMAPURI,Tamil Nadu,,,locality_curated
Pallipatti panchayat Pallipatti,DHARAMAPURI,Tamil Nadu,,,locality_curated
Giddanahalli panchayat Giddanahalli,DHARAMAPURI,Tamil Nadu,,,locality_curated
Madehalli panchayat Madhehalli,DHARAMAPURI,Tamil Nadu,,,locality_curated
Renuka Yellamma,NIZAMABAD,Telangana,18.653877,78.109919,locality_curated
Durgamma,NIZAMABAD,Telangana,18.65174,78.092468,locality_curated
Lakkiyampatti,DHARAMAPURI,Tamil Nadu,,,locality_curated
Papparapatty Town,DHARAMAPURI,Tamil Nadu,,,locality_curated
Pennagaram Town,DHARAMAPURI,Tamil Nadu,,,locality_curated
Koothapadi,DHARAMAPURI,Tamil Nadu,,,locality_curated
Kalappampadi panchayat Kalappampadi,DHARAMAPURI,Tamil Nadu,,,locality_curated
Perumbalai,DHARAMAPURI,Tamil Nadu,,,locality_curated
Sogathur panchayat Nallagoundanahalli,DHARAMAPURI,Tamil Nadu,,,locality_curated
Thiothiyoppanahalli,DHARAMAPURI,Tamil Nadu,,,locality_curated
Senganur panchayat Periyapallthur,DHARAMAPURI,Tamil Nadu,,,locality_curated
Sathiyanathapuram,DHARAMAPURI,Tamil Nadu,,,locality_curated
Gendayanahalli panchayat Bodampatty,DHARAMAPURI,Tamil Nadu,,,locality_curated
Dhonnkuttlahalli,DHARAMAPURI,Tamil Nadu,,,locality_curated
Sunchalnatham pancahayat Indira,DHARAMAPURI,Tamil Nadu,,,locality_curated
Madaleshwara Swamy,NIZAMABAD,Telangana,18.64906,78.088741,locality_curated
Bhemanna,NIZAMABAD,Telangana,18.679012,78.077806,locality_curated
Panchamukhi hanuman,NIZAMABAD,Telangana,18.66529,78.117424,locality_curated
Kalappampadi panchayat Kopalur,DHARAMAPURI,Tamil Nadu,,,locality_curated
Paruvathanahalli panchayat Kallipuram,DHARAMAPURI,Tamil Nadu,,,locality_curated
Thithiyoppanahalli panchayat Gowerchettypatty,DHARAMAPURI,Tamil Nadu,,,locality_curated
Pikkili panchayat Malaiyur,DHARAMAPURI,Tamil Nadu,,,locality_curated
Dhalavaihalli,DHARAMAPURI,Tamil Nadu,,,locality_curated
Errabaiyanahalli,DHARAMAPURI,Tamil Nadu,,,locality_curated
Bandahalli,DHARAMAPURI,Tamil Nadu,,,locality_curated
Anjehalli panchayat Rangapuram,DHARAMAPURI,Tamil Nadu,,,locality_curated
Thadangam,DHARAMAPURI,Tamil Nadu,,,locality_curated
Konangihalli,DHARAMAPURI,Tamil Nadu,,,locality_curated
mallapuram Town,DHARAMAPURI,Tamil Nadu,,,locality_curated
Kalleli Sastha,THRISSUR,Kerala,10.536394,76.196846,locality_curated
beerappa,NAGARKURNOOL(SC),Telangana,16.495529,78.293087,locality_curated
Shivanjaneya Swamy,NAGARKURNOOL(SC),Telangana,16.475047,78.343812,locality_curated
ILANGALOORKAVU BHAGAVATHY,ATTINGAL,Kerala,8.672163,76.80709,locality_curated
KADAMPATTUKONAM MAHAVISHNU,ATTINGAL,Kerala,8.674489,76.787185,locality_curated
Darengre,TURA,Meghalaya,25.506403,90.185409,locality_curated
Dahi Thara,AMRELI,Gujarat,21.607352,71.198165,locality_curated
Goraiyakoth,MAHARAJGANJ_BR,Bihar,26.113945,84.484514,locality_curated
Caseway,ANANDPUR SAHIB,Punjab,31.25819,76.500452,locality_curated
Machayal,MANDI,Himachal Pradesh,31.693788,76.929519,locality_curated
Idikarai Town,COIMBATORE,Tamil Nadu,11.012262,76.932015,locality_curated
Kallipalayam Village,COIMBATORE,Tamil Nadu,11.018787,76.93654,locality_curated
Kallipalayam,COIMBATORE,Tamil Nadu,11.001159,76.976196,locality_curated
primary,BULANDSHAHR(SC),Uttar Pradesh,28.413767,77.867936,locality_curated
Thakurani,RAIGANJ,West Bengal,25.628878,88.094349,locality_curated
Visaliya,AMRELI,Gujarat,21.61026,71.23499,locality_curated
Rabhada,AMRELI,Gujarat,21.621202,71.21277,locality_curated
Akhitarpur,HAJIPUR(SC),Bihar,25.677037,85.189505,locality_curated
Bhandisahi,JAGATSINGHPUR(SC),Odisha,20.248265,86.195855,locality_curated
Kurujanga,JAGATSINGHPUR(SC),Odisha,20.254362,86.202229,locality_curated
Bangurigaon,JAGATSINGHPUR(SC),Odisha,20.246147,86.18522,locality_curated
Bhalui,HAJIPUR(SC),Bihar,25.67277,85.203986,locality_curated
Aminda Rangsa,TURA,Meghalaya,25.49981,90.241551,locality_curated
Mandanggre,TURA,Meghalaya,25.530179,90.236187,locality_curated
SASEDI,KARAULI-DHOLPUR(SC),Rajasthan,,,locality_curated
Tad,KHEDA,Gujarat,22.736255,72.684964,locality_curated
Badodara,KHEDA,Gujarat,22.714857,72.704699,locality_curated
balra,MUZAFFARPUR,Bihar,26.128321,85.340698,locality_curated
chikhalputi,BASTAR(ST),Chhattisgarh,19.274275,81.690615,locality_curated
Jarhua malang asthan,MUZAFFARPUR,Bihar,26.125477,85.385145,locality_curated
gumat,KARAULI-DHOLPUR(SC),Rajasthan,,,locality_curated
Kaithaulia,HAJIPUR(SC),Bihar,25.675726,85.204099,locality_curated
Hanuman,CHELVELLA,Telangana,,,locality_curated
Padmaul,MUZAFFARPUR,Bihar,26.104743,85.38858,locality_curated
Sadan,MANDI,Himachal Pradesh,31.734166,76.928578,locality_curated
Mokshdham,MANDI,Himachal Pradesh,31.69737,76.945253,locality_curated
Gobindpur,HAJIPUR(SC),Bihar,25.666572,85.19598,locality_curated
sadikpur moraul,MUZAFFARPUR,Bihar,26.136019,85.357897,locality_curated
Bhagsar,SIRSA(SC),Haryana,29.524554,75.015356,locality_curated
PARSADA,RAIPUR,Chhattisgarh,21.274876,81.614465,locality_curated
DATRENGA,RAIPUR,Chhattisgarh,21.23064,81.628042,locality_curated
Mata Bhambhori,MANDI,Himachal Pradesh,31.687143,76.909468,locality_curated
Tullah,MANDI,Himachal Pradesh,31.684635,76.933694,locality_curated
Chaterbhuja Mata,MANDI,Himachal Pradesh,31.687747,76.905952,locality_curated
Thuhawan,MUZAFFARPUR,Bihar,26.14007,85.353348,locality_curated
BHATGAON,RAIPUR,Chhattisgarh,21.272465,81.61655,locality_curated
SEMARIYA,RAIPUR,Chhattisgarh,21.269932,81.623898,locality_curated
Kurichikkanahalli,BANGALORE SOUTH,Karnataka,12.889174,77.587776,locality_curated
Desri,HAJIPUR(SC),Bihar,25.690676,85.177387,locality_curated
MALAV,PANCHMAHAL,Gujarat,22.707594,73.574249,locality_curated
ALALI,PANCHMAHAL,Gujarat,22.689624,73.617096,locality_curated
Kulasahi,JAGATSINGHPUR(SC),Odisha,20.225225,86.185442,locality_curated
Alasahi,JAGATSINGHPUR(SC),Odisha,20.27444,86.15219,locality_curated
Kaliakan,JAGATSINGHPUR(SC),Odisha,20.274971,86.185908,locality_curated
Koruala,JAGATSINGHPUR(SC),Odisha,20.232367,86.144352,locality_curated
makrauta,NALANDA,Bihar,25.117032,85.427273,locality_curated
Rani Pokhar,DHANBAD,Jharkhand,23.785239,86.443553,locality_curated
Mid Point,DHANBAD,Jharkhand,23.779022,86.434608,locality_curated
Kanchanpur,DHANBAD,Jharkhand,23.803465,86.407084,locality_curated
Brahmandiha Gram,BANKURA,West Bengal,23.254047,87.055985,locality_curated
Govt Primary,JAMMU,Jammu And Kashmir,32.728506,74.873119,locality_curated
Lamberdar,JAMMU,Jammu And Kashmir,32.712769,74.874024,locality_curated
Ayyampalayam,POLLACHI,Tamil Nadu,10.658238,77.035779,locality_curated
Santhegoundenpalayam Village,POLLACHI,Tamil Nadu,10.643799,76.995208,locality_curated
Vellalore Town,POLLACHI,Tamil Nadu,10.678747,77.028184,locality_curated
kinathukadavu Town,POLLACHI,Tamil Nadu,10.672885,76.988933,locality_curated
Shnati,LOHARDAGA(ST),Jharkhand,23.445414,84.673094,locality_curated
Ramdev,AJMER,Rajasthan,26.455323,74.623258,locality_curated
koraiya,KHERI,Uttar Pradesh,27.88997,80.785061,locality_curated
Banbudheli,KHERI,Uttar Pradesh,27.918083,80.768928,locality_curated
Datpur,KHERI,Uttar Pradesh,27.886675,80.777682,locality_curated
ramapur,KHERI,Uttar Pradesh,27.91346,80.775544,locality_curated
Mataji,KHERI,Uttar Pradesh,27.914018,80.753574,locality_curated
Sansarpur,KHERI,Uttar Pradesh,27.907607,80.753106,locality_curated
Rampur,KHERI,Uttar Pradesh,27.874677,80.777678,locality_curated
Bankepur,KHERI,Uttar Pradesh,27.921528,80.744775,locality_curated
Ayyappa,MAHABUBABAD,Telangana,17.613493,80.021798,locality_curated
AMC,MAHABUBABAD,Telangana,17.610861,79.976639,locality_curated
Subhashnagar,MAHABUBABAD,Telangana,17.586905,80.010352,locality_curated
Rajupeta,MAHABUBABAD,Telangana,17.586486,80.0,locality_curated
Jagadeesh,MAHABUBABAD,Telangana,17.583705,80.00871,locality_curated
Kotha,MAHABUBABAD,Telangana,17.588426,79.978094,locality_curated
Medical,MAHABUBABAD,Telangana,17.58491,80.02742,locality_curated
Mohamad,CHELVELLA,Telangana,,,locality_curated
Mohabath,CHELVELLA,Telangana,,,locality_curated
Peddemul,CHELVELLA,Telangana,,,locality_curated
Grant,KHERI,Uttar Pradesh,27.919569,80.78438,locality_curated
Babarpur,KHERI,Uttar Pradesh,27.911466,80.784925,locality_curated
Dalpur,KHERI,Uttar Pradesh,27.879564,80.795681,locality_curated
office,JALNA,Maharashtra,19.823023,75.850876,locality_curated
Virandavan,KHERI,Uttar Pradesh,27.911688,80.789607,locality_curated
Kushmori,KHERI,Uttar Pradesh,27.871012,80.77287,locality_curated
Bhagoda,KHERI,Uttar Pradesh,27.917739,80.742372,locality_curated
Jayanagar,SITAMARHI,Bihar,26.571635,85.480054,locality_curated
Bojanapuram,VELLORE,Tamil Nadu,12.929822,79.14768,locality_curated
Basti,HAMIRPUR_HP,Himachal Pradesh,31.712027,76.504866,locality_curated
Runni Saidpur,SITAMARHI,Bihar,26.606026,85.503322,locality_curated
Vinayaganandhal,CUDDALORE,Tamil Nadu,11.749372,79.79814,locality_curated
Poyanapadi,CUDDALORE,Tamil Nadu,11.770981,79.791805,locality_curated
Kothattai village,CUDDALORE,Tamil Nadu,11.73552,79.755085,locality_curated
Pasar village,CUDDALORE,Tamil Nadu,11.768017,79.763552,locality_curated
Vadakari village,CUDDALORE,Tamil Nadu,11.759156,79.746965,locality_curated
Arasankudi,CUDDALORE,Tamil Nadu,11.735723,79.786344,locality_curated
Kallur,CUDDALORE,Tamil Nadu,11.758991,79.790844,locality_curated
Rettakurichi,CUDDALORE,Tamil Nadu,11.761185,79.763625,locality_curated
Podaiyur,CUDDALORE,Tamil Nadu,11.732086,79.789453,locality_curated
Lagama,SITAMARHI,Bihar,26.607747,85.484937,locality_curated
Veppur,CUDDALORE,Tamil Nadu,11.742885,79.785754,locality_curated
Navagoda,DHANBAD,Jharkhand,23.794715,86.40985,locality_curated
NISCHINDAH GRAM,SREERAMPUR,West Bengal,22.71527,88.79365,locality_curated
KRK,ADILABAD(ST),Telangana,19.649967,78.55251,locality_curated
Dwaraka,ADILABAD(ST),Telangana,19.650776,78.554474,locality_curated
Radha Krishnaa,ADILABAD(ST),Telangana,19.668552,78.562521,locality_curated
Kailash,ADILABAD(ST),Telangana,19.645818,78.527186,locality_curated
Dhobi,ADILABAD(ST),Telangana,19.691023,78.531499,locality_curated
Brundavan,ADILABAD(ST),Telangana,19.673879,78.55933,locality_curated
Gram Kothi,AURANGABAD_BR,Bihar,24.767614,84.393953,locality_curated
kori,HOSHANGABAD,Madhya Pradesh,22.748051,77.7036,locality_curated
adarsh,HOSHANGABAD,Madhya Pradesh,22.761797,77.710561,locality_curated
thakur ji,HOSHANGABAD,Madhya Pradesh,22.76601,77.72796,locality_curated
Cremation Ground,JAMMU,Jammu And Kashmir,32.712218,74.863563,locality_curated
village Upper Dhangri,JAMMU,Jammu And Kashmir,32.718905,74.836455,locality_curated
Village Lohri,AURANGABAD_BR,Bihar,24.732559,84.37482,locality_curated
Bazaar   Biraj,AURANGABAD_BR,Bihar,24.739062,84.390212,locality_curated
Ravidas,AURANGABAD_BR,Bihar,24.727507,84.366451,locality_curated
sakkanthi,SIVAGANGA,Tamil Nadu,9.817241,78.496247,locality_curated
Sau,SAGAR,Madhya Pradesh,23.822107,78.736203,locality_curated
jagannath,MAYURBHANJ (ST),Odisha,21.926425,86.712381,locality_curated
sendokacha,MAYURBHANJ (ST),Odisha,21.961799,86.727923,locality_curated
sai,MAYURBHANJ (ST),Odisha,21.923133,86.754316,locality_curated
Burjugadda Maisamma,MAHABUBNAGAR,Telangana,16.687249,77.94469,locality_curated
Thirumalanatha Swamy,MAHABUBNAGAR,Telangana,16.673524,77.968351,locality_curated
keel Nemli,CUDDALORE,Tamil Nadu,11.756009,79.759717,locality_curated
Aadhamangalam village,CUDDALORE,Tamil Nadu,11.767075,79.774835,locality_curated
Niramani,CUDDALORE,Tamil Nadu,11.73221,79.763534,locality_curated
Melnallathur,TIRUVALLUR(SC),Tamil Nadu,13.118481,79.925778,locality_curated
arunthathipalayam,TIRUVALLUR(SC),Tamil Nadu,13.115299,79.899511,locality_curated
Ramancheri,TIRUVALLUR(SC),Tamil Nadu,13.117129,79.929191,locality_curated
Keelanur,TIRUVALLUR(SC),Tamil Nadu,13.124999,79.910777,locality_curated
mavoor,TIRUVALLUR(SC),Tamil Nadu,13.151861,79.901662,locality_curated
Kunnavalam,TIRUVALLUR(SC),Tamil Nadu,13.125999,79.889442,locality_curated
Thathaimanju,TIRUVALLUR(SC),Tamil Nadu,13.112159,79.891566,locality_curated
Periyapalayam,TIRUVALLUR(SC),Tamil Nadu,13.134439,79.922833,locality_curated
Palayanur,TIRUVALLUR(SC),Tamil Nadu,13.129805,79.922291,locality_curated
Vichoor,TIRUVALLUR(SC),Tamil Nadu,13.139422,79.929934,locality_curated
Ariyanyol,TIRUVALLUR(SC),Tamil Nadu,13.143899,79.885457,locality_curated
Gummidipoondi Town,TIRUVALLUR(SC),Tamil Nadu,13.141746,79.879805,locality_curated
Purivakkam,TIRUVALLUR(SC),Tamil Nadu,13.155901,79.910681,locality_curated
Ansodar,AMRELI,Gujarat,21.579654,71.205293,locality_curated
Vazhuthalampattu village,CUDDALORE,Tamil Nadu,11.737058,79.757598,locality_curated
Ayikuppam,CUDDALORE,Tamil Nadu,11.752365,79.746117,locality_curated
Gokharwala,AMRELI,Gujarat,21.580285,71.207601,locality_curated
Villnagapattu village,CUDDALORE,Tamil Nadu,11.726773,79.788339,locality_curated
Hanuman,MAHABUBABAD,Telangana,17.621237,79.995264,locality_curated
Kallar,KOLLAM,Kerala,8.911417,76.638569,locality_curated
Motabhandariya,AMRELI,Gujarat,21.602442,71.194607,locality_curated
Hajibari,RAIGANJ,West Bengal,25.600538,88.138111,locality_curated
Chikkenahalli,CHITRADURGA(SC),Karnataka,14.247593,76.409153,locality_curated
Pachhegam,AMRELI,Gujarat,21.617315,71.212343,locality_curated
Satpada,AMRELI,Gujarat,21.598517,71.252564,locality_curated
Maa Hingula,NABARANGPUR(ST),Odisha,19.251496,82.570208,locality_curated
Samandarwadi,NANDED,Maharashtra,19.111196,77.32351,locality_curated
Thakkelapahad,BHONGIR,Telangana,17.523193,78.896052,locality_curated
Nagar,AMRELI,Gujarat,21.622252,71.232952,locality_curated
Shani,NANDED,Maharashtra,19.149072,77.335081,locality_curated
Ithalar,NILGIRIS(SC),Tamil Nadu,11.497001,76.750662,locality_curated
Palayam,CUDDALORE,Tamil Nadu,11.77417,79.785613,locality_curated
Palayamchettikulam,TIRUNELVELI,Tamil Nadu,8.727784,77.75943,locality_curated
Puvanikuppam,CUDDALORE,Tamil Nadu,11.733322,79.777764,locality_curated
Puthur,CUDDALORE,Tamil Nadu,11.74494,79.757861,locality_curated
kashimnagar,MALDAHA DAKSHIN,West Bengal,24.86295,88.146107,locality_curated
Maa Kali,BUXAR,Bihar,25.551156,84.005937,locality_curated
dhani,SIKAR,Rajasthan,27.606691,75.174842,locality_curated
Dhani,SIKAR,Rajasthan,27.585343,75.145671,locality_curated
Alichakudi,CUDDALORE,Tamil Nadu,11.734893,79.779129,locality_curated
pratappur,GIRIDIH,Jharkhand,24.201434,86.313612,locality_curated
bandhdih in maniyadih,GIRIDIH,Jharkhand,24.201577,86.330083,locality_curated
Kalbemal,ZAHIRABAD,Telangana,17.697928,77.609521,locality_curated
ZPHS,ZAHIRABAD,Telangana,17.697257,77.613122,locality_curated
Raghavapur,ZAHIRABAD,Telangana,17.696286,77.620805,locality_curated
Chalki,ZAHIRABAD,Telangana,17.684752,77.626775,locality_curated
Nyalkal,ZAHIRABAD,Telangana,17.65868,77.608621,locality_curated
Gunjetti,ZAHIRABAD,Telangana,17.691796,77.578432,locality_curated
Hanuman,ZAHIRABAD,Telangana,17.684757,77.626869,locality_curated
office,ZAHIRABAD,Telangana,17.697558,77.633751,locality_curated
Ranjole,ZAHIRABAD,Telangana,17.669041,77.596853,locality_curated
Pastapur,ZAHIRABAD,Telangana,17.707854,77.617392,locality_curated
Allipur,ZAHIRABAD,Telangana,17.680741,77.584852,locality_curated
Hyderbada,ZAHIRABAD,Telangana,17.659601,77.590568,locality_curated
Gram,ZAHIRABAD,Telangana,17.697236,77.605466,locality_curated
Anegunta,ZAHIRABAD,Telangana,17.667642,77.586757,locality_curated
dumarkudar in hisim,GIRIDIH,Jharkhand,24.172415,86.320848,locality_curated
pathuria,GIRIDIH,Jharkhand,24.188823,86.280214,locality_curated
bhartiya chalkari,GIRIDIH,Jharkhand,24.177437,86.283265,locality_curated
bandh,GIRIDIH,Jharkhand,24.188761,86.331592,locality_curated
dardmara,GIRIDIH,Jharkhand,24.208421,86.303272,locality_curated
jainagar,GIRIDIH,Jharkhand,24.156572,86.297906,locality_curated
Paglapar Shiv,Darrang-Udalguri,Assam,,,locality_curated
Uma Maheswar,Darrang-Udalguri,Assam,,,locality_curated
Shree Shree Lakhinarayan,Darrang-Udalguri,Assam,,,locality_curated
Dangdupur Siva,Darrang-Udalguri,Assam,,,locality_curated
Pachim Hahinigaon Shiv,Darrang-Udalguri,Assam,,,locality_curated
Uttar Christainpara Shiv,Darrang-Udalguri,Assam,,,locality_curated
Meskapukhuri Tamulbasti Kali,Darrang-Udalguri,Assam,,,locality_curated
Mahoda,DHANBAD,Jharkhand,23.799221,86.444761,locality_curated
Sonaripara Brahma,Darrang-Udalguri,Assam,,,locality_curated
Jagannathjhar Ram Narayan,Darrang-Udalguri,Assam,,,locality_curated
Barbali Sitha Lakshi,Darrang-Udalguri,Assam,,,locality_curated
Gurihati Rash,Darrang-Udalguri,Assam,,,locality_curated
Ram,Darrang-Udalguri,Assam,,,locality_curated
Bishnu,Darrang-Udalguri,Assam,,,locality_curated
Hatigarh Jagannath,Darrang-Udalguri,Assam,,,locality_curated
Shree Shree Shiv,Darrang-Udalguri,Assam,,,locality_curated
Jorpukhuri Anchalik Bathou,Darrang-Udalguri,Assam,,,locality_curated
Radha Govinda,Darrang-Udalguri,Assam,,,locality_curated
Nagarajupalli,BAPATLA,Andhra Pradesh,15.886991,80.472204,locality_curated
Basistha Kuldevi,Darrang-Udalguri,Assam,,,locality_curated
Bakulguri Shiv,Darrang-Udalguri,Assam,,,locality_curated
Bangalipara Shiv,Darrang-Udalguri,Assam,,,locality_curated
Shimlibari Bathou,Darrang-Udalguri,Assam,,,locality_curated
Pukhuripar Hari,Darrang-Udalguri,Assam,,,locality_curated
Amar Nath,Darrang-Udalguri,Assam,,,locality_curated
Charangbari Hari,Darrang-Udalguri,Assam,,,locality_curated
Kumbhijhar Kali,Darrang-Udalguri,Assam,,,locality_curated
Narayanpur Shiv,Darrang-Udalguri,Assam,,,locality_curated
Latibari Hari,Darrang-Udalguri,Assam,,,locality_curated
Kuhipar Brahma,Darrang-Udalguri,Assam,,,locality_curated
Palashbari Kali,Darrang-Udalguri,Assam,,,locality_curated
Jagadamba Sevalal,NIZAMABAD,Telangana,18.662556,78.066656,locality_curated
Gulshan Iqbal,HYDERABAD,Telangana,17.393871,78.508598,locality_curated
Bilalpur,ZAHIRABAD,Telangana,17.664062,77.625083,locality_curated
Chinthalghat,ZAHIRABAD,Telangana,17.710905,77.59193,locality_curated
Khanapur,ZAHIRABAD,Telangana,17.701886,77.624202,locality_curated
Kohir,ZAHIRABAD,Telangana,17.670137,77.62673,locality_curated
Bidekanna,ZAHIRABAD,Telangana,17.664217,77.605176,locality_curated
Krishnapur,ZAHIRABAD,Telangana,17.703406,77.622651,locality_curated
Maniyarpalle,ZAHIRABAD,Telangana,17.703905,77.612961,locality_curated
Mogdampalle,ZAHIRABAD,Telangana,17.708485,77.6077,locality_curated
Mogdumpally,ZAHIRABAD,Telangana,17.671518,77.597629,locality_curated
Palle,ZAHIRABAD,Telangana,17.654255,77.596413,locality_curated
Siddapur,ZAHIRABAD,Telangana,17.690709,77.636785,locality_curated
Vanampalle,ZAHIRABAD,Telangana,17.697624,77.636177,locality_curated
Hampapuramu,ANANTAPUR,Andhra Pradesh,14.686673,77.62039,locality_curated
Venkatampalli,ANANTAPUR,Andhra Pradesh,14.680888,77.63057,locality_curated
Ambedkar,ANANTAPUR,Andhra Pradesh,14.682394,77.571361,locality_curated
Dargahonnur,ANANTAPUR,Andhra Pradesh,14.668956,77.615993,locality_curated
Matlagondi,ANANTAPUR,Andhra Pradesh,14.696164,77.594341,locality_curated
Garladinne,ANANTAPUR,Andhra Pradesh,14.700246,77.604979,locality_curated
Penkacherla,ANANTAPUR,Andhra Pradesh,14.661182,77.600226,locality_curated
Ramanepalli,ANANTAPUR,Andhra Pradesh,14.693296,77.62706,locality_curated
karidikonda,ANANTAPUR,Andhra Pradesh,14.685589,77.569541,locality_curated
Sangala,ANANTAPUR,Andhra Pradesh,14.700122,77.616975,locality_curated
Kondapuram,ANANTAPUR,Andhra Pradesh,14.679543,77.617938,locality_curated
Durgamma,ANANTAPUR,Andhra Pradesh,14.662303,77.592824,locality_curated
Kanakadurgamma,ANANTAPUR,Andhra Pradesh,14.670124,77.581855,locality_curated
Nelampalli,ANANTAPUR,Andhra Pradesh,14.676281,77.62228,locality_curated
Shyamabari Anchalik Durga,Darrang-Udalguri,Assam,,,locality_curated
Habi,Darrang-Udalguri,Assam,,,locality_curated
Lakhapur Devi,JAHANABAD,Bihar,25.215129,85.036928,locality_curated
Subdistrict Village,JAHANABAD,Bihar,25.250832,84.998441,locality_curated
Sohraiyya,JAHANABAD,Bihar,25.264728,85.014229,locality_curated
Office,ZAHIRABAD,Telangana,17.680327,77.587027,locality_curated
Peshawar,ZAHIRABAD,Telangana,17.694719,77.628376,locality_curated
waddepalli,ZAHIRABAD,Telangana,17.706319,77.607287,locality_curated
Kotagir,ZAHIRABAD,Telangana,17.668858,77.600387,locality_curated
Pothangal,ZAHIRABAD,Telangana,17.691954,77.582845,locality_curated
Bodo Chuba Bathou,Darrang-Udalguri,Assam,,,locality_curated
Dongpar Laxmi Mainow,Darrang-Udalguri,Assam,,,locality_curated
Beldaari Village,JAHANABAD,Bihar,25.235777,85.043686,locality_curated
Mishri Bigha,JAHANABAD,Bihar,25.264713,85.004598,locality_curated
Bama Basudev,Darrang-Udalguri,Assam,,,locality_curated
Dhulagori Gram,HOWRAH,West Bengal,22.590763,88.235534,locality_curated
Milan,Darrang-Udalguri,Assam,,,locality_curated
Uttar khoirabari Kali,Darrang-Udalguri,Assam,,,locality_curated
Khoirabari Bishnu,Darrang-Udalguri,Assam,,,locality_curated
Radha Krishna,Darrang-Udalguri,Assam,,,locality_curated
Bwigriguri Shiv,Darrang-Udalguri,Assam,,,locality_curated
Bangaru Venkateshwara,NIZAMABAD,Telangana,18.688489,78.102974,locality_curated
Ayyappa,NIZAMABAD,Telangana,18.692151,78.098409,locality_curated
Shillong Khuti Kali,Darrang-Udalguri,Assam,,,locality_curated
Katribari Jai Jagganath,Darrang-Udalguri,Assam,,,locality_curated
Sevalal,NIZAMABAD,Telangana,18.685133,78.111696,locality_curated
Gangamma,NIZAMABAD,Telangana,18.687005,78.067482,locality_curated
Kasturba,NIZAMABAD,Telangana,18.649037,78.090519,locality_curated
HAL,BHIWANDI,Maharashtra,19.282997,73.090407,locality_curated
SHILOTTAR,BHIWANDI,Maharashtra,19.310498,73.061563,locality_curated
DHASAI,BHIWANDI,Maharashtra,19.278264,73.054403,locality_curated
Thekkumbhagam Grama,KOLLAM,Kerala,8.873322,76.629819,locality_curated
Bhairapur Pochamma,NIZAMABAD,Telangana,18.670414,78.062505,locality_curated
Narsimha Swamy,NIZAMABAD,Telangana,18.683755,78.069641,locality_curated
Puni,BARDOLI(ST),Gujarat,21.109418,73.12448,locality_curated
Baben,BARDOLI(ST),Gujarat,21.103376,73.109284,locality_curated
Narva,ZAHIRABAD,Telangana,17.666683,77.611848,locality_curated
Enbhura,ZAHIRABAD,Telangana,17.699371,77.619144,locality_curated
Sirpur,ZAHIRABAD,Telangana,17.696738,77.612112,locality_curated
Kurla,ZAHIRABAD,Telangana,17.67582,77.630714,locality_curated
Cinnakodapgal,ZAHIRABAD,Telangana,17.695685,77.625515,locality_curated
Dhaggi,ZAHIRABAD,Telangana,17.701122,77.621905,locality_curated
Laxmapur,ZAHIRABAD,Telangana,17.668322,77.587638,locality_curated
Rudraram,ZAHIRABAD,Telangana,17.671292,77.62871,locality_curated
Kalyani,ZAHIRABAD,Telangana,17.689303,77.629255,locality_curated
Annasagar,ZAHIRABAD,Telangana,17.686051,77.630176,locality_curated
Ailapur,ZAHIRABAD,Telangana,17.679181,77.590793,locality_curated
Mombojipet,ZAHIRABAD,Telangana,17.666772,77.634197,locality_curated
Lingampet,ZAHIRABAD,Telangana,17.703891,77.613747,locality_curated
Ayapally,ZAHIRABAD,Telangana,17.65718,77.59584,locality_curated
Mangaram,ZAHIRABAD,Telangana,17.711616,77.619496,locality_curated
Rampalli,ZAHIRABAD,Telangana,17.672226,77.629616,locality_curated
Pothaipalle,ZAHIRABAD,Telangana,17.709871,77.601383,locality_curated
Atmakur,ZAHIRABAD,Telangana,17.687527,77.592011,locality_curated
Jankampalle,ZAHIRABAD,Telangana,17.700317,77.588446,locality_curated
Akkampalle,ZAHIRABAD,Telangana,17.666282,77.589313,locality_curated
Tandur,ZAHIRABAD,Telangana,17.689576,77.638888,locality_curated
Jalapur,ZAHIRABAD,Telangana,17.704431,77.6077,locality_curated
Pitlam,ZAHIRABAD,Telangana,17.653259,77.6077,locality_curated
Bibipet,ZAHIRABAD,Telangana,17.692097,77.585013,locality_curated
Gargul,ZAHIRABAD,Telangana,17.672309,77.5911,locality_curated
Posanipet,ZAHIRABAD,Telangana,17.695451,77.615949,locality_curated
Ethonda,ZAHIRABAD,Telangana,17.707407,77.610742,locality_curated
Abhaya Hanuman,NIZAMABAD,Telangana,18.690143,78.078919,locality_curated
Veera Hanuman,NIZAMABAD,Telangana,18.682947,78.105028,locality_curated
Laxmi Narsimha swamy,NIZAMABAD,Telangana,18.688727,78.103108,locality_curated
Anandpur,PILIBHIT,Uttar Pradesh,28.619175,79.794359,locality_curated
center between,PILIBHIT,Uttar Pradesh,28.650558,79.80283,locality_curated
Apuroopa Venkateshwara Swamy,NIZAMABAD,Telangana,18.684193,78.073459,locality_curated
Maha laxmi,NIZAMABAD,Telangana,18.669468,78.124453,locality_curated
Bhumaiahgaripalli,KADAPA,Andhra Pradesh,14.472214,78.800711,locality_curated
Mondipatti,TIRUCHIRAPPALLI,Tamil Nadu,10.783914,78.733742,locality_curated
Kannudayanpatti,TIRUCHIRAPPALLI,Tamil Nadu,10.787173,78.677118,locality_curated
Manikandam,TIRUCHIRAPPALLI,Tamil Nadu,10.803428,78.681905,locality_curated
Mangathevanpatti,TIRUCHIRAPPALLI,Tamil Nadu,10.802487,78.690157,locality_curated
Mootampatti,TIRUCHIRAPPALLI,Tamil Nadu,10.807524,78.705003,locality_curated
Perungalur,TIRUCHIRAPPALLI,Tamil Nadu,10.778827,78.72705,locality_curated
Thirumalairaya samudram,TIRUCHIRAPPALLI,Tamil Nadu,10.761957,78.712486,locality_curated
Jalalapuram,ANANTAPUR,Andhra Pradesh,14.680957,77.614536,locality_curated
Karambakkudi Union,TIRUCHIRAPPALLI,Tamil Nadu,10.777705,78.71222,locality_curated
dangiyapura,GWALIOR,Madhya Pradesh,26.243516,78.179349,locality_curated
Kumbhan,AMRELI,Gujarat,21.600645,71.207487,locality_curated
Taredi,AMRELI,Gujarat,21.586233,71.2228,locality_curated
INDRAPATANA PRIMARY,CUTTACK,Odisha,20.442746,85.888449,locality_curated
Gurukrupa,KOLHAPUR,Maharashtra,16.681857,74.224422,locality_curated
PUR ME,LALGANJ (SC),Uttar Pradesh,25.914747,82.591755,locality_curated
KHWAJAPUR,LALGANJ (SC),Uttar Pradesh,25.916235,82.582638,locality_curated
GAUSPUR,LALGANJ (SC),Uttar Pradesh,25.918359,82.558687,locality_curated
MOHANPUR,LALGANJ (SC),Uttar Pradesh,25.875067,82.588,locality_curated
BIRADAR,LALGANJ (SC),Uttar Pradesh,25.883286,82.575328,locality_curated
Harnaut nagar,NALANDA,Bihar,25.11736,85.432603,locality_curated
SUKLA,BALAGHAT,Madhya Pradesh,21.822662,80.168035,locality_curated
TAKHLA,BALAGHAT,Madhya Pradesh,21.840189,80.177867,locality_curated
Nagla Ghana,HATHRAS (SC),Uttar Pradesh,27.582055,78.051073,locality_curated
Mazra Firozpur,HATHRAS (SC),Uttar Pradesh,27.585676,78.089622,locality_curated
BARIGAWAN,SIDHI,Madhya Pradesh,24.422203,81.893746,locality_curated
BARMANI,SIDHI,Madhya Pradesh,24.417037,81.860336,locality_curated
SRIRAM,CUTTACK,Odisha,20.480407,85.88901,locality_curated
Kalpakkam,KANCHEEPURAM(SC),Tamil Nadu,12.802114,79.703635,locality_curated
deaf and  dumb,INDORE,Madhya Pradesh,22.722237,75.884897,locality_curated
Shiv,INDORE,Madhya Pradesh,22.718841,75.841997,locality_curated
Hanuman,INDORE,Madhya Pradesh,22.74428,75.860985,locality_curated
Thlengang,MIZORAM (ST),Mizoram,23.175899,92.926039,locality_curated
Ralvawng,MIZORAM (ST),Mizoram,23.175452,92.949935,locality_curated
Leng,MIZORAM (ST),Mizoram,23.17437,92.94995,locality_curated
Bawktlang,MIZORAM (ST),Mizoram,23.171474,92.907175,locality_curated
KURAKKODU PANCHAMI,ATTINGAL,Kerala,8.699703,76.7874,locality_curated
PATTATHINKARA,ATTINGAL,Kerala,8.679226,76.827337,locality_curated
MADANNADA,ATTINGAL,Kerala,8.666044,76.799809,locality_curated
MOOLAMAN PIDAYAMKODU SOWPWRNIKW,ATTINGAL,Kerala,8.666866,76.80037,locality_curated
Kasht Bhajan,KHARGONE(ST),Madhya Pradesh,21.830473,75.646301,locality_curated
Panditpur,JAHANABAD,Bihar,25.247951,85.047752,locality_curated
Bigha,JAHANABAD,Bihar,25.245935,85.050518,locality_curated
Kansua,JAHANABAD,Bihar,25.223222,85.022283,locality_curated
Khajurwana,JAHANABAD,Bihar,25.222566,85.019507,locality_curated
Uchita,JAHANABAD,Bihar,25.219266,85.012054,locality_curated
Sarauti,JAHANABAD,Bihar,25.218231,85.040165,locality_curated
Parasi,JAHANABAD,Bihar,25.222421,85.037474,locality_curated
Rampur Waina,JAHANABAD,Bihar,25.233435,84.999374,locality_curated
SHAMLDEVI,PANCHMAHAL,Gujarat,22.685008,73.625302,locality_curated
SHERPURA,PANCHMAHAL,Gujarat,22.710305,73.567647,locality_curated
TALARI,BOLPUR(SC),West Bengal,23.67181,87.718432,locality_curated
NAIHATI,BOLPUR(SC),West Bengal,23.651954,87.688383,locality_curated
Prakash,FARIDABAD,Haryana,28.410931,77.301369,locality_curated
Garoimari Shiva,Darrang-Udalguri,Assam,,,locality_curated
Indur,DHARAMAPURI,Tamil Nadu,,,locality_curated
Nallamapalli,DHARAMAPURI,Tamil Nadu,,,locality_curated
Harur Town,DHARAMAPURI,Tamil Nadu,,,locality_curated
Marad,JAGATSINGHPUR(SC),Odisha,20.256064,86.147915,locality_curated
Rangiagarh,JAGATSINGHPUR(SC),Odisha,20.265319,86.142499,locality_curated
Bhutumundai,JAGATSINGHPUR(SC),Odisha,20.23251,86.165824,locality_curated
Borikhi,JAGATSINGHPUR(SC),Odisha,20.269298,86.15406,locality_curated
Veppangadu,THANJAVUR,Tamil Nadu,10.797076,79.125576,locality_curated
Ramanathapuram,THANJAVUR,Tamil Nadu,10.80619,79.147328,locality_curated
Singh,KANNAUJ,Uttar Pradesh,27.072745,79.910522,locality_curated
Baba Baramdev,KANNAUJ,Uttar Pradesh,27.064236,79.93668,locality_curated
Manapad Manapad,THOOTHUKKUDI,Tamil Nadu,8.73464,78.057387,locality_curated
Manthithoppu,THOOTHUKKUDI,Tamil Nadu,8.743833,78.087916,locality_curated
vilaspur Nagar,GAUTAM BUDDHA NAGAR,Uttar Pradesh,28.564907,77.398728,locality_curated
Ceylon,THOOTHUKKUDI,Tamil Nadu,8.733906,78.076505,locality_curated
Anavarathanallur,THOOTHUKKUDI,Tamil Nadu,8.741916,78.096417,locality_curated
Tarang,SAMBALPUR,Odisha,21.577966,84.162858,locality_curated
Doul,NOWGONG,Assam,26.331635,92.657469,locality_curated
Andawa,PHULPUR,Uttar Pradesh,25.527047,82.014341,locality_curated
kunnur,KALLAKURICHI,Tamil Nadu,11.722036,78.966488,locality_curated
Soolankurichi,KALLAKURICHI,Tamil Nadu,11.731549,78.974772,locality_curated
kalakkampadi,KALLAKURICHI,Tamil Nadu,11.727238,78.954033,locality_curated
tak,JALORE,Rajasthan,25.373479,72.605345,locality_curated
Kasapuram,ANANTAPUR,Andhra Pradesh,14.678728,77.577267,locality_curated
Rakulakunta,ANANTAPUR,Andhra Pradesh,14.670306,77.610657,locality_curated
Helabeli,PORBANDAR,Gujarat,21.658984,69.619177,locality_curated
Gorkan,PORBANDAR,Gujarat,21.6491,69.576103,locality_curated
Bavlavadar,PORBANDAR,Gujarat,21.614367,69.621272,locality_curated
Kantol,PORBANDAR,Gujarat,21.656851,69.601522,locality_curated
Mainpura,JAHANABAD,Bihar,25.222591,85.022296,locality_curated
Pasvari,PORBANDAR,Gujarat,21.633348,69.587654,locality_curated
Bildi,PORBANDAR,Gujarat,21.632929,69.586688,locality_curated
Daduka,PORBANDAR,Gujarat,21.650555,69.581008,locality_curated
Malanka,PORBANDAR,Gujarat,21.623331,69.618667,locality_curated
North Kaler,JAHANABAD,Bihar,25.262414,84.999837,locality_curated
South Kaler,JAHANABAD,Bihar,25.263009,85.011056,locality_curated
Revadra,PORBANDAR,Gujarat,21.656339,69.58624,locality_curated
Kamta Gram,JAHANABAD,Bihar,25.262572,85.013864,locality_curated
Thepda,PORBANDAR,Gujarat,21.661062,69.59888,locality_curated
Gharsan,PORBANDAR,Gujarat,21.620066,69.586393,locality_curated
Kaler,JAHANABAD,Bihar,25.248888,84.990541,locality_curated
Vadala,PORBANDAR,Gujarat,21.665557,69.596415,locality_curated
Jaipur Gram,JAHANABAD,Bihar,25.234048,85.047505,locality_curated
Baloch,PORBANDAR,Gujarat,21.656555,69.631258,locality_curated
Gadhwana,PORBANDAR,Gujarat,21.667159,69.619142,locality_curated
Katwana,PORBANDAR,Gujarat,21.621603,69.630814,locality_curated
Belsar,JAHANABAD,Bihar,25.2372,85.005121,locality_curated
Junej,PORBANDAR,Gujarat,21.662522,69.627631,locality_curated
Agnur,JAHANABAD,Bihar,25.2437,85.002074,locality_curated
Tarkhai,PORBANDAR,Gujarat,21.641695,69.590416,locality_curated
Padardi,PORBANDAR,Gujarat,21.650647,69.622331,locality_curated
Kamta,JAHANABAD,Bihar,25.257582,84.999407,locality_curated
Vadwala,PORBANDAR,Gujarat,21.635195,69.63352,locality_curated
Khirsara,PORBANDAR,Gujarat,21.659656,69.604083,locality_curated
Koni,JAHANABAD,Bihar,25.209653,85.025909,locality_curated
Bangla Kothi,JAHANABAD,Bihar,25.24352,84.998115,locality_curated
Surajgadh,PORBANDAR,Gujarat,21.638236,69.58691,locality_curated
Kunavadar,PORBANDAR,Gujarat,21.666575,69.591602,locality_curated
Patti,SANGRUR,Punjab,30.237542,75.815932,locality_curated
Kalai Mata,SANGRUR,Punjab,30.254222,75.848992,locality_curated
Sethuramanvayal,RAMANATHAPURAM,Tamil Nadu,9.371133,78.814995,locality_curated
Kuthadivayal,RAMANATHAPURAM,Tamil Nadu,9.35766,78.837639,locality_curated
NAGAR,MORADABAD,Uttar Pradesh,28.85751,78.79343,locality_curated
antargat Nagar,NAINITAL UDHAM SINGH NAG.,Uttarakhand,,,locality_curated
Mandapam Town,RAMANATHAPURAM,Tamil Nadu,9.374301,78.815121,locality_curated
Karisalkulam,RAMANATHAPURAM,Tamil Nadu,9.360989,78.854539,locality_curated
Pokkund Gandhi,KANNUR,Kerala,11.858316,75.373615,locality_curated
Thanikunnu Ayyappa,KANNUR,Kerala,11.886167,75.349751,locality_curated
Badariya Juma,KANNUR,Kerala,11.876392,75.398043,locality_curated
Kenchanapalya,BANGALORE NORTH,Karnataka,13.054339,77.5735,locality_curated
Thevalakkara Grama,KOLLAM,Kerala,8.867486,76.616836,locality_curated
Vankal,VALSAD(ST),Gujarat,20.625266,72.915417,locality_curated
Maa Karma Devi,CHHINDWARA,Madhya Pradesh,22.038172,78.950666,locality_curated
Sharbanapuram,BHONGIR,Telangana,17.488696,78.873519,locality_curated
Chetnaguri,KOKRAJHAR (ST),Assam,26.392855,90.286217,locality_curated
Sansasum,ARUNACHAL EAST,Arunachal Pradesh,28.194266,95.908588,locality_curated
Longkai,ARUNACHAL EAST,Arunachal Pradesh,28.243323,95.9381,locality_curated
Chopnu,ARUNACHAL EAST,Arunachal Pradesh,28.243552,95.925287,locality_curated
Gandhi,ARUNACHAL EAST,Arunachal Pradesh,28.230106,95.957365,locality_curated
Rottung,ARUNACHAL EAST,Arunachal Pradesh,28.24383,95.916103,locality_curated
Silli,ARUNACHAL EAST,Arunachal Pradesh,28.203883,95.950185,locality_curated
Cheta,ARUNACHAL EAST,Arunachal Pradesh,28.21695,95.964528,locality_curated
Limbgaon,NANDED,Maharashtra,19.143788,77.29367,locality_curated
Sika Bamin,ARUNACHAL EAST,Arunachal Pradesh,28.225762,95.952203,locality_curated
Sivapuram  Vembadi Juma,KANNUR,Kerala,11.874777,75.3542,locality_curated
Pancharai,ARANI,Tamil Nadu,12.66087,79.29736,locality_curated
Mangalam Mamandur,ARANI,Tamil Nadu,12.692059,79.284915,locality_curated
Othalavady,ARANI,Tamil Nadu,12.686551,79.255946,locality_curated
Amdedhkar,ARANI,Tamil Nadu,12.677561,79.260535,locality_curated
Mariyamman,ARANI,Tamil Nadu,12.681511,79.273454,locality_curated
Ledum,ARUNACHAL EAST,Arunachal Pradesh,28.246375,95.937245,locality_curated
Lumne,ARUNACHAL EAST,Arunachal Pradesh,28.227597,95.90807,locality_curated
Depi,ARUNACHAL EAST,Arunachal Pradesh,28.231732,95.921403,locality_curated
Sille,ARUNACHAL EAST,Arunachal Pradesh,28.214728,95.960641,locality_curated
Bhuradabra,RATLAM(ST),Madhya Pradesh,23.347369,75.011078,locality_curated
jobat ki,RATLAM(ST),Madhya Pradesh,23.331835,75.015805,locality_curated
Panimuri,ARUNACHAL WEST,Arunachal Pradesh,27.523216,92.912819,locality_curated
Nirin,ARUNACHAL WEST,Arunachal Pradesh,27.519607,92.92196,locality_curated
Yudik,ARUNACHAL WEST,Arunachal Pradesh,27.510778,92.958628,locality_curated
Machi Rijo,ARUNACHAL WEST,Arunachal Pradesh,27.562587,92.94654,locality_curated
Pangin town Sanggo,ARUNACHAL EAST,Arunachal Pradesh,28.218824,95.903629,locality_curated
Pubuk,ARUNACHAL EAST,Arunachal Pradesh,28.195528,95.936288,locality_curated
Sindak,ARUNACHAL WEST,Arunachal Pradesh,27.558736,92.927037,locality_curated
Ekke,ARUNACHAL WEST,Arunachal Pradesh,27.520596,92.962836,locality_curated
Nilo,ARUNACHAL WEST,Arunachal Pradesh,27.549969,92.932472,locality_curated
pakrijo,ARUNACHAL WEST,Arunachal Pradesh,27.549029,92.960737,locality_curated
langrum,ARUNACHAL WEST,Arunachal Pradesh,27.516375,92.909805,locality_curated
Sango,ARUNACHAL WEST,Arunachal Pradesh,27.560452,92.933799,locality_curated
Peel,ARUNACHAL WEST,Arunachal Pradesh,27.519371,92.932308,locality_curated
ringte,ARUNACHAL WEST,Arunachal Pradesh,27.520396,92.910868,locality_curated
jath,ARUNACHAL WEST,Arunachal Pradesh,27.533,92.954668,locality_curated
sekhe,ARUNACHAL WEST,Arunachal Pradesh,27.556524,92.959083,locality_curated
Belo,ARUNACHAL WEST,Arunachal Pradesh,27.50293,92.946055,locality_curated
Kakki,ARUNACHAL EAST,Arunachal Pradesh,28.222621,95.953113,locality_curated
Mane,ARUNACHAL EAST,Arunachal Pradesh,28.24781,95.936365,locality_curated
Rotte,ARUNACHAL WEST,Arunachal Pradesh,27.53847,92.962343,locality_curated
Tai,ARUNACHAL WEST,Arunachal Pradesh,27.536098,92.95741,locality_curated
Putung,ARUNACHAL WEST,Arunachal Pradesh,27.542816,92.959326,locality_curated
Lekha,ARUNACHAL WEST,Arunachal Pradesh,27.505101,92.924888,locality_curated
Shiv,ARUNACHAL WEST,Arunachal Pradesh,27.54713,92.943717,locality_curated
karbi,ARUNACHAL WEST,Arunachal Pradesh,27.544678,92.957879,locality_curated
Hari,ARUNACHAL WEST,Arunachal Pradesh,27.518251,92.927606,locality_curated
mebua,ARUNACHAL WEST,Arunachal Pradesh,27.52564,92.950381,locality_curated
Tallang,ARUNACHAL WEST,Arunachal Pradesh,27.516174,92.965732,locality_curated
Solang,ARUNACHAL WEST,Arunachal Pradesh,27.55983,92.936543,locality_curated
Tallo,ARUNACHAL WEST,Arunachal Pradesh,27.55781,92.953754,locality_curated
Nomuk,ARUNACHAL WEST,Arunachal Pradesh,27.514506,92.95573,locality_curated
Kubi in Darak,ARUNACHAL WEST,Arunachal Pradesh,27.517337,92.917281,locality_curated
Yomcha,ARUNACHAL WEST,Arunachal Pradesh,27.523872,92.956171,locality_curated
Kambu,ARUNACHAL WEST,Arunachal Pradesh,27.505656,92.926376,locality_curated
garu,ARUNACHAL WEST,Arunachal Pradesh,27.558907,92.932449,locality_curated
Kuntor,ARUNACHAL WEST,Arunachal Pradesh,27.506514,92.945047,locality_curated
Ditten,ARUNACHAL WEST,Arunachal Pradesh,27.515126,92.954514,locality_curated
Silli,ARUNACHAL WEST,Arunachal Pradesh,27.504471,92.94931,locality_curated
Gogar,ARUNACHAL WEST,Arunachal Pradesh,27.514564,92.924099,locality_curated
sago,ARUNACHAL WEST,Arunachal Pradesh,27.525726,92.961423,locality_curated
Kaying,ARUNACHAL WEST,Arunachal Pradesh,27.543378,92.954951,locality_curated
Chandrapur Sarbajanin Durga,GUWAHATI,Assam,26.159598,91.735024,locality_curated
Gosaibari shiva,GUWAHATI,Assam,26.135354,91.710983,locality_curated
Andhartelia,DHANBAD,Jharkhand,23.814748,86.425594,locality_curated
Dr Babasaheb Ambedkar,MUMBAI NORTH EAST,Maharashtra,19.09948,72.929139,locality_curated
Model,ARUNACHAL WEST,Arunachal Pradesh,27.525783,92.910979,locality_curated
barapani Takar,ARUNACHAL WEST,Arunachal Pradesh,27.53543,92.911532,locality_curated
Lower Pachin,ARUNACHAL WEST,Arunachal Pradesh,27.517672,92.942557,locality_curated
Tago Village Ganaga,ARUNACHAL WEST,Arunachal Pradesh,27.517401,92.92176,locality_curated
Ganga,ARUNACHAL WEST,Arunachal Pradesh,27.535778,92.967407,locality_curated
Dolambawadi,YAVATMAL-WASHIM,Maharashtra,,,locality_curated
Nonoikhuti Shiv,Darrang-Udalguri,Assam,,,locality_curated
Dholkuchi,Darrang-Udalguri,Assam,,,locality_curated
Rameichuburi Shiv,Darrang-Udalguri,Assam,,,locality_curated
Hari,Darrang-Udalguri,Assam,,,locality_curated
Balipara Durga,Darrang-Udalguri,Assam,,,locality_curated
Umamehswara,NAGARKURNOOL(SC),Telangana,16.467906,78.338108,locality_curated
Anjaneya Swamy,NAGARKURNOOL(SC),Telangana,16.464502,78.297402,locality_curated
Umamaheswam hanuman,NAGARKURNOOL(SC),Telangana,16.454926,78.32871,locality_curated
akkaram anjaneya swamy,NAGARKURNOOL(SC),Telangana,16.502437,78.338253,locality_curated
maisamma,NAGARKURNOOL(SC),Telangana,16.494548,78.341973,locality_curated
Lingaiah house chenchu,NAGARKURNOOL(SC),Telangana,16.475333,78.305047,locality_curated
Seetharam,NAGARKURNOOL(SC),Telangana,16.488394,78.335321,locality_curated
BITKULI,RAIPUR,Chhattisgarh,21.236363,81.641758,locality_curated
NAWAPARA,RAIPUR,Chhattisgarh,21.238912,81.658335,locality_curated
SAKARI,RAIPUR,Chhattisgarh,21.264886,81.627049,locality_curated
HATHBANDH,RAIPUR,Chhattisgarh,21.265144,81.645978,locality_curated
JANGDA,RAIPUR,Chhattisgarh,21.242304,81.642092,locality_curated
Pithvajal,AMRELI,Gujarat,21.582185,71.213798,locality_curated
Kanhapur,JAGATSINGHPUR(SC),Odisha,20.230798,86.146729,locality_curated
Bogapada,JAGATSINGHPUR(SC),Odisha,20.267548,86.174644,locality_curated
Jaliya,AMRELI,Gujarat,21.61305,71.200418,locality_curated
House Baya,AGRA(SC),Uttar Pradesh,27.177238,78.025407,locality_curated
Jwala Devi,AGRA(SC),Uttar Pradesh,27.16974,77.984022,locality_curated
bankhandi mahadev,AGRA(SC),Uttar Pradesh,27.201531,78.009563,locality_curated
Vas,JALORE,Rajasthan,25.358424,72.605548,locality_curated
Maval,JALORE,Rajasthan,25.345931,72.631044,locality_curated
chennabasaveshwar,KOPPAL,Karnataka,15.344179,76.173744,locality_curated
Tankanakal,KOPPAL,Karnataka,15.372116,76.159718,locality_curated
Hanumanahalli,KOPPAL,Karnataka,15.341861,76.170565,locality_curated
kukanapalli,KOPPAL,Karnataka,15.336032,76.159272,locality_curated
Tanda,KOPPAL,Karnataka,15.34572,76.176835,locality_curated
tanda,KOPPAL,Karnataka,15.347167,76.177923,locality_curated
basapur,KOPPAL,Karnataka,15.365495,76.154,locality_curated
Kidhal,KOPPAL,Karnataka,15.359151,76.12644,locality_curated
Kavalur,KOPPAL,Karnataka,15.350849,76.137207,locality_curated
Kenchanadoni,KOPPAL,Karnataka,15.33455,76.181751,locality_curated
Ekamba Siba,NABARANGPUR(ST),Odisha,19.206056,82.527602,locality_curated
Khatalaguda Thakurani,NABARANGPUR(ST),Odisha,19.224742,82.569213,locality_curated
Chaunria,NABARANGPUR(ST),Odisha,19.211655,82.535661,locality_curated
Chaurian,NABARANGPUR(ST),Odisha,19.251556,82.521921,locality_curated
Sitala Debi,NABARANGPUR(ST),Odisha,19.247806,82.568882,locality_curated
Kandel,NABARANGPUR(ST),Odisha,19.21334,82.53657,locality_curated
Amrajina Muvada,AHMEDABAD EAST,Gujarat,23.032191,72.57742,locality_curated
Shale Group,BARDOLI(ST),Gujarat,21.113842,73.096844,locality_curated
Elampur,JUNAGADH,Gujarat,21.548866,70.470662,locality_curated
Khan,JUNAGADH,Gujarat,21.502904,70.456085,locality_curated
Umej,JUNAGADH,Gujarat,21.505448,70.450256,locality_curated
Gangda,JUNAGADH,Gujarat,21.519899,70.429633,locality_curated
Men,JUNAGADH,Gujarat,21.498074,70.464366,locality_curated
Bhadiyadar,JUNAGADH,Gujarat,21.515379,70.435335,locality_curated
Sanjvapur,JUNAGADH,Gujarat,21.511387,70.432974,locality_curated
Nandan,JUNAGADH,Gujarat,21.528138,70.485548,locality_curated
Varsingpur,JUNAGADH,Gujarat,21.509332,70.438862,locality_curated
Motha,JUNAGADH,Gujarat,21.535745,70.4632,locality_curated
Sukurhuttu Southern,RANCHI,Jharkhand,23.325033,85.325249,locality_curated
Ormanjhi,RANCHI,Jharkhand,23.360194,85.336592,locality_curated
Chanchakvad,JUNAGADH,Gujarat,21.529407,70.471319,locality_curated
Untwala,JUNAGADH,Gujarat,21.543364,70.466181,locality_curated
Jhankharvada,JUNAGADH,Gujarat,21.512774,70.443954,locality_curated
Khajudra,JUNAGADH,Gujarat,21.539604,70.462913,locality_curated
Saiyad Rajpara,JUNAGADH,Gujarat,21.536049,70.43664,locality_curated
Kalapan,JUNAGADH,Gujarat,21.512431,70.469161,locality_curated
Anjar,JUNAGADH,Gujarat,21.512779,70.442887,locality_curated
Amodra,JUNAGADH,Gujarat,21.499804,70.445634,locality_curated
Kothari,JUNAGADH,Gujarat,21.530311,70.444974,locality_curated
Paswala,JUNAGADH,Gujarat,21.509196,70.465022,locality_curated
Kevadiya,BARDOLI(ST),Gujarat,21.111972,73.098397,locality_curated
Kadhhaiya,BARDOLI(ST),Gujarat,21.133511,73.101642,locality_curated
Hanuman,KOLHAPUR,Maharashtra,16.712102,74.269159,locality_curated
Mayyanad Grama,KOLLAM,Kerala,8.911581,76.592697,locality_curated
Perinad Grama,KOLLAM,Kerala,8.887599,76.587431,locality_curated
Nedumpana Grama,KOLLAM,Kerala,8.904011,76.595147,locality_curated
Adichanallur Grama,KOLLAM,Kerala,8.905711,76.625108,locality_curated
Hirimbapur Brahma,Darrang-Udalguri,Assam,,,locality_curated
Khaurang Bathou,Darrang-Udalguri,Assam,,,locality_curated
Kali,Darrang-Udalguri,Assam,,,locality_curated
Basudev,Darrang-Udalguri,Assam,,,locality_curated
Dudhigram,DHANBAD,Jharkhand,23.782588,86.426827,locality_curated
Dholachuburi Boli Bathwo,Darrang-Udalguri,Assam,,,locality_curated
Panampakkam,TIRUVALLUR(SC),Tamil Nadu,13.116775,79.905458,locality_curated
Kalluvathukkal Grama,KOLLAM,Kerala,8.918688,76.616357,locality_curated
Nedumpana,KOLLAM,Kerala,8.867473,76.603579,locality_curated
Chathannur Grama,KOLLAM,Kerala,8.87381,76.589864,locality_curated
Khada,JUNAGADH,Gujarat,21.524381,70.491422,locality_curated
Patapur,JUNAGADH,Gujarat,21.526137,70.436131,locality_curated
Samter,JUNAGADH,Gujarat,21.505811,70.467666,locality_curated
Delwada,JUNAGADH,Gujarat,21.541377,70.45718,locality_curated
Kansari,JUNAGADH,Gujarat,21.544009,70.442087,locality_curated
Garal,JUNAGADH,Gujarat,21.527018,70.428526,locality_curated
Senjaliya,JUNAGADH,Gujarat,21.501227,70.453108,locality_curated
Nathal,JUNAGADH,Gujarat,21.501801,70.434386,locality_curated
Jhudvadli,JUNAGADH,Gujarat,21.492331,70.456217,locality_curated
Ugla,JUNAGADH,Gujarat,21.50699,70.453823,locality_curated
sitla mata,SONEPAT,Haryana,28.967319,77.172357,locality_curated
Chodavaram,MACHILIPATNAM,Andhra Pradesh,16.183773,81.145365,locality_curated
Moparru,BAPATLA,Andhra Pradesh,15.919165,80.447624,locality_curated
Bhattiprolu,BAPATLA,Andhra Pradesh,15.918034,80.485519,locality_curated
Vetapalem,BAPATLA,Andhra Pradesh,15.897622,80.450252,locality_curated
Dubbarlapalli,HINDUPUR,Andhra Pradesh,13.833018,77.518942,locality_curated
Hutup,RANCHI,Jharkhand,23.317564,85.296123,locality_curated
Bartua,RANCHI,Jharkhand,23.339979,85.330715,locality_curated
Kanaganipalli,HINDUPUR,Andhra Pradesh,13.827807,77.467609,locality_curated
park,BHARATPUR(SC),Rajasthan,27.22664,77.483306,locality_curated
Bhumi,SIKAR,Rajasthan,27.618932,75.108658,locality_curated
Chidasara,SIKAR,Rajasthan,27.587634,75.134679,locality_curated
Kismatpur Rajhuwa Janaza,DHUBRI,Assam,26.026978,89.991571,locality_curated
Elamad Grama,KOLLAM,Kerala,8.904021,76.636556,locality_curated
Anchal Grama,KOLLAM,Kerala,8.868225,76.620873,locality_curated
VEER TEJAJI MAHARAJ,AJMER,Rajasthan,26.464007,74.637122,locality_curated
KARIVALI,BHIWANDI,Maharashtra,19.286475,73.050637,locality_curated
Andhanallur,TIRUCHIRAPPALLI,Tamil Nadu,10.786892,78.727889,locality_curated
Nachikurichi,TIRUCHIRAPPALLI,Tamil Nadu,10.80753,78.708702,locality_curated
titirgaon,BASTAR(ST),Chhattisgarh,19.28675,81.695974,locality_curated
mathota,BASTAR(ST),Chhattisgarh,19.280731,81.69048,locality_curated
kulgaon,BASTAR(ST),Chhattisgarh,19.294392,81.683675,locality_curated
kalcha,BASTAR(ST),Chhattisgarh,19.295041,81.729799,locality_curated
Maniara Gram,JAHANABAD,Bihar,25.251315,85.006297,locality_curated
Ronia Gram,JAHANABAD,Bihar,25.218931,85.004438,locality_curated
Bara Gram,JAHANABAD,Bihar,25.254997,85.01148,locality_curated
Tuleda,ALWAR,Rajasthan,27.549405,76.615259,locality_curated
Kutubpur,JAHANABAD,Bihar,25.245274,84.994185,locality_curated
KHALA,BOLPUR(SC),West Bengal,23.648276,87.685677,locality_curated
Khanji,BOLPUR(SC),West Bengal,23.697994,87.708449,locality_curated
pahadi,CHATRA,Jharkhand,24.20082,84.899115,locality_curated
Working agency,BIKANER(SC),Rajasthan,28.047701,73.304372,locality_curated
Kalujuvvalapadu,ONGOLE,Andhra Pradesh,15.488569,80.066478,locality_curated
Kalamarahalli,CHITRADURGA(SC),Karnataka,14.218241,76.424321,locality_curated
Shivanakere,CHITRADURGA(SC),Karnataka,14.203214,76.395618,locality_curated
Kellodu,CHITRADURGA(SC),Karnataka,14.242022,76.408754,locality_curated
Bansgaon,NAINITAL UDHAM SINGH NAG.,Uttarakhand,,,locality_curated
Baldana,GANDHINAGAR,Gujarat,23.207417,72.61104,locality_curated
Chhabasar,GANDHINAGAR,Gujarat,23.203501,72.646465,locality_curated
Dhedhal,GANDHINAGAR,Gujarat,23.209795,72.652533,locality_curated
Kavla,GANDHINAGAR,Gujarat,23.220241,72.658773,locality_curated
Nanodara,GANDHINAGAR,Gujarat,23.212661,72.653355,locality_curated
Kerala,GANDHINAGAR,Gujarat,23.209074,72.606144,locality_curated
Bapupura,GANDHINAGAR,Gujarat,23.206036,72.613527,locality_curated
Budhabhai Khodabhai,KHEDA,Gujarat,22.722212,72.704318,locality_curated
QUILASHAPUR,WARANGEL(SC),Telangana,,,locality_curated
FATHESHAPUR,WARANGEL(SC),Telangana,,,locality_curated
KOMALLA,WARANGEL(SC),Telangana,,,locality_curated
SHIVUNIPALLY,WARANGEL(SC),Telangana,,,locality_curated
MEEDIKONDA,WARANGEL(SC),Telangana,,,locality_curated
hAJI Abdul Azeez,MAVELIKKARA(SC),Kerala,9.274153,76.566627,locality_curated
Bheemanadi,KASARAGOD,Kerala,12.515926,74.98455,locality_curated
Chamhi,SHEOHAR,Bihar,26.489824,85.302386,locality_curated
Ganesh,NABARANGPUR(ST),Odisha,19.21699,82.550076,locality_curated
Shiva,NABARANGPUR(ST),Odisha,19.213457,82.547074,locality_curated
Sanamasigam,NABARANGPUR(ST),Odisha,19.233769,82.518202,locality_curated
Budhi Thakurani,NABARANGPUR(ST),Odisha,19.226101,82.563072,locality_curated
Shree Ram,NABARANGPUR(ST),Odisha,19.256357,82.530595,locality_curated
Dharuni,NABARANGPUR(ST),Odisha,19.228222,82.57006,locality_curated
Maa Mauli,NABARANGPUR(ST),Odisha,19.207094,82.527705,locality_curated
Maa Budhi Thakurani,NABARANGPUR(ST),Odisha,19.203403,82.532471,locality_curated
Champa,NABARANGPUR(ST),Odisha,19.248292,82.568716,locality_curated
Bariya Maa Mauli,NABARANGPUR(ST),Odisha,19.24385,82.52804,locality_curated
Laxmi Narayan,NABARANGPUR(ST),Odisha,19.218588,82.561222,locality_curated
Maa Mauli Maa,NABARANGPUR(ST),Odisha,19.207249,82.529133,locality_curated
Basanti,NABARANGPUR(ST),Odisha,19.221329,82.533894,locality_curated
Basini,NABARANGPUR(ST),Odisha,19.223282,82.576606,locality_curated
Raghupur,BASTI,Uttar Pradesh,26.811091,82.704972,locality_curated
Sirasta,JAGATSINGHPUR(SC),Odisha,20.264546,86.1901,locality_curated
Sasan,JAGATSINGHPUR(SC),Odisha,20.278714,86.167281,locality_curated
Tulanga,JAGATSINGHPUR(SC),Odisha,20.261991,86.139661,locality_curated
shivaji,GIRIDIH,Jharkhand,24.196139,86.281281,locality_curated
Dron,JUNAGADH,Gujarat,21.533735,70.445926,locality_curated
Moli,JUNAGADH,Gujarat,21.519026,70.490357,locality_curated
Kandhi,JUNAGADH,Gujarat,21.497746,70.445079,locality_curated
Mahobatpara,JUNAGADH,Gujarat,21.509544,70.476625,locality_curated
Pankhan,JUNAGADH,Gujarat,21.53947,70.441762,locality_curated
Samadhiyala,JUNAGADH,Gujarat,21.54796,70.449434,locality_curated
vankiya,JUNAGADH,Gujarat,21.500521,70.45209,locality_curated
Nagadiya,JUNAGADH,Gujarat,21.502305,70.445553,locality_curated
Dhokadva,JUNAGADH,Gujarat,21.515324,70.435151,locality_curated
kuba,JUNAGADH,Gujarat,21.520936,70.483818,locality_curated
Fareda,JUNAGADH,Gujarat,21.52423,70.489104,locality_curated
Kodiya,JUNAGADH,Gujarat,21.528677,70.472175,locality_curated
Ambada,JUNAGADH,Gujarat,21.533356,70.432184,locality_curated
GOVINDAKOPPA,BAGALKOT,Karnataka,16.179703,75.713727,locality_curated
Vadli,JUNAGADH,Gujarat,21.50309,70.433419,locality_curated
Padapadar,JUNAGADH,Gujarat,21.531775,70.482147,locality_curated
Fatsar,JUNAGADH,Gujarat,21.534341,70.471415,locality_curated
Motisar,JUNAGADH,Gujarat,21.511637,70.429796,locality_curated
ALAGUR,BAGALKOT,Karnataka,16.174327,75.665613,locality_curated
Itvaya,JUNAGADH,Gujarat,21.492897,70.468135,locality_curated
Bandharda,JUNAGADH,Gujarat,21.503923,70.47559,locality_curated
HUNASHIKATTI,BAGALKOT,Karnataka,16.15112,75.702942,locality_curated
Jujharpur,RAIGANJ,West Bengal,25.604642,88.091652,locality_curated
KONNUR,BAGALKOT,Karnataka,16.174837,75.665514,locality_curated
Laxmanpur,GONDA,Uttar Pradesh,27.134538,81.975693,locality_curated
Janaki,GONDA,Uttar Pradesh,27.158848,81.957733,locality_curated
Lalnagar village,GONDA,Uttar Pradesh,27.147229,81.931299,locality_curated
Banjaria,GONDA,Uttar Pradesh,27.134157,81.930505,locality_curated
Ranipur,GONDA,Uttar Pradesh,27.110208,81.944999,locality_curated
Retavagada,GONDA,Uttar Pradesh,27.107291,81.950205,locality_curated
Bhatwalia,GONDA,Uttar Pradesh,27.139442,81.982752,locality_curated
Kaurhe,GONDA,Uttar Pradesh,27.115844,81.952918,locality_curated
Nauvvagaon,GONDA,Uttar Pradesh,27.145954,81.967243,locality_curated
Parsiya,GONDA,Uttar Pradesh,27.121496,81.986254,locality_curated
Purehada village,GONDA,Uttar Pradesh,27.125772,81.940945,locality_curated
Mahadeva Gram,GONDA,Uttar Pradesh,27.143724,81.978378,locality_curated
Madhavanagar village,GONDA,Uttar Pradesh,27.107914,81.963047,locality_curated
Hardopatti village,GONDA,Uttar Pradesh,27.140904,81.970281,locality_curated
Hanuman,BHANDARA-GONDIYA,Maharashtra,21.475659,80.147866,locality_curated
se prastawit,MUZAFFARNAGAR,Uttar Pradesh,29.482805,77.678262,locality_curated
house,HISAR,Haryana,29.173081,75.715888,locality_curated
Gurajala,KADAPA,Andhra Pradesh,14.491476,78.832179,locality_curated
Chatakpur,RANCHI,Jharkhand,23.340371,85.292008,locality_curated
Kob,JUNAGADH,Gujarat,21.535086,70.450535,locality_curated
Kajardi,JUNAGADH,Gujarat,21.505329,70.47423,locality_curated
Panderi,JUNAGADH,Gujarat,21.545027,70.459616,locality_curated
Sanvav,JUNAGADH,Gujarat,21.540103,70.458909,locality_curated
Jaragli,JUNAGADH,Gujarat,21.549499,70.462024,locality_curated
Pichhva,JUNAGADH,Gujarat,21.498161,70.464343,locality_curated
Bhakha,JUNAGADH,Gujarat,21.508817,70.478446,locality_curated
Velakot,JUNAGADH,Gujarat,21.532634,70.447069,locality_curated
Kaneri,JUNAGADH,Gujarat,21.535958,70.431219,locality_curated
Jamvala,JUNAGADH,Gujarat,21.501064,70.482264,locality_curated
Bansaruli,RANCHI,Jharkhand,23.353238,85.330943,locality_curated
ZPHS Bichukunda,ZAHIRABAD,Telangana,17.689724,77.620448,locality_curated
Komalancha,ZAHIRABAD,Telangana,17.666153,77.607053,locality_curated
Gajwada,ZAHIRABAD,Telangana,17.681267,77.626615,locality_curated
village Pataria,PALAMU(SC),Jharkhand,24.038237,84.044939,locality_curated
Kecharkur,MATHURAPUR(SC),West Bengal,22.085434,88.394892,locality_curated
Tigalarahosahalli,BANGALORE RURAL,Karnataka,13.143875,77.414818,locality_curated
Goravinapura,BANGALORE RURAL,Karnataka,13.132418,77.373232,locality_curated
Gutidih,RANCHI,Jharkhand,23.359902,85.282057,locality_curated
Sitadih,RANCHI,Jharkhand,23.360075,85.328258,locality_curated
Kabristhan,SHIMLA (SC),Himachal Pradesh,31.123071,77.201718,locality_curated
Tiles,SHIMLA (SC),Himachal Pradesh,31.123547,77.201425,locality_curated
wall,SHIMLA (SC),Himachal Pradesh,31.092707,77.181554,locality_curated
Madihalli,TUMKUR,Karnataka,13.316927,77.110954,locality_curated
OBULAPUR,WARANGEL(SC),Telangana,,,locality_curated
KODURU,WARANGEL(SC),Telangana,,,locality_curated
SRIPATHIPALLY,WARANGEL(SC),Telangana,,,locality_curated
Andole,ZAHIRABAD,Telangana,17.704416,77.631732,locality_curated
Mangalpet,ZAHIRABAD,Telangana,17.685398,77.639711,locality_curated
Gottimukkala,ZAHIRABAD,Telangana,17.6809,77.578736,locality_curated
nAndole,ZAHIRABAD,Telangana,17.703454,77.598944,locality_curated
Eastern Saren,JAHANABAD,Bihar,25.212047,85.006418,locality_curated
Kumardih,JAHANABAD,Bihar,25.260003,84.998254,locality_curated
Manjhaus,JAHANABAD,Bihar,25.230281,85.003279,locality_curated
KONDAPUR,WARANGEL(SC),Telangana,,,locality_curated
PALAKURTHY,WARANGEL(SC),Telangana,,,locality_curated
Balumama,CHIKKODI,Karnataka,16.448753,74.594797,locality_curated
Hubbarawadi,CHIKKODI,Karnataka,16.436631,74.583623,locality_curated
Yadimayavva,CHIKKODI,Karnataka,16.412634,74.578621,locality_curated
Kosogondon Dighi,KODARMA,Jharkhand,24.55711,85.698904,locality_curated
Purnigaria,KODARMA,Jharkhand,24.553011,85.672768,locality_curated
Laxmi,KEONJHAR(ST),Odisha,21.619154,85.592928,locality_curated
jadipada,KEONJHAR(ST),Odisha,21.610357,85.58076,locality_curated
Jorasankh,KODARMA,Jharkhand,24.528826,85.673236,locality_curated
jagannath,KEONJHAR(ST),Odisha,21.614615,85.583945,locality_curated
Navakhijadiya,AMRELI,Gujarat,21.591621,71.239497,locality_curated
Randhiya,AMRELI,Gujarat,21.625214,71.236656,locality_curated
Gondlitand,KODARMA,Jharkhand,24.520019,85.670876,locality_curated
Raj,KHARGONE(ST),Madhya Pradesh,21.82139,75.588551,locality_curated
Medho Chaparkho,KODARMA,Jharkhand,24.555758,85.667537,locality_curated
Rukdiya Hanuman,KHARGONE(ST),Madhya Pradesh,21.828732,75.627517,locality_curated
Ledo,KODARMA,Jharkhand,24.550758,85.677057,locality_curated
Badwara village,KODARMA,Jharkhand,24.547645,85.678685,locality_curated
Artoka,KODARMA,Jharkhand,24.565161,85.708057,locality_curated
Chhotki Khargadih,KODARMA,Jharkhand,24.526473,85.691787,locality_curated
Hadodih,KODARMA,Jharkhand,24.53344,85.678975,locality_curated
Lodharatari,KODARMA,Jharkhand,24.563164,85.699562,locality_curated
Khutri,KODARMA,Jharkhand,24.515374,85.682205,locality_curated
Makhdumpur Nagar,JAHANABAD,Bihar,25.219267,85.021244,locality_curated
Kokarsa,JAHANABAD,Bihar,25.242535,85.05345,locality_curated
Goroimari Bazarkhola Shiv,Darrang-Udalguri,Assam,,,locality_curated
Pachim Bhairaguri Shiv,Darrang-Udalguri,Assam,,,locality_curated
Lakhmi,Darrang-Udalguri,Assam,,,locality_curated
Village Buraj Muhar,FIROZPUR,Punjab,30.912544,74.633306,locality_curated
songaon,BHIWANDI,Maharashtra,19.286039,73.087323,locality_curated
Bathou,Darrang-Udalguri,Assam,,,locality_curated
Bichar Chuburi Shiva,Darrang-Udalguri,Assam,,,locality_curated
Punrandarpur Gram,BANKURA,West Bengal,23.20364,87.06981,locality_curated
Suleeswaranpatti Town,POLLACHI,Tamil Nadu,10.649434,76.986898,locality_curated
ANKHONA,BOLPUR(SC),West Bengal,23.638746,87.698175,locality_curated
BAMUNDI,BOLPUR(SC),West Bengal,23.651323,87.719079,locality_curated
Giridih,KODARMA,Jharkhand,24.539406,85.71365,locality_curated
Kurli,KORAPUT(ST),Odisha,18.82262,82.682483,locality_curated
Badaguda,KORAPUT(ST),Odisha,18.794723,82.712674,locality_curated
Adatika,KORAPUT(ST),Odisha,18.797593,82.737064,locality_curated
Mazra Marrakpur,HATHRAS (SC),Uttar Pradesh,27.60151,78.042379,locality_curated
Ambadih,KODARMA,Jharkhand,24.551088,85.680757,locality_curated
Bandkharo,KODARMA,Jharkhand,24.546535,85.712792,locality_curated
Chettiyarpatti Town,TENKASI(SC),Tamil Nadu,9.418531,77.633232,locality_curated
Sivagurunathapuram Muppudathi amman,TENKASI(SC),Tamil Nadu,9.432074,77.602737,locality_curated
Alagu Parvathy amman,TENKASI(SC),Tamil Nadu,9.453835,77.638183,locality_curated
Chhotra,AMRELI,Gujarat,21.62439,71.218307,locality_curated
Bomraspeta,MAHABUBNAGAR,Telangana,16.713648,77.961304,locality_curated
Chintal Maisamma,MAHABUBNAGAR,Telangana,16.680916,77.955938,locality_curated
Rudraram,MAHABUBNAGAR,Telangana,16.67817,77.939224,locality_curated
Annaram,MAHABUBNAGAR,Telangana,16.709952,77.943598,locality_curated
Tekalkode,MAHABUBNAGAR,Telangana,16.686712,77.936001,locality_curated
Doulthabad,MAHABUBNAGAR,Telangana,16.674342,77.98001,locality_curated
Shivalayam,MAHABUBNAGAR,Telangana,16.682427,77.97388,locality_curated
Maddur,MAHABUBNAGAR,Telangana,16.726551,77.958022,locality_curated
Metlageri of Maddur,MAHABUBNAGAR,Telangana,16.701734,77.940309,locality_curated
Renuka Yellamma,MAHABUBNAGAR,Telangana,16.715473,77.975097,locality_curated
Dhanwada,MAHABUBNAGAR,Telangana,16.69507,77.988984,locality_curated
Mandramo Western,KODARMA,Jharkhand,24.561937,85.699583,locality_curated
Manjhiladih,KODARMA,Jharkhand,24.552031,85.678931,locality_curated
Jarmune East,KODARMA,Jharkhand,24.549538,85.722379,locality_curated
Kurre Village,JAHANABAD,Bihar,25.23535,84.999756,locality_curated
west,JAHANABAD,Bihar,25.226344,85.002006,locality_curated
Keur,JAHANABAD,Bihar,25.245656,85.002503,locality_curated
Tirra,JAHANABAD,Bihar,25.219657,85.046861,locality_curated
Gandhar,JAHANABAD,Bihar,25.238535,85.052465,locality_curated
Tola,JAHANABAD,Bihar,25.231598,85.035271,locality_curated
Kachhail,KODARMA,Jharkhand,24.557279,85.695312,locality_curated
Adwara,KODARMA,Jharkhand,24.547187,85.678492,locality_curated
Lukai,KODARMA,Jharkhand,24.513681,85.694663,locality_curated
Path,JALORE,Rajasthan,25.355795,72.591233,locality_curated
Dharguli,KODARMA,Jharkhand,24.56643,85.675177,locality_curated
Sonbad,KODARMA,Jharkhand,24.555963,85.705101,locality_curated
Nawadih,KODARMA,Jharkhand,24.52534,85.700578,locality_curated
Dongri,KODARMA,Jharkhand,24.56389,85.67706,locality_curated
Tola,KODARMA,Jharkhand,24.536845,85.677951,locality_curated
Turkabad,KODARMA,Jharkhand,24.528188,85.72363,locality_curated
Bandasingha,KODARMA,Jharkhand,24.54238,85.724603,locality_curated
mandirat,HOSHANGABAD,Madhya Pradesh,22.726845,77.731471,locality_curated
Bekijan Laxmi Narayan,Sonitpur,Assam,26.620769,92.78681,locality_curated
Dasharo Khurd,KODARMA,Jharkhand,24.515864,85.697627,locality_curated
Bandakpur,DAMOH,Madhya Pradesh,23.821885,79.428234,locality_curated
bamohri,DAMOH,Madhya Pradesh,23.855517,79.43504,locality_curated
khajri,DAMOH,Madhya Pradesh,23.841597,79.460445,locality_curated
pipriya,DAMOH,Madhya Pradesh,23.838877,79.462628,locality_curated
Pipriya,DAMOH,Madhya Pradesh,23.810361,79.443549,locality_curated
revenue,RAJSAMAND,Rajasthan,25.050649,73.870038,locality_curated
Nagari,KODARMA,Jharkhand,24.555713,85.721777,locality_curated
Shivpur,KODARMA,Jharkhand,24.512225,85.69591,locality_curated
Abhana,DAMOH,Madhya Pradesh,23.808014,79.436987,locality_curated
imaliya,DAMOH,Madhya Pradesh,23.846785,79.424861,locality_curated
damoh Gramin,DAMOH,Madhya Pradesh,23.837592,79.427707,locality_curated
salaiya,DAMOH,Madhya Pradesh,23.833565,79.412483,locality_curated
keolari,DAMOH,Madhya Pradesh,23.854618,79.441017,locality_curated
Anoo,DAMOH,Madhya Pradesh,23.841759,79.473517,locality_curated
Mudari,DAMOH,Madhya Pradesh,23.817399,79.44474,locality_curated
Riyana,DAMOH,Madhya Pradesh,23.826318,79.427972,locality_curated
Ranjra,DAMOH,Madhya Pradesh,23.808376,79.432001,locality_curated
kham,DAMOH,Madhya Pradesh,23.851919,79.437041,locality_curated
kaithora,DAMOH,Madhya Pradesh,23.815372,79.433918,locality_curated
sihera,DAMOH,Madhya Pradesh,23.83232,79.460228,locality_curated
Pthariya,DAMOH,Madhya Pradesh,23.815405,79.429538,locality_curated
mangron,DAMOH,Madhya Pradesh,23.80435,79.444319,locality_curated
Kapka,KODARMA,Jharkhand,24.527266,85.673209,locality_curated
nohta,DAMOH,Madhya Pradesh,23.851704,79.432058,locality_curated
singrampur,DAMOH,Madhya Pradesh,23.817896,79.416975,locality_curated
Gubra,DAMOH,Madhya Pradesh,23.839254,79.465087,locality_curated
simri,DAMOH,Madhya Pradesh,23.853893,79.438595,locality_curated
chopra,DAMOH,Madhya Pradesh,23.848498,79.414887,locality_curated
bija,DAMOH,Madhya Pradesh,23.825,79.427712,locality_curated
banwar,DAMOH,Madhya Pradesh,23.812636,79.449791,locality_curated
Rond,DAMOH,Madhya Pradesh,23.836289,79.475545,locality_curated
kishunpur gram,MIRZAPUR,Uttar Pradesh,25.140041,82.60322,locality_curated
Sugaon Gram,JAHANABAD,Bihar,25.258234,85.009917,locality_curated
chapri,DAMOH,Madhya Pradesh,23.819573,79.423099,locality_curated
majholi,DAMOH,Madhya Pradesh,23.81335,79.453889,locality_curated
kundalpur,DAMOH,Madhya Pradesh,23.824109,79.466882,locality_curated
dadpur,DAMOH,Madhya Pradesh,23.807243,79.458704,locality_curated
raneh,DAMOH,Madhya Pradesh,23.849758,79.4355,locality_curated
kudai,DAMOH,Madhya Pradesh,23.810126,79.462596,locality_curated
bara,DAMOH,Madhya Pradesh,23.81278,79.4427,locality_curated
padwar,DAMOH,Madhya Pradesh,23.853224,79.436659,locality_curated
nouraj,DAMOH,Madhya Pradesh,23.813503,79.426389,locality_curated
Patna,DAMOH,Madhya Pradesh,23.845446,79.421879,locality_curated
patna,DAMOH,Madhya Pradesh,23.809118,79.455221,locality_curated
ramkhiriya,DAMOH,Madhya Pradesh,23.838187,79.421399,locality_curated
gaurjhamar,DAMOH,Madhya Pradesh,23.811367,79.439438,locality_curated
Anantpura,DAMOH,Madhya Pradesh,23.830959,79.422194,locality_curated
Barwala,NORTH WEST DELHI(SC),Delhi,28.72828,77.057586,locality_curated
Dada Chaudah Rana,NORTH WEST DELHI(SC),Delhi,28.749091,77.105044,locality_curated
Nethenahalli,BANGALORE RURAL,Karnataka,13.140825,77.385491,locality_curated
prkhand yogapatti,VALMIKI NAGAR,Bihar,27.106096,84.272035,locality_curated
GOVT SCHOOL,ANANDPUR SAHIB,Punjab,31.227955,76.474651,locality_curated
KHONI,BHIWANDI,Maharashtra,19.311369,73.053388,locality_curated
Maljhinjhva,JUNAGADH,Gujarat,21.510216,70.483182,locality_curated
Nagulaguttapalli,KADAPA,Andhra Pradesh,14.460814,78.853563,locality_curated
Korrapadu,ANANTAPUR,Andhra Pradesh,14.67684,77.620121,locality_curated
Neelampalli,ANANTAPUR,Andhra Pradesh,14.692233,77.624592,locality_curated
Konapuram,ANANTAPUR,Andhra Pradesh,14.665278,77.606183,locality_curated
jhiriya mata,HOSHANGABAD,Madhya Pradesh,22.739184,77.734542,locality_curated
Somaspadi,TIRUVANNAMALAI,Tamil Nadu,12.209808,79.092305,locality_curated
Veraiyur,TIRUVANNAMALAI,Tamil Nadu,12.238387,79.090659,locality_curated
Kalleri,TIRUVANNAMALAI,Tamil Nadu,12.226422,79.096609,locality_curated
Devanur,TIRUVANNAMALAI,Tamil Nadu,12.249966,79.068873,locality_curated
Pudumallavadi,TIRUVANNAMALAI,Tamil Nadu,12.235526,79.048803,locality_curated
Nookambadi,TIRUVANNAMALAI,Tamil Nadu,12.233917,79.105448,locality_curated
Karunthuvambadi,TIRUVANNAMALAI,Tamil Nadu,12.23628,79.084816,locality_curated
Porkunnam,TIRUVANNAMALAI,Tamil Nadu,12.228184,79.095695,locality_curated
Gurrampode,NALGONDA,Telangana,17.06063,79.281253,locality_curated
Pudur Chengam,TIRUVANNAMALAI,Tamil Nadu,12.233463,79.090408,locality_curated
Kallaraipadi,TIRUVANNAMALAI,Tamil Nadu,12.254689,79.06493,locality_curated
Muthanur,TIRUVANNAMALAI,Tamil Nadu,12.233777,79.099889,locality_curated
Kallayyee,TIRUVANNAMALAI,Tamil Nadu,12.207298,79.061317,locality_curated
NARSINGHGHAR,DAMOH,Madhya Pradesh,23.825137,79.42348,locality_curated
Tand,KODARMA,Jharkhand,24.551182,85.704542,locality_curated
Mandir towards,KHEDA,Gujarat,22.694491,72.678441,locality_curated
BHOI,KHEDA,Gujarat,22.727675,72.67372,locality_curated
Kukasvada,JUNAGADH,Gujarat,21.507582,70.47156,locality_curated
South Dhanwar,KODARMA,Jharkhand,24.546647,85.677667,locality_curated
Rajodih,KODARMA,Jharkhand,24.530051,85.707045,locality_curated
Kheto,KODARMA,Jharkhand,24.534668,85.666919,locality_curated
Darwedih,KODARMA,Jharkhand,24.548643,85.710947,locality_curated
Mukhwala,KHEDA,Gujarat,22.712947,72.701729,locality_curated
Singho,KODARMA,Jharkhand,24.520867,85.70506,locality_curated
Basti,PATIALA,Punjab,30.343215,76.354678,locality_curated
Rithala,NORTH WEST DELHI(SC),Delhi,28.722122,77.103403,locality_curated
Langodra,JUNAGADH,Gujarat,21.512276,70.473716,locality_curated
Jhunjharpur,JUNAGADH,Gujarat,21.545928,70.450586,locality_curated
Khambhaliya,JUNAGADH,Gujarat,21.521928,70.441149,locality_curated
Parachidih,KODARMA,Jharkhand,24.55403,85.675383,locality_curated
Kurikkal,PATHANAMTHITTA,Kerala,9.239869,76.785681,locality_curated
Keeramangalam Town,SIVAGANGA,Tamil Nadu,9.868441,78.472995,locality_curated
Vijapur,JUNAGADH,Gujarat,21.500255,70.463346,locality_curated
Ambavad,JUNAGADH,Gujarat,21.523833,70.477967,locality_curated
Rugnathpur,AMRELI,Gujarat,21.61349,71.248382,locality_curated
BADHAURA,SIDHI,Madhya Pradesh,24.42685,81.898214,locality_curated
Jumma,RAJMAHAL(ST),Jharkhand,25.04826,87.825286,locality_curated
Vandaloor,KANCHEEPURAM(SC),Tamil Nadu,12.82578,79.709353,locality_curated
Thirukalukundram Town,KANCHEEPURAM(SC),Tamil Nadu,12.837294,79.686913,locality_curated
Vedanthangal,KANCHEEPURAM(SC),Tamil Nadu,12.818145,79.673822,locality_curated
Sirunallur,KANCHEEPURAM(SC),Tamil Nadu,12.78841,79.6947,locality_curated
Jalpa Mata,SHIMLA (SC),Himachal Pradesh,31.105841,77.138594,locality_curated
udaygarhi,BULANDSHAHR(SC),Uttar Pradesh,28.425556,77.857092,locality_curated
Rangamati,KODARMA,Jharkhand,24.562957,85.675964,locality_curated
Jharkhandi,KODARMA,Jharkhand,24.564024,85.68291,locality_curated
Pandeydih,KODARMA,Jharkhand,24.534863,85.667579,locality_curated
bachihalli,HASSAN,Karnataka,13.011494,76.130172,locality_curated
thambalagere,HASSAN,Karnataka,12.980651,76.096133,locality_curated
hallibylu,HASSAN,Karnataka,13.010976,76.117177,locality_curated
nadahalli,HASSAN,Karnataka,12.990126,76.09046,locality_curated
bisle,HASSAN,Karnataka,13.019498,76.07389,locality_curated
rimrangpara,TURA,Meghalaya,25.530408,90.213963,locality_curated
Building,KHAMMAM,Telangana,17.262414,80.159814,locality_curated
village Bhali,PALAMU(SC),Jharkhand,24.041277,84.085807,locality_curated
Ramarechi,JUNAGADH,Gujarat,21.541544,70.449918,locality_curated
Hiremadhure,CHITRADURGA(SC),Karnataka,14.23846,76.408893,locality_curated
Hosa Dhyavarahalli,CHITRADURGA(SC),Karnataka,14.236487,76.426497,locality_curated
Kangavalli,CHITRADURGA(SC),Karnataka,14.205875,76.413895,locality_curated
Darvedih,KODARMA,Jharkhand,24.538376,85.707406,locality_curated
Hale Yelanadu,CHITRADURGA(SC),Karnataka,14.241699,76.388931,locality_curated
Adivala,CHITRADURGA(SC),Karnataka,14.201059,76.399028,locality_curated
Gandey,KODARMA,Jharkhand,24.560176,85.689911,locality_curated
Papparwatand,KODARMA,Jharkhand,24.533566,85.718251,locality_curated
Parua,RAIGANJ,West Bengal,25.616934,88.100714,locality_curated
gnanadeepam,KANNIYAKUMARI,Tamil Nadu,8.069974,77.517943,locality_curated
Chaprajhar,RAIGANJ,West Bengal,25.619458,88.085535,locality_curated
Parsia,KODARMA,Jharkhand,24.557125,85.682881,locality_curated
Kabro,JAIPUR RURAL,Rajasthan,26.826599,75.578524,locality_curated
Ghatbeda,DHANBAD,Jharkhand,23.787602,86.41303,locality_curated
Surya,Kaziranga,Assam,26.611608,93.411543,locality_curated
Dariyadih,KODARMA,Jharkhand,24.540923,85.723571,locality_curated
Mata ji,AJMER,Rajasthan,26.460711,74.659996,locality_curated
Village Kanakhedi,AJMER,Rajasthan,26.43703,74.622149,locality_curated
Rasulpura,AJMER,Rajasthan,26.43393,74.643045,locality_curated
affected,SANGRUR,Punjab,30.232492,75.810566,locality_curated
DHOONI BABA,AJMER,Rajasthan,26.47652,74.652521,locality_curated
village Bhairunkheda,AJMER,Rajasthan,26.466455,74.662734,locality_curated
Dev Ji Maharaj,AJMER,Rajasthan,26.458999,74.657503,locality_curated
Korukonda,RAJAHMUNDRY,Andhra Pradesh,16.974747,81.807307,locality_curated
Rajanagaram,RAJAHMUNDRY,Andhra Pradesh,16.986485,81.818655,locality_curated
Shantidham,MUMBAI NORTH,Maharashtra,19.226868,72.837432,locality_curated
Gopalapuram,RAJAHMUNDRY,Andhra Pradesh,16.987698,81.777727,locality_curated
Dubacherla,RAJAHMUNDRY,Andhra Pradesh,17.02886,81.806595,locality_curated
Shiv,SOUTH DELHI,Delhi,28.499312,77.1863,locality_curated
Pasnaur,KODARMA,Jharkhand,24.556783,85.700059,locality_curated
aajmi,BHIWANDI,Maharashtra,19.313963,73.037925,locality_curated
Ranidih,KODARMA,Jharkhand,24.523668,85.712192,locality_curated
Khirod,KODARMA,Jharkhand,24.52874,85.67693,locality_curated
Karhadih,KODARMA,Jharkhand,24.51963,85.706308,locality_curated
Motilada,KODARMA,Jharkhand,24.523635,85.678581,locality_curated
Thakur,MUMBAI NORTH,Maharashtra,19.214675,72.854884,locality_curated
Maruthappapuram,TENKASI(SC),Tamil Nadu,9.423328,77.637007,locality_curated
Charkop,MUMBAI NORTH,Maharashtra,19.205775,72.871175,locality_curated
Union Taiyur,ARANI,Tamil Nadu,12.685829,79.303902,locality_curated
Reddipalayam,ARANI,Tamil Nadu,12.68594,79.274198,locality_curated
Sautoor village Reddipalayam,ARANI,Tamil Nadu,12.664124,79.305922,locality_curated
Jambodi,ARANI,Tamil Nadu,12.654506,79.28271,locality_curated
Nedumozhianur,ARANI,Tamil Nadu,12.643207,79.262499,locality_curated
Jonnavalasa,VIZIANAGARAM,Andhra Pradesh,18.12847,83.411638,locality_curated
JEEDIKAL,WARANGEL(SC),Telangana,,,locality_curated
NAGARAM,WARANGEL(SC),Telangana,,,locality_curated
PATELGUDEM,WARANGEL(SC),Telangana,,,locality_curated
WARDANNAPET,WARANGEL(SC),Telangana,,,locality_curated
Tilokhari village,KODARMA,Jharkhand,24.520651,85.67501,locality_curated
Chettudayanpatti,VIRUDHUNAGAR,Tamil Nadu,9.615131,77.967359,locality_curated
pandalgudi,VIRUDHUNAGAR,Tamil Nadu,9.576634,77.949269,locality_curated
Chettikulam Periyar,PERAMBALUR,Tamil Nadu,11.214203,78.866656,locality_curated
Irattaimalasandhu Nehru,PERAMBALUR,Tamil Nadu,11.2323,78.845164,locality_curated
TEKARAIPUR NATHUNPARA MATHPARA,MURSHIDABAD,West Bengal,24.198694,88.26671,locality_curated
KASHIMNAGAR BORBONA UKTIYA,MURSHIDABAD,West Bengal,24.200292,88.244955,locality_curated
HERAMPORE,MURSHIDABAD,West Bengal,24.198346,88.271193,locality_curated
Pipradih,KODARMA,Jharkhand,24.560525,85.670063,locality_curated
GODHANPARA BASHPARA,MURSHIDABAD,West Bengal,24.198677,88.27304,locality_curated
RANINAGAR HIGH,MURSHIDABAD,West Bengal,24.169858,88.302925,locality_curated
GODHANPARA HATPARA,MURSHIDABAD,West Bengal,24.191882,88.303452,locality_curated
NAZRANA,MURSHIDABAD,West Bengal,24.175589,88.304613,locality_curated
ekangarsarai,NALANDA,Bihar,25.106403,85.469174,locality_curated
Ankanahalli,MANDYA,Karnataka,12.5331,76.922369,locality_curated
Veeregowdana Koppalu,MANDYA,Karnataka,12.513161,76.866153,locality_curated
Gotana,JUNAGADH,Gujarat,21.531415,70.427414,locality_curated
Khijadiya,AMRELI,Gujarat,21.620232,71.214887,locality_curated
Badam,VIZIANAGARAM,Andhra Pradesh,18.132075,83.409795,locality_curated
Bhayavdar,AMRELI,Gujarat,21.627534,71.20688,locality_curated
Paniyadev,AMRELI,Gujarat,21.595022,71.241832,locality_curated
Doliya,AMRELI,Gujarat,21.618467,71.197978,locality_curated
Mouza,HOWRAH,West Bengal,22.58012,88.268792,locality_curated
Raipur Sardarpara,HOWRAH,West Bengal,22.592309,88.232801,locality_curated
Kolorah Girls High,HOWRAH,West Bengal,22.575018,88.26242,locality_curated
Kanampalli,KADAPA,Andhra Pradesh,14.449595,78.83953,locality_curated
Shiva,AMBALA (SC),Haryana,30.401698,76.770921,locality_curated
Village,KORBA,Chhattisgarh,22.334937,82.729349,locality_curated
NAINEGALI,BAGALKOT,Karnataka,16.197342,75.708644,locality_curated
Pipallag,AMRELI,Gujarat,21.605687,71.194276,locality_curated
Bauri Dih,NALANDA,Bihar,25.090021,85.41748,locality_curated
Sethurajapuram,VIRUDHUNAGAR,Tamil Nadu,9.561247,77.978573,locality_curated
Kanjanaiyakkenpatti,VIRUDHUNAGAR,Tamil Nadu,9.565896,77.9787,locality_curated
Village,KANNAUJ,Uttar Pradesh,27.060927,79.947708,locality_curated
Sauj,MAINPURI,Uttar Pradesh,27.251676,79.013152,locality_curated
Mettupatti,VIRUDHUNAGAR,Tamil Nadu,9.581179,77.977882,locality_curated
Thummakkundu,VIRUDHUNAGAR,Tamil Nadu,9.58951,77.978912,locality_curated
Bhordu,RATLAM(ST),Madhya Pradesh,23.355422,75.033962,locality_curated
DhansinghThanda of Nandigam,MAHABUBNAGAR,Telangana,16.701059,77.985699,locality_curated
Hanumant,MAHABUBNAGAR,Telangana,16.668918,77.95245,locality_curated
Nutan Swaruppur,MURSHIDABAD,West Bengal,24.201069,88.283552,locality_curated
Sajipanadu,DAKSHINA KANNADA,Karnataka,12.861701,75.26626,locality_curated
Longkhaw,ARUNACHAL EAST,Arunachal Pradesh,28.207451,95.917104,locality_curated
Raipur Gram,MURSHIDABAD,West Bengal,24.162651,88.263448,locality_curated
Mahua Bazar,MADHEPURA,Bihar,25.89773,86.807877,locality_curated
antargat Mokma,MADHEPURA,Bihar,25.938943,86.809957,locality_curated
antargat Bishanpur,MADHEPURA,Bihar,25.938141,86.762651,locality_curated
Khem,MADHEPURA,Bihar,25.936846,86.793781,locality_curated
MUTYALAMMA,AMALAPURAM(SC),Andhra Pradesh,16.587034,82.027171,locality_curated
LANKALAMMA,AMALAPURAM(SC),Andhra Pradesh,16.558083,81.998652,locality_curated
Office,DAKSHINA KANNADA,Karnataka,12.835067,75.235108,locality_curated
Kako Nagar,JAHANABAD,Bihar,25.254152,85.047585,locality_curated
Ghoshi Nagar,JAHANABAD,Bihar,25.220326,85.035061,locality_curated
Muneshwara,MYSORE,Karnataka,12.303045,76.660934,locality_curated
Katte,MYSORE,Karnataka,12.290027,76.65332,locality_curated
THUNE BK,BHIWANDI,Maharashtra,19.289565,73.091313,locality_curated
LENAD KH,BHIWANDI,Maharashtra,19.273202,73.079268,locality_curated
BAMANE,BHIWANDI,Maharashtra,19.268675,73.073324,locality_curated
Kadiapulanka,RAJAHMUNDRY,Andhra Pradesh,16.98908,81.821054,locality_curated
Madhavarayudupalem,RAJAHMUNDRY,Andhra Pradesh,17.029731,81.796943,locality_curated
Matiyar Kala,SITAMARHI,Bihar,26.614026,85.498225,locality_curated
Mawshun,SHILLONG,Meghalaya,25.596438,91.906992,locality_curated
pondi,DINDIGUL,Tamil Nadu,10.34394,77.961918,locality_curated
Vilpatty,DINDIGUL,Tamil Nadu,10.385072,77.968292,locality_curated
Somavaram,ANAKAPALLE,Andhra Pradesh,17.686889,83.028439,locality_curated
Kamanur,DINDIGUL,Tamil Nadu,10.380645,77.983991,locality_curated
Ugginapalem,ANAKAPALLE,Andhra Pradesh,17.667714,83.022197,locality_curated
Parikhara,BALLIA,Uttar Pradesh,25.73189,84.158069,locality_curated
Aamghat,BALLIA,Uttar Pradesh,25.731001,84.156048,locality_curated
Saharaspali,BALLIA,Uttar Pradesh,25.765692,84.135531,locality_curated
Chandpur,BALLIA,Uttar Pradesh,25.740493,84.123325,locality_curated
Rosinhpur,BALLIA,Uttar Pradesh,25.752996,84.127998,locality_curated
Jagdishpur,BALLIA,Uttar Pradesh,25.774437,84.13988,locality_curated
Tikhampur,BALLIA,Uttar Pradesh,25.768331,84.116741,locality_curated
Khadicha,BALLIA,Uttar Pradesh,25.780792,84.158772,locality_curated
Janaupur,BALLIA,Uttar Pradesh,25.757379,84.179599,locality_curated
Babhnauli,BALLIA,Uttar Pradesh,25.761244,84.16464,locality_curated
Narayanapali,BALLIA,Uttar Pradesh,25.769036,84.163131,locality_curated
Mithwar,BALLIA,Uttar Pradesh,25.743215,84.133322,locality_curated
Damodarpur,BALLIA,Uttar Pradesh,25.734922,84.153984,locality_curated
SIRIPURAM,WARANGEL(SC),Telangana,,,locality_curated
NELLUTLA,WARANGEL(SC),Telangana,,,locality_curated
CHINNAPENDYAL,WARANGEL(SC),Telangana,,,locality_curated
Gopal,BARDOLI(ST),Gujarat,21.148741,73.122392,locality_curated
Vanjur,VELLORE,Tamil Nadu,12.930473,79.135287,locality_curated
Limodara,BARDOLI(ST),Gujarat,21.124211,73.146053,locality_curated
Haldharu,BARDOLI(ST),Gujarat,21.130421,73.128851,locality_curated
Varjakhan,BARDOLI(ST),Gujarat,21.123108,73.094895,locality_curated
Kunnathur,ARANI,Tamil Nadu,12.659239,79.251106,locality_curated
Poosimlaikuppam,ARANI,Tamil Nadu,12.671233,79.263103,locality_curated
Nesal,ARANI,Tamil Nadu,12.700198,79.274452,locality_curated
Thirumani,ARANI,Tamil Nadu,12.668412,79.24807,locality_curated
Ezhacheri,ARANI,Tamil Nadu,12.693028,79.285126,locality_curated
Theyyar,ARANI,Tamil Nadu,12.650221,79.28,locality_curated
Karam,ARANI,Tamil Nadu,12.668293,79.256394,locality_curated
Rasoiyia,BASTI,Uttar Pradesh,26.775156,82.745868,locality_curated
Shabbir,MYSORE,Karnataka,12.320053,76.65552,locality_curated
Kanchanpur,BASTI,Uttar Pradesh,26.814879,82.702654,locality_curated
Japthikaranai,ARANI,Tamil Nadu,12.662167,79.300651,locality_curated
Majra mein,SAMBHAL,Uttar Pradesh,28.618569,78.565757,locality_curated
Gram Idinpur,AURANGABAD_BR,Bihar,24.770668,84.347572,locality_curated
Kesavarappadu,BAPATLA,Andhra Pradesh,15.914615,80.449057,locality_curated
Vankayalapadu,BAPATLA,Andhra Pradesh,15.909337,80.484854,locality_curated
Ananthavaram,BAPATLA,Andhra Pradesh,15.907328,80.452472,locality_curated
chilumurulanka,BAPATLA,Andhra Pradesh,15.877042,80.475344,locality_curated
Chinapulivarru,BAPATLA,Andhra Pradesh,15.899758,80.440873,locality_curated
Vemuru,BAPATLA,Andhra Pradesh,15.887576,80.463585,locality_curated
Panppuzha,KASARAGOD,Kerala,12.49282,75.004991,locality_curated
Kalyasseri,KASARAGOD,Kerala,12.482053,74.993089,locality_curated
Cheruthazham,KASARAGOD,Kerala,12.507813,75.012789,locality_curated
Madayi,KASARAGOD,Kerala,12.482089,75.006134,locality_curated
Maremma,NAGARKURNOOL(SC),Telangana,16.470039,78.301909,locality_curated
Sunthavur,RAMANATHAPURAM,Tamil Nadu,9.400823,78.834307,locality_curated
Hawatad,AMRELI,Gujarat,21.595243,71.23501,locality_curated
Ramnagar,RAMANATHAPURAM,Tamil Nadu,9.406609,78.832415,locality_curated
Kottaipattinam,RAMANATHAPURAM,Tamil Nadu,9.395852,78.852921,locality_curated
Kanjampatti,RAMANATHAPURAM,Tamil Nadu,9.374373,78.848417,locality_curated
Govindpur,AMRELI,Gujarat,21.620577,71.237654,locality_curated
Maruthinagar,SECUNDERABAD,Telangana,17.430323,78.467406,locality_curated
Sanjeevi,SECUNDERABAD,Telangana,17.459414,78.488762,locality_curated
Venkateshwara,SECUNDERABAD,Telangana,17.44386,78.524508,locality_curated
Therkupatti,RAMANATHAPURAM,Tamil Nadu,9.347266,78.838112,locality_curated
Nagar,RAMANATHAPURAM,Tamil Nadu,9.363563,78.820794,locality_curated
agalakera,KOPPAL,Karnataka,15.341587,76.141066,locality_curated
Maruthagam,RAMANATHAPURAM,Tamil Nadu,9.383111,78.861139,locality_curated
Pola Hanuman,AMRAVATI(SC),Maharashtra,20.947893,77.766079,locality_curated
Shree Ram,RAJKOT,Gujarat,22.277193,70.796589,locality_curated
Sarsvati,RAJKOT,Gujarat,22.289756,70.821767,locality_curated
Mahakal,RAJKOT,Gujarat,22.316243,70.782422,locality_curated
Premier,RAJKOT,Gujarat,22.319465,70.813125,locality_curated
Mahakali,RAJKOT,Gujarat,22.305444,70.818082,locality_curated
Behra,KHERI,Uttar Pradesh,27.923707,80.786118,locality_curated
Chandanapur Gram,KHERI,Uttar Pradesh,27.914067,80.771673,locality_curated
Shankar ji,KHERI,Uttar Pradesh,27.88516,80.786216,locality_curated
Rasulpur,KHERI,Uttar Pradesh,27.893681,80.75534,locality_curated
Harinagar,KHERI,Uttar Pradesh,27.927854,80.753941,locality_curated
Sisoukan,KHERI,Uttar Pradesh,27.920096,80.796158,locality_curated
Sheetlpur,KHERI,Uttar Pradesh,27.903634,80.789344,locality_curated
Jungle,KHERI,Uttar Pradesh,27.920767,80.793499,locality_curated
Kaparaha,KHERI,Uttar Pradesh,27.898218,80.746948,locality_curated
Magdapur village,KHERI,Uttar Pradesh,27.892812,80.790132,locality_curated
Karkathakudi,RAMANATHAPURAM,Tamil Nadu,9.366741,78.857142,locality_curated
Alagankulam,RAMANATHAPURAM,Tamil Nadu,9.368962,78.808221,locality_curated
Gram,KHERI,Uttar Pradesh,27.915631,80.800634,locality_curated
Belhari,KHERI,Uttar Pradesh,27.872347,80.770546,locality_curated
Gharathaniyan,KHERI,Uttar Pradesh,27.913951,80.754214,locality_curated
Gharthaniyan,KHERI,Uttar Pradesh,27.925973,80.767945,locality_curated
Ameer,KHERI,Uttar Pradesh,27.902246,80.799044,locality_curated
Parasan,KHERI,Uttar Pradesh,27.918747,80.784308,locality_curated
Amir,KHERI,Uttar Pradesh,27.888185,80.778033,locality_curated
Nanamachiyala,AMRELI,Gujarat,21.61779,71.205014,locality_curated
Navagam,AMRELI,Gujarat,21.574286,71.211599,locality_curated
Sada,KHERI,Uttar Pradesh,27.886381,80.772995,locality_curated
house,KHERI,Uttar Pradesh,27.910267,80.759901,locality_curated
Narhar,KHERI,Uttar Pradesh,27.918015,80.769644,locality_curated
Basaigapur,KHERI,Uttar Pradesh,27.913533,80.7504,locality_curated
Mozmabad,KHERI,Uttar Pradesh,27.882401,80.773871,locality_curated
Amritapur village,KHERI,Uttar Pradesh,27.904605,80.754868,locality_curated
Jaspur,GANDHINAGAR,Gujarat,23.227296,72.657267,locality_curated
Rajapur,KHERI,Uttar Pradesh,27.91688,80.757117,locality_curated
Sarwa,KHERI,Uttar Pradesh,27.888031,80.795472,locality_curated
Sikandrapur,KHERI,Uttar Pradesh,27.870721,80.77,locality_curated
Hazratpur,KHERI,Uttar Pradesh,27.927597,80.784561,locality_curated
Tetarpur,KHERI,Uttar Pradesh,27.913755,80.750078,locality_curated
Odarhana,KHERI,Uttar Pradesh,27.896311,80.736004,locality_curated
Laukhiya,KHERI,Uttar Pradesh,27.916328,80.755565,locality_curated
Vaddarahatti,KOPPAL,Karnataka,15.336033,76.144231,locality_curated
Hanumasagar,KOPPAL,Karnataka,15.373524,76.149258,locality_curated
hanuman,AMRAVATI(SC),Maharashtra,20.943317,77.769604,locality_curated
gajanan maharaj,AMRAVATI(SC),Maharashtra,20.946811,77.77581,locality_curated
vitthal rukhmini,AMRAVATI(SC),Maharashtra,20.947787,77.759129,locality_curated
vitthal,AMRAVATI(SC),Maharashtra,20.912971,77.742363,locality_curated
Kheda Khas,SAMBHAL,Uttar Pradesh,28.616317,78.582185,locality_curated
Malayalappuzha Grama,PATHANAMTHITTA,Kerala,9.285538,76.801241,locality_curated
Dhamlej,JUNAGADH,Gujarat,21.539323,70.461146,locality_curated
Tobra,JUNAGADH,Gujarat,21.549431,70.459947,locality_curated
Piplodi,JHALAWAR-BARAN,Rajasthan,,,locality_curated
BAJIPURA,SABARKANTHA,Gujarat,23.593678,72.977436,locality_curated
UDEPURA,SABARKANTHA,Gujarat,23.623472,72.989651,locality_curated
Venkatapur,BHONGIR,Telangana,17.523722,78.881366,locality_curated
Mulum,SHILLONG,Meghalaya,25.559306,91.907877,locality_curated
Mawkdung,SHILLONG,Meghalaya,25.597578,91.890744,locality_curated
Nath,JAMMU,Jammu And Kashmir,32.707958,74.843153,locality_curated
Pavna,ARRAH,Bihar,25.590687,84.655312,locality_curated
Nangbah,SHILLONG,Meghalaya,25.557025,91.916612,locality_curated
Iewmawiong,SHILLONG,Meghalaya,25.552304,91.889172,locality_curated
Dhaulana,GHAZIABAD,Uttar Pradesh,28.655757,77.466207,locality_curated
loni,GHAZIABAD,Uttar Pradesh,28.667531,77.438309,locality_curated
Kahen,ARRAH,Bihar,25.549758,84.674281,locality_curated
Bimwamatthiya,ARRAH,Bihar,25.583307,84.669332,locality_curated
Chatar,ARRAH,Bihar,25.547325,84.663567,locality_curated
Vilasagar,KARIMNAGAR,Telangana,18.415145,79.113351,locality_curated
Bandanakal,KARIMNAGAR,Telangana,18.448486,79.140374,locality_curated
Baniakiewlang,SHILLONG,Meghalaya,25.555762,91.906314,locality_curated
Khanduli,SHILLONG,Meghalaya,25.57589,91.923994,locality_curated
Kodurupaka,KARIMNAGAR,Telangana,18.465116,79.124373,locality_curated
Rudravaram,KARIMNAGAR,Telangana,18.429855,79.158951,locality_curated
Dharmaram,KARIMNAGAR,Telangana,18.467659,79.130405,locality_curated
Bheempalli,KARIMNAGAR,Telangana,18.436854,79.113813,locality_curated
Bheempelli,KARIMNAGAR,Telangana,18.443829,79.104927,locality_curated
GP Rohana Khurd,CHHINDWARA,Madhya Pradesh,22.040859,78.952144,locality_curated
Jaynagar Sarthua,ARRAH,Bihar,25.573492,84.652976,locality_curated
Karja,ARRAH,Bihar,25.548771,84.657727,locality_curated
Khutha,ARRAH,Bihar,25.57147,84.689918,locality_curated
Jyotinagar Kali,GUWAHATI,Assam,26.125607,91.735097,locality_curated
Sergata,SHIMLA (SC),Himachal Pradesh,31.091005,77.168165,locality_curated
Shiv,SHIMLA (SC),Himachal Pradesh,31.125488,77.195155,locality_curated
Bhandariwala Bridge,SHIMLA (SC),Himachal Pradesh,31.108547,77.195916,locality_curated
Sunki,KORAPUT(ST),Odisha,18.842118,82.714151,locality_curated
Petapadu,KORAPUT(ST),Odisha,18.808251,82.743679,locality_curated
Ralegada,KORAPUT(ST),Odisha,18.825041,82.718481,locality_curated
Pangiguda,KORAPUT(ST),Odisha,18.807311,82.689569,locality_curated
Baraja,KORAPUT(ST),Odisha,18.816927,82.735526,locality_curated
Badaphatu,KORAPUT(ST),Odisha,18.802471,82.695509,locality_curated
Maliguda,KORAPUT(ST),Odisha,18.806642,82.698228,locality_curated
Salapguda,KORAPUT(ST),Odisha,18.818455,82.695262,locality_curated
Upper Dakriguda,KORAPUT(ST),Odisha,18.798506,82.719468,locality_curated
Maliput,KORAPUT(ST),Odisha,18.836139,82.711146,locality_curated
Sindei,KORAPUT(ST),Odisha,18.785772,82.707444,locality_curated
Badagaon,KORAPUT(ST),Odisha,18.802441,82.70264,locality_curated
Badliguda,KORAPUT(ST),Odisha,18.809837,82.69481,locality_curated
Rana Sing,KORAPUT(ST),Odisha,18.829277,82.736558,locality_curated
Talakanti,KORAPUT(ST),Odisha,18.795102,82.69242,locality_curated
Madkar,KORAPUT(ST),Odisha,18.8299,82.714192,locality_curated
Gongeipadar,KORAPUT(ST),Odisha,18.802483,82.736954,locality_curated
Gangamaguda,KORAPUT(ST),Odisha,18.825759,82.720423,locality_curated
Mandalguda,KORAPUT(ST),Odisha,18.814943,82.72872,locality_curated
Phulguda,KORAPUT(ST),Odisha,18.8348,82.722739,locality_curated
Kinjar,JAHANABAD,Bihar,25.235492,85.004683,locality_curated
Karpi Kinjar,JAHANABAD,Bihar,25.237259,85.001819,locality_curated
Surya,JAHANABAD,Bihar,25.250533,85.011625,locality_curated
Ratni Faridpur,JAHANABAD,Bihar,25.232596,85.03607,locality_curated
Rampurhat II,BIRBHUM,West Bengal,23.922287,87.512931,locality_curated
Virdi,JUNAGADH,Gujarat,21.506225,70.476315,locality_curated
lambora,JUNAGADH,Gujarat,21.521628,70.475515,locality_curated
Prakhand Antargat,PURNEA,Bihar,25.792938,87.490455,locality_curated
prakhand antrgat,PURNEA,Bihar,25.801445,87.4612,locality_curated
prkhand antrgat,PURNEA,Bihar,25.80017,87.476687,locality_curated
antrgat dimiya,PURNEA,Bihar,25.772497,87.507016,locality_curated
antrgat aekmba,PURNEA,Bihar,25.760216,87.472791,locality_curated
hansi begampur,PURNEA,Bihar,25.794605,87.459186,locality_curated
antrgat ramdeli,PURNEA,Bihar,25.757058,87.465371,locality_curated
antrgat pipra,PURNEA,Bihar,25.791529,87.485442,locality_curated
sharan dewottar,PURNEA,Bihar,25.76751,87.500116,locality_curated
Prkhand Mulakiya,PURNEA,Bihar,25.796165,87.456187,locality_curated
Khidki Wale Balaji,AJMER,Rajasthan,26.440703,74.616827,locality_curated
Jaswantpura,AJMER,Rajasthan,26.442562,74.654685,locality_curated
Charbhuja Nath,AJMER,Rajasthan,26.438459,74.608273,locality_curated
Lingapuram,NANDYAL,Andhra Pradesh,15.450677,78.494822,locality_curated
Maa Jwalamukhi,MAYURBHANJ (ST),Odisha,21.939641,86.7601,locality_curated
Daldali,DHANBAD,Jharkhand,23.787359,86.444438,locality_curated
Deeh,DHANBAD,Jharkhand,23.798346,86.406848,locality_curated
Kalyanpur,DHANBAD,Jharkhand,23.814564,86.419896,locality_curated
Mangotra,JAMMU,Jammu And Kashmir,32.724886,74.837616,locality_curated
our lady,ARAKKONAM,Tamil Nadu,13.048374,79.676496,locality_curated
Mogalipuram,ANAKAPALLE,Andhra Pradesh,17.682704,82.987982,locality_curated
Ottampur,AHMEDABAD EAST,Gujarat,23.027072,72.615345,locality_curated
Kuva,AHMEDABAD EAST,Gujarat,23.02368,72.578483,locality_curated
Dadhibamanpur,JAJPUR(SC),Odisha,20.863963,86.360355,locality_curated
Bitana,JAJPUR(SC),Odisha,20.844035,86.307336,locality_curated
Chikana,JAJPUR(SC),Odisha,20.839777,86.368825,locality_curated
Singhpur,JAJPUR(SC),Odisha,20.871106,86.328836,locality_curated
Dwarka,JUNAGADH,Gujarat,21.494996,70.442351,locality_curated
peth,SRINAGAR,Jammu And Kashmir,34.08812,74.815912,locality_curated
Raisangpur,SURENDRANAGAR,Gujarat,22.7279,71.674763,locality_curated
Aggar,KHERI,Uttar Pradesh,27.871297,80.766012,locality_curated
Ramnagar,KHERI,Uttar Pradesh,27.893171,80.788204,locality_curated
Gram Pipra,KHERI,Uttar Pradesh,27.898082,80.754555,locality_curated
Prashanthnagar,MALKAJGIRI,Telangana,17.455006,78.547986,locality_curated
nagar,ANANDPUR SAHIB,Punjab,31.257045,76.486001,locality_curated
apruji Tabe Dodiyakui,KHEDA,Gujarat,22.734678,72.674781,locality_curated
Dodiyakui,KHEDA,Gujarat,22.733239,72.685957,locality_curated
Pochamma,NAGARKURNOOL(SC),Telangana,16.470644,78.302191,locality_curated
alampura,KHEDA,Gujarat,22.720081,72.706927,locality_curated
Bodrai Hanuman,NAGARKURNOOL(SC),Telangana,16.494035,78.305068,locality_curated
Dabhali,AMRELI,Gujarat,21.610705,71.203945,locality_curated
Ganeshnath,AMRELI,Gujarat,21.605245,71.198805,locality_curated
velavadar,AMRELI,Gujarat,21.621612,71.201959,locality_curated
Kutunipadar,KORAPUT(ST),Odisha,18.807574,82.693251,locality_curated
Doliamba,KORAPUT(ST),Odisha,18.810356,82.72784,locality_curated
Marbaiguda,KORAPUT(ST),Odisha,18.841167,82.715654,locality_curated
Ranjitguda,KORAPUT(ST),Odisha,18.813871,82.738347,locality_curated
Panasput,KORAPUT(ST),Odisha,18.787941,82.722696,locality_curated
Barigaon,KORAPUT(ST),Odisha,18.78798,82.727882,locality_curated
Sutiguda,KORAPUT(ST),Odisha,18.808401,82.731485,locality_curated
Buruja,KORAPUT(ST),Odisha,18.821766,82.725729,locality_curated
Matalamba,KORAPUT(ST),Odisha,18.803443,82.732701,locality_curated
Chokarly,KORAPUT(ST),Odisha,18.828954,82.71881,locality_curated
Badanerka,KORAPUT(ST),Odisha,18.839745,82.709528,locality_curated
Tunupar,KORAPUT(ST),Odisha,18.836169,82.703572,locality_curated
Jhirjila,KORAPUT(ST),Odisha,18.793249,82.707183,locality_curated
Chandalguda,KORAPUT(ST),Odisha,18.825393,82.73141,locality_curated
Panchada,KORAPUT(ST),Odisha,18.828451,82.72386,locality_curated
Luduriput,KORAPUT(ST),Odisha,18.830391,82.693627,locality_curated
Kakiriguma,KORAPUT(ST),Odisha,18.828416,82.695714,locality_curated
Tala Bilangsil,KORAPUT(ST),Odisha,18.790699,82.73248,locality_curated
Diasili,KORAPUT(ST),Odisha,18.796382,82.722136,locality_curated
Dumuripadar,KORAPUT(ST),Odisha,18.822503,82.741157,locality_curated
Talakuttinga,KORAPUT(ST),Odisha,18.83527,82.733939,locality_curated
Sahar,KANNAUJ,Uttar Pradesh,27.04199,79.906529,locality_curated
Varsaada,AMRELI,Gujarat,21.584554,71.218244,locality_curated
Ghatm,CHATRA,Jharkhand,24.227071,84.850423,locality_curated
Chantaru Grama,UDUPI CHIKMAGALUR,Karnataka,13.359814,75.12628,locality_curated
Abholi,SIRSA(SC),Haryana,29.526812,75.062294,locality_curated
Dult,SIRSA(SC),Haryana,29.546452,75.016945,locality_curated
Bhurantwala,SIRSA(SC),Haryana,29.514094,75.015063,locality_curated
Gadrana,SIRSA(SC),Haryana,29.551773,75.046007,locality_curated
Shirva Grama,UDUPI CHIKMAGALUR,Karnataka,13.341244,75.121674,locality_curated
Ghoran,SIRSA(SC),Haryana,29.521625,75.038206,locality_curated
Kharal,SIRSA(SC),Haryana,29.527764,75.004396,locality_curated
Frain,SIRSA(SC),Haryana,29.530019,75.00374,locality_curated
Anagalli Grama,UDUPI CHIKMAGALUR,Karnataka,13.356633,75.115959,locality_curated
giliyaru,UDUPI CHIKMAGALUR,Karnataka,13.343538,75.132391,locality_curated
Katapadi Grama,UDUPI CHIKMAGALUR,Karnataka,13.350416,75.09015,locality_curated
antargat Biriranpal,MADHEPURA,Bihar,25.895316,86.779063,locality_curated
antargat Jorgama,MADHEPURA,Bihar,25.892223,86.782243,locality_curated
Karamgarh,SIRSA(SC),Haryana,29.550624,75.014169,locality_curated
NTR,MAHABUBNAGAR,Telangana,16.719741,77.976055,locality_curated
Horma,JAHANABAD,Bihar,25.215973,85.044447,locality_curated
Kumar Makhdumpur,JAHANABAD,Bihar,25.236404,85.005221,locality_curated
Sharif Nagar,SHEOHAR,Bihar,26.490001,85.302348,locality_curated
Ghetki,NAVSARI,Gujarat,20.932383,72.962734,locality_curated
Sarpor,NAVSARI,Gujarat,20.94217,72.967867,locality_curated
Biran,BHIWANI MAHENDRAGARH,Haryana,28.3934,76.1064,locality_curated
Parsoli,NAVSARI,Gujarat,20.962097,72.964424,locality_curated
Matvad,NAVSARI,Gujarat,20.950206,72.968261,locality_curated
Sisodra,NAVSARI,Gujarat,20.92185,72.957656,locality_curated
Tankoli,NAVSARI,Gujarat,20.964783,72.94753,locality_curated
Badoli,NAVSARI,Gujarat,20.936835,72.970296,locality_curated
Pethan,NAVSARI,Gujarat,20.953735,72.96892,locality_curated
Abrama,NAVSARI,Gujarat,20.961942,72.94732,locality_curated
kharsad,NAVSARI,Gujarat,20.918079,72.941448,locality_curated
Ponsara,NAVSARI,Gujarat,20.953609,72.932728,locality_curated
Chijgam,NAVSARI,Gujarat,20.937271,72.924262,locality_curated
Panar,NAVSARI,Gujarat,20.924821,72.951182,locality_curated
Mahuvar,NAVSARI,Gujarat,20.961714,72.927244,locality_curated
Tavadi,NAVSARI,Gujarat,20.928333,72.954067,locality_curated
Sampor,NAVSARI,Gujarat,20.961525,72.966803,locality_curated
Kalthan,NAVSARI,Gujarat,20.933501,72.931047,locality_curated
Shahu,NAVSARI,Gujarat,20.933597,72.946045,locality_curated
Kasbapar,NAVSARI,Gujarat,20.940799,72.965551,locality_curated
Vedchha,NAVSARI,Gujarat,20.965067,72.951313,locality_curated
PRAKHAND ANTRGAT,PURNEA,Bihar,25.767587,87.455114,locality_curated
DAMOH GRAMIN,DAMOH,Madhya Pradesh,23.828613,79.426432,locality_curated
PATOHA,DAMOH,Madhya Pradesh,23.815782,79.461085,locality_curated
Periapatti,POLLACHI,Tamil Nadu,10.669257,77.027339,locality_curated
Somnath,DAKSHINA KANNADA,Karnataka,12.837394,75.278811,locality_curated
NTC,MADURAI,Tamil Nadu,9.942735,78.133708,locality_curated
Raod,SHIMLA (SC),Himachal Pradesh,31.082938,77.170716,locality_curated
chaupal,SIRSA(SC),Haryana,29.51606,75.032175,locality_curated
school,SIRSA(SC),Haryana,29.513194,75.036583,locality_curated
Meleri,ARAKKONAM,Tamil Nadu,13.064585,79.684288,locality_curated
Ketat,PALAMU(SC),Jharkhand,24.001911,84.057118,locality_curated
Datta,BIDAR,Karnataka,17.897776,77.535711,locality_curated
SARNAWALI,MUZAFFARNAGAR,Uttar Pradesh,29.471894,77.690829,locality_curated
Devarajiya,AMRELI,Gujarat,21.597277,71.198543,locality_curated
Kinhavali,BHIWANDI,Maharashtra,19.313637,73.053956,locality_curated
Mandir somoril,SOLAPUR(SC),Maharashtra,17.683696,75.892557,locality_curated
school,AJMER,Rajasthan,26.446131,74.658136,locality_curated
Mulpuru,BAPATLA,Andhra Pradesh,15.907215,80.443473,locality_curated
Gummalapadu,BAPATLA,Andhra Pradesh,15.900815,80.487355,locality_curated
IMALIYA,BALAGHAT,Madhya Pradesh,21.797931,80.171444,locality_curated
holi hosur Gram,BIJAPUR(SC),Karnataka,16.827938,75.690755,locality_curated
NURANI,BHIWANDI,Maharashtra,19.310866,73.07977,locality_curated
Umapati,KARIMGANJ (SC),Assam,24.879663,92.368892,locality_curated
AZAD,BHIWANDI,Maharashtra,19.311362,73.077088,locality_curated
Genda Colony Jhansi,JHANSI,Uttar Pradesh,25.466361,78.589098,locality_curated
Gumnawara Jhansi,JHANSI,Uttar Pradesh,25.434451,78.566603,locality_curated
Cheragi Hindu Milon,KARIMGANJ (SC),Assam,24.848596,92.368789,locality_curated
Iskon,KARIMGANJ (SC),Assam,24.84497,92.339522,locality_curated
high,KHEDA,Gujarat,22.743157,72.679565,locality_curated
towards,KHEDA,Gujarat,22.70472,72.697916,locality_curated
bhagwati,KHEDA,Gujarat,22.715871,72.705745,locality_curated
Asamali,KHEDA,Gujarat,22.733461,72.685669,locality_curated
Raghari Mataji,KHEDA,Gujarat,22.709232,72.712911,locality_curated
Phoolbag,JHANSI,Uttar Pradesh,25.432782,78.554987,locality_curated
Dhamshala,SANGRUR,Punjab,30.224865,75.843,locality_curated
Satbarwa,PALAMU(SC),Jharkhand,24.038925,84.05986,locality_curated
Ram Janki,SITAMARHI,Bihar,26.60537,85.513998,locality_curated
Pinjora,JAHANABAD,Bihar,25.225336,85.029105,locality_curated
Nerthua,JAHANABAD,Bihar,25.261499,85.001429,locality_curated
Maniyawa,JAHANABAD,Bihar,25.241523,85.001133,locality_curated
Parkhand Ratni,JAHANABAD,Bihar,25.236291,85.039642,locality_curated
Dakshini Surya,JAHANABAD,Bihar,25.264178,85.015962,locality_curated
makan se,AMROHA,Uttar Pradesh,28.908251,78.446837,locality_curated
KANKUPURA,MAHESANA,Gujarat,23.579874,72.392261,locality_curated
RATHODIPURA,MAHESANA,Gujarat,23.583752,72.361929,locality_curated
GANESHPURA,MAHESANA,Gujarat,23.612135,72.367584,locality_curated
PANKHIYAWAS,MAHESANA,Gujarat,23.606089,72.40664,locality_curated
KHODIYAR MATA,MAHESANA,Gujarat,23.583583,72.393552,locality_curated
Urban,PATIALA,Punjab,30.310269,76.377088,locality_curated
Khambhala,RAJKOT,Gujarat,22.287931,70.799774,locality_curated
Moviya,RAJKOT,Gujarat,22.284148,70.786689,locality_curated
Srinagar,MALKAJGIRI,Telangana,17.456378,78.560845,locality_curated
Chanchapar,RAJKOT,Gujarat,22.292859,70.776607,locality_curated
house towards,BHARATPUR(SC),Rajasthan,27.2152,77.471929,locality_curated
sahebdas,BHARATPUR(SC),Rajasthan,27.187345,77.477723,locality_curated
Thuvarangulam,MADURAI,Tamil Nadu,9.946757,78.108164,locality_curated
Nattarmangalam,MADURAI,Tamil Nadu,9.938779,78.134582,locality_curated
Anjaneya Swamy,MAHABUBNAGAR,Telangana,16.69705,77.930338,locality_curated
Deepalya Public,SOUTH DELHI,Delhi,28.474287,77.155745,locality_curated
Bara Idgha,KISHANGANJ,Bihar,26.102715,87.967907,locality_curated
Antergart Mathaur,KISHANGANJ,Bihar,26.089099,87.965134,locality_curated
Antergart Malharia,KISHANGANJ,Bihar,26.080531,87.92702,locality_curated
Amdihal,RAICHUR(ST),Karnataka,16.197849,77.383187,locality_curated
Balaji,TIRUPATI(SC),Andhra Pradesh,13.65657,79.421198,locality_curated
Dhina Baba,SITAMARHI,Bihar,26.621667,85.485825,locality_curated
GOPALPUR,BHAGALPUR,Bihar,25.223919,86.957907,locality_curated
Thindiyur,MADURAI,Tamil Nadu,9.95177,78.133544,locality_curated
Melasakkudi,MADURAI,Tamil Nadu,9.899592,78.138003,locality_curated
Appanthirupathi,MADURAI,Tamil Nadu,9.906645,78.14,locality_curated
Kalanjiyam,MADURAI,Tamil Nadu,9.941189,78.11117,locality_curated
Kadma,BHIWANI MAHENDRAGARH,Haryana,28.3889,76.150992,locality_curated
Sendhakacha,MAYURBHANJ (ST),Odisha,21.928095,86.721574,locality_curated
Tarama,SREERAMPUR,West Bengal,22.705452,88.844783,locality_curated
Razeeya Farooqui,ZAHIRABAD,Telangana,17.694372,77.598714,locality_curated
Ghulla,ZAHIRABAD,Telangana,17.669116,77.624228,locality_curated
SS Durga,ZAHIRABAD,Telangana,17.677086,77.622148,locality_curated
Bichukonda,ZAHIRABAD,Telangana,17.691866,77.628654,locality_curated
Basaveshwar,ZAHIRABAD,Telangana,17.699029,77.582119,locality_curated
Borlam,ZAHIRABAD,Telangana,17.687943,77.635158,locality_curated
Basanthpur,ZAHIRABAD,Telangana,17.677947,77.630625,locality_curated
Metalkunta,ZAHIRABAD,Telangana,17.677268,77.626537,locality_curated
Rejinthal,ZAHIRABAD,Telangana,17.668549,77.612901,locality_curated
Magi,ZAHIRABAD,Telangana,17.665877,77.622934,locality_curated
Kollapalle,ZAHIRABAD,Telangana,17.688258,77.585687,locality_curated
Narayankhed,ZAHIRABAD,Telangana,17.695461,77.615054,locality_curated
Ahilhadees,BARAMULLAH,Jammu And Kashmir,,,locality_curated
Pransli,JUNAGADH,Gujarat,21.531074,70.441378,locality_curated
Chandi Mata,UDHAMPUR,Jammu And Kashmir,32.93056,75.147103,locality_curated
Kranakch,AMRELI,Gujarat,21.603909,71.191715,locality_curated
ELUGUR STATION,WARANGEL(SC),Telangana,,,locality_curated
THANDA,WARANGEL(SC),Telangana,,,locality_curated
VANGAPAHAD,WARANGEL(SC),Telangana,,,locality_curated
Chandi tala,BIRBHUM,West Bengal,23.879308,87.531186,locality_curated
HINGOTA,KARAULI-DHOLPUR(SC),Rajasthan,,,locality_curated
Thirumogur,MADURAI,Tamil Nadu,9.90852,78.143107,locality_curated
mtr,ANANTNAG,Jammu And Kashmir,33.742103,75.177073,locality_curated
Meppayyur Grama,VADAKARA,Kerala,11.579759,75.563385,locality_curated
Changaroth Grama,VADAKARA,Kerala,11.613591,75.609688,locality_curated
Thiruvallur Grama,VADAKARA,Kerala,11.587455,75.615408,locality_curated
network,ANANTNAG,Jammu And Kashmir,33.707015,75.125249,locality_curated
property,SHIRDI(SC),Maharashtra,19.760125,74.462505,locality_curated
sheed,CHATRA,Jharkhand,24.21732,84.846801,locality_curated
Maniyur Grama,VADAKARA,Kerala,11.583598,75.568449,locality_curated
Valayam Grama,VADAKARA,Kerala,11.581836,75.566085,locality_curated
Thuneri Grama,VADAKARA,Kerala,11.595407,75.556321,locality_curated
Ditala,AMRELI,Gujarat,21.5946,71.203656,locality_curated
Ayancheri Grama,VADAKARA,Kerala,11.596462,75.602577,locality_curated
Khambalia,AMRELI,Gujarat,21.57734,71.233907,locality_curated
underBarasat,RANAGHAT(SC),West Bengal,23.192769,88.525271,locality_curated
Purameri Grama,VADAKARA,Kerala,11.617332,75.587271,locality_curated
Kuttiady Grama,VADAKARA,Kerala,11.620782,75.600696,locality_curated
Velom Grama,VADAKARA,Kerala,11.579754,75.613171,locality_curated
Shiv,NABARANGPUR(ST),Odisha,19.227067,82.565699,locality_curated
Cheruvannur Grama,VADAKARA,Kerala,11.593538,75.570903,locality_curated
Villiappalli Grama,VADAKARA,Kerala,11.60208,75.605358,locality_curated
Luwariya,AMRELI,Gujarat,21.618026,71.223368,locality_curated
Kaliveer,UDHAMPUR,Jammu And Kashmir,32.931036,75.153431,locality_curated
tulbul,GIRIDIH,Jharkhand,24.19911,86.31334,locality_curated
Bowli Bazar Shiv,UDHAMPUR,Jammu And Kashmir,32.917106,75.160642,locality_curated
Sarswati,UDHAMPUR,Jammu And Kashmir,32.892237,75.121979,locality_curated
RAMBOD,BILASPUR,Chhattisgarh,22.0748,82.157173,locality_curated
Kayakkodi Grama,VADAKARA,Kerala,11.607641,75.578792,locality_curated
Kunnummal Grama,VADAKARA,Kerala,11.596568,75.601715,locality_curated
Chorod Grama,VADAKARA,Kerala,11.588432,75.574319,locality_curated
Kashmu,UDHAMPUR,Jammu And Kashmir,32.910138,75.177723,locality_curated
Maruthonkara Grama,VADAKARA,Kerala,11.566941,75.593103,locality_curated
Jawala Mata,UDHAMPUR,Jammu And Kashmir,32.901296,75.113769,locality_curated
Dharmkhapda,RAJMAHAL(ST),Jharkhand,25.069379,87.847669,locality_curated
Jagarnathpur,GAYA (SC),Bihar,24.803742,84.976652,locality_curated
Atiya Pul Marni,GAYA (SC),Bihar,24.775928,84.995951,locality_curated
Thata Chary,MALKAJGIRI,Telangana,17.445053,78.555496,locality_curated
Ittiva Grama,KOLLAM,Kerala,8.906854,76.591984,locality_curated
Gram,GAYA (SC),Bihar,24.816048,85.019211,locality_curated
Cherki,GAYA (SC),Bihar,24.808398,85.025971,locality_curated
Sayla,SURENDRANAGAR,Gujarat,22.726382,71.616592,locality_curated
Nagadka,SURENDRANAGAR,Gujarat,22.704855,71.638409,locality_curated
Ankadiya,SURENDRANAGAR,Gujarat,22.713803,71.652095,locality_curated
tola,GAYA (SC),Bihar,24.780297,84.969929,locality_curated
Ranchhodgarh,SURENDRANAGAR,Gujarat,22.751957,71.653544,locality_curated
Kedariya,SURENDRANAGAR,Gujarat,22.714013,71.640329,locality_curated
Ghanshyamgarh,SURENDRANAGAR,Gujarat,22.748259,71.666521,locality_curated
Kanti,GAYA (SC),Bihar,24.804404,85.006577,locality_curated
Lakhtar,SURENDRANAGAR,Gujarat,22.719528,71.629389,locality_curated
Morthala,SURENDRANAGAR,Gujarat,22.733806,71.663848,locality_curated
Lakhamachi,SURENDRANAGAR,Gujarat,22.718348,71.619547,locality_curated
Gugliyana,SURENDRANAGAR,Gujarat,22.740377,71.624569,locality_curated
Kapadiyali,SURENDRANAGAR,Gujarat,22.728772,71.629955,locality_curated
Rojka,SURENDRANAGAR,Gujarat,22.713636,71.654564,locality_curated
Chharodia,SURENDRANAGAR,Gujarat,22.709083,71.648712,locality_curated
Rangpur,SURENDRANAGAR,Gujarat,22.743351,71.660171,locality_curated
Godhavata,SURENDRANAGAR,Gujarat,22.72253,71.62278,locality_curated
Kanpara,SURENDRANAGAR,Gujarat,22.746893,71.673429,locality_curated
Jaliyara,SURENDRANAGAR,Gujarat,22.708813,71.66943,locality_curated
Jasmatpar,SURENDRANAGAR,Gujarat,22.750456,71.664495,locality_curated
Jhamdi,SURENDRANAGAR,Gujarat,22.751576,71.630686,locality_curated
Jambu,SURENDRANAGAR,Gujarat,22.723376,71.666303,locality_curated
Utdi,SURENDRANAGAR,Gujarat,22.704985,71.635883,locality_curated
Khambhala,SURENDRANAGAR,Gujarat,22.715973,71.658103,locality_curated
Gajanvav,SURENDRANAGAR,Gujarat,22.739881,71.63407,locality_curated
Hirapur,SURENDRANAGAR,Gujarat,22.710637,71.665453,locality_curated
Gujarwadi,SURENDRANAGAR,Gujarat,22.732593,71.676857,locality_curated
Rawaliyavdar,SURENDRANAGAR,Gujarat,22.724221,71.627482,locality_curated
Prathugadh,SURENDRANAGAR,Gujarat,22.745322,71.627023,locality_curated
Vrijpar,SURENDRANAGAR,Gujarat,22.700877,71.647489,locality_curated
Chuli,SURENDRANAGAR,Gujarat,22.706181,71.65006,locality_curated
Village Punawa,GAYA (SC),Bihar,24.815131,85.003874,locality_curated
Patharia,RAJMAHAL(ST),Jharkhand,25.065238,87.860937,locality_curated
Echhwada,SURENDRANAGAR,Gujarat,22.72826,71.670364,locality_curated
Malanpur,SURENDRANAGAR,Gujarat,22.726231,71.662736,locality_curated
Vachchharajpura,SURENDRANAGAR,Gujarat,22.739026,71.668893,locality_curated
Waghada,SURENDRANAGAR,Gujarat,22.713261,71.650799,locality_curated
Sali,SURENDRANAGAR,Gujarat,22.743194,71.664013,locality_curated
Gosana,SURENDRANAGAR,Gujarat,22.743362,71.624926,locality_curated
Dumana,SURENDRANAGAR,Gujarat,22.733502,71.663033,locality_curated
Shivpura,SURENDRANAGAR,Gujarat,22.718853,71.671107,locality_curated
Kaliyana,SURENDRANAGAR,Gujarat,22.747807,71.671145,locality_curated
Thorivadgas,SURENDRANAGAR,Gujarat,22.711727,71.662199,locality_curated
Baldana,SURENDRANAGAR,Gujarat,22.732668,71.666027,locality_curated
Dedadara,SURENDRANAGAR,Gujarat,22.752091,71.645243,locality_curated
Vadod,SURENDRANAGAR,Gujarat,22.741445,71.653345,locality_curated
Timba,SURENDRANAGAR,Gujarat,22.704811,71.632958,locality_curated
Gogla,SURENDRANAGAR,Gujarat,22.705507,71.651412,locality_curated
Ambli,SURENDRANAGAR,Gujarat,22.744598,71.636243,locality_curated
Pipli,SURENDRANAGAR,Gujarat,22.718192,71.636713,locality_curated
Sodhi,SURENDRANAGAR,Gujarat,22.729482,71.631681,locality_curated
Hanskhali,RANAGHAT(SC),West Bengal,23.198523,88.53753,locality_curated
Siddhasar,SURENDRANAGAR,Gujarat,22.741265,71.653854,locality_curated
Sagadhra,SURENDRANAGAR,Gujarat,22.711288,71.670241,locality_curated
Virpar,SURENDRANAGAR,Gujarat,22.74283,71.630641,locality_curated
Kuntalpur,SURENDRANAGAR,Gujarat,22.700512,71.641145,locality_curated
Vankia,SURENDRANAGAR,Gujarat,22.73985,71.656739,locality_curated
Taldaha Majdia,RANAGHAT(SC),West Bengal,23.146319,88.549915,locality_curated
Krsihnaganj,RANAGHAT(SC),West Bengal,23.179817,88.574036,locality_curated
Ghat Tungi,RANAGHAT(SC),West Bengal,23.189719,88.545621,locality_curated
nagar gaame,KACHCHH(SC),Gujarat,23.732243,69.829332,locality_curated
Bhooyarah,ULUBERIA,West Bengal,22.450927,88.078163,locality_curated
Uttar Benapur,ULUBERIA,West Bengal,22.481639,88.123779,locality_curated
Asharia,ULUBERIA,West Bengal,22.441096,88.106824,locality_curated
Ishwaripur,ULUBERIA,West Bengal,22.478089,88.086656,locality_curated
Bansberia,ULUBERIA,West Bengal,22.484523,88.076285,locality_curated
RAMAKRISHNAPUR,WARANGEL(SC),Telangana,,,locality_curated
Doddabyadigere,HASSAN,Karnataka,13.028451,76.108016,locality_curated
Kallahalli,HASSAN,Karnataka,13.023115,76.091921,locality_curated
ballenahlli,HASSAN,Karnataka,13.030098,76.112531,locality_curated
ibbidu,HASSAN,Karnataka,12.991031,76.076254,locality_curated
Palasan,SURENDRANAGAR,Gujarat,22.736631,71.65969,locality_curated
Shripatpur,JAHANABAD,Bihar,25.252942,85.039678,locality_curated
Nuthikona,KADAPA,Andhra Pradesh,14.488104,78.845482,locality_curated
Velamavaripalli,KADAPA,Andhra Pradesh,14.442025,78.838034,locality_curated
Duggayapalli,KADAPA,Andhra Pradesh,14.466026,78.84032,locality_curated
dedha,BANASKANTHA,Gujarat,24.174337,72.412259,locality_curated
Nava Kuna sarpachwala,KHEDA,Gujarat,22.7078,72.660624,locality_curated
Indramma,MAHABUBABAD,Telangana,17.629537,80.006023,locality_curated
House,BIJNOR,Uttar Pradesh,29.363153,78.117,locality_curated
Tiruvallur,TIRUVALLUR(SC),Tamil Nadu,13.124136,79.892446,locality_curated
Eruguvai,TIRUVALLUR(SC),Tamil Nadu,13.153806,79.931666,locality_curated
Dabhoda,AHMEDABAD EAST,Gujarat,23.049973,72.574522,locality_curated
laam,RAJNANDGAON,Chhattisgarh,21.080628,81.010984,locality_curated
Fatepur,AMRELI,Gujarat,21.598249,71.254382,locality_curated
Dahinda,AMRELI,Gujarat,21.602567,71.202261,locality_curated
Maidan Samtalikaran,RAJNANDGAON,Chhattisgarh,21.100649,81.062732,locality_curated
tipangarh,RAJNANDGAON,Chhattisgarh,21.085529,81.044764,locality_curated
shamshangath karan,SRINAGAR,Jammu And Kashmir,34.076518,74.816777,locality_curated
jamai,SRINAGAR,Jammu And Kashmir,34.089126,74.816327,locality_curated
Daivamdinne,KURNOOL,Andhra Pradesh,15.845312,78.034145,locality_curated
Ramanthali Grama,KASARAGOD,Kerala,12.478911,75.006661,locality_curated
Silaad Khurd,AURANGABAD_BR,Bihar,24.75714,84.348838,locality_curated
Nekraje,KASARAGOD,Kerala,12.483898,74.98464,locality_curated
Siluvathur,DINDIGUL,Tamil Nadu,10.347376,77.9687,locality_curated
sithaiyankottai town,DINDIGUL,Tamil Nadu,10.374095,77.982704,locality_curated
Galiyavada,JUNAGADH,Gujarat,21.541954,70.454537,locality_curated
Umrala,JUNAGADH,Gujarat,21.500501,70.448946,locality_curated
Chamoda,JUNAGADH,Gujarat,21.525385,70.436283,locality_curated
Kajli,JUNAGADH,Gujarat,21.526922,70.472642,locality_curated
Borvav,JUNAGADH,Gujarat,21.534242,70.444018,locality_curated
Bamanasa,JUNAGADH,Gujarat,21.511607,70.474162,locality_curated
Rangpur,JUNAGADH,Gujarat,21.533218,70.485802,locality_curated
Kodra,BALLIA,Uttar Pradesh,25.754906,84.1188,locality_curated
Kharhatar,BALLIA,Uttar Pradesh,25.746342,84.131661,locality_curated
Chinnalapatty town,DINDIGUL,Tamil Nadu,10.339443,77.973196,locality_curated
Obaiahgaripalli,CHITTOOR,Andhra Pradesh,13.198952,79.079699,locality_curated
Sankarayalapeta,CHITTOOR,Andhra Pradesh,13.186591,79.09482,locality_curated
Ragavendra,CHITTOOR,Andhra Pradesh,13.233994,79.114796,locality_curated
Lavarpur Gram,AHMEDABAD EAST,Gujarat,23.037054,72.567218,locality_curated
Asuria,BHADRAK(SC),Odisha,21.073622,86.49779,locality_curated
Bakrol Bujarang,AHMEDABAD EAST,Gujarat,23.028741,72.574339,locality_curated
Sadari,BARDOLI(ST),Gujarat,21.106241,73.124379,locality_curated
Khanjaroli,BARDOLI(ST),Gujarat,21.109245,73.128319,locality_curated
Timba Gram,BARDOLI(ST),Gujarat,21.117941,73.089964,locality_curated
Vasrai,BARDOLI(ST),Gujarat,21.105845,73.108641,locality_curated
Balaltirth,BARDOLI(ST),Gujarat,21.104826,73.138062,locality_curated
Sr Sec,WEST DELHI,Delhi,28.644791,77.093807,locality_curated
Nani Bhatlav,BARDOLI(ST),Gujarat,21.09524,73.121743,locality_curated
Deladwa,BARDOLI(ST),Gujarat,21.103301,73.127598,locality_curated
Bhatia,BARDOLI(ST),Gujarat,21.114745,73.131723,locality_curated
Hanuman,LUDHIANA,Punjab,30.884048,75.832903,locality_curated
Harmadiya,JUNAGADH,Gujarat,21.522744,70.491402,locality_curated
Setteri,CHITTOOR,Andhra Pradesh,13.210857,79.071577,locality_curated
Khanni,KANGRA,Himachal Pradesh,32.090048,76.282343,locality_curated
Upadhyaypur,GONDA,Uttar Pradesh,27.115606,81.943252,locality_curated
Kolhampur,GONDA,Uttar Pradesh,27.120389,81.944577,locality_curated
Mankapur Gram,GONDA,Uttar Pradesh,27.147977,81.97074,locality_curated
Barsenia,GONDA,Uttar Pradesh,27.103771,81.964142,locality_curated
Lamti,GONDA,Uttar Pradesh,27.115761,81.988863,locality_curated
Madhavapur,GONDA,Uttar Pradesh,27.12301,81.976104,locality_curated
Karda,GONDA,Uttar Pradesh,27.118238,81.975203,locality_curated
Dhuswa,GONDA,Uttar Pradesh,27.119553,81.948261,locality_curated
Devgam,AMRELI,Gujarat,21.623558,71.232692,locality_curated
Ballipur,GONDA,Uttar Pradesh,27.153352,81.972235,locality_curated
Kuknagar,GONDA,Uttar Pradesh,27.147933,81.945891,locality_curated
Veerpur,GONDA,Uttar Pradesh,27.136124,81.9324,locality_curated
Baijalpur Gram,GONDA,Uttar Pradesh,27.111142,81.939537,locality_curated
Chakia,GONDA,Uttar Pradesh,27.135198,81.975215,locality_curated
Bhuigawan,GONDA,Uttar Pradesh,27.12959,81.986416,locality_curated
Gopalpur Gram,GONDA,Uttar Pradesh,27.113628,81.941604,locality_curated
Amghati Gram,GONDA,Uttar Pradesh,27.115644,81.970475,locality_curated
Mankapur,GONDA,Uttar Pradesh,27.144941,81.93206,locality_curated
Ramaipur,GONDA,Uttar Pradesh,27.140076,81.94383,locality_curated
Ramapur,GONDA,Uttar Pradesh,27.10489,81.938739,locality_curated
Kirtapur,GONDA,Uttar Pradesh,27.108534,81.951695,locality_curated
Mohammadpur,GONDA,Uttar Pradesh,27.151857,81.96567,locality_curated
village Mahuliya,PALAMU(SC),Jharkhand,24.039469,84.060037,locality_curated
antargat najirpur,MADHUBANI,Bihar,26.358802,86.057063,locality_curated
crematorium,JALORE,Rajasthan,25.362556,72.605173,locality_curated
Elakkiyampatti,DHARAMAPURI,Tamil Nadu,,,locality_curated
Marandahalli Town,DHARAMAPURI,Tamil Nadu,,,locality_curated
Kandwari,KANGRA,Himachal Pradesh,32.1047,76.286901,locality_curated
Mandorna,JUNAGADH,Gujarat,21.543974,70.472526,locality_curated
Ankolvadi,JUNAGADH,Gujarat,21.494286,70.448726,locality_curated
Moruka,JUNAGADH,Gujarat,21.533782,70.443063,locality_curated
Surva,JUNAGADH,Gujarat,21.540743,70.447744,locality_curated
Jambur,JUNAGADH,Gujarat,21.497752,70.441478,locality_curated
Jasadhar,JUNAGADH,Gujarat,21.530742,70.469652,locality_curated
Rampara,JUNAGADH,Gujarat,21.51343,70.442211,locality_curated
Hadmatiya,JUNAGADH,Gujarat,21.520687,70.488944,locality_curated
Bhimdeval,JUNAGADH,Gujarat,21.516393,70.428535,locality_curated
vedpura gam,VADODARA,Gujarat,22.33338,73.179717,locality_curated
Toraniya,JUNAGADH,Gujarat,21.515574,70.471879,locality_curated
Alluru,NANDYAL,Andhra Pradesh,15.462009,78.480664,locality_curated
Donney,NANDYAL,Andhra Pradesh,15.502465,78.491271,locality_curated
GANAUD,RAIPUR,Chhattisgarh,21.244238,81.64291,locality_curated
HASDA,RAIPUR,Chhattisgarh,21.263828,81.635537,locality_curated
Hanuman,BHADRAK(SC),Odisha,21.068079,86.508022,locality_curated
Kuchaleswar,BHADRAK(SC),Odisha,21.028039,86.49609,locality_curated
Gadi,BHADRAK(SC),Odisha,21.084065,86.497181,locality_curated
PATNA,BALASORE,Odisha,21.47955,86.922061,locality_curated
KHANTA PADA SHISU,BALASORE,Odisha,21.50893,86.96092,locality_curated
PASCHIMA,BALASORE,Odisha,21.469129,86.925262,locality_curated
DURGADEVI JAGANNATH,BALASORE,Odisha,21.480136,86.906232,locality_curated
nagna,JAMNAGAR,Gujarat,22.461109,70.027557,locality_curated
Nawanag,JAMNAGAR,Gujarat,22.453515,70.050931,locality_curated
Junanag,JAMNAGAR,Gujarat,22.476338,70.086404,locality_curated
Satiya,JAMNAGAR,Gujarat,22.466912,70.091084,locality_curated
Halisa,AHMEDABAD EAST,Gujarat,23.059329,72.601169,locality_curated
Basuli,BHADRAK(SC),Odisha,21.070272,86.52585,locality_curated
Mahadev,BHADRAK(SC),Odisha,21.063146,86.475744,locality_curated
Top,PATNA SAHIB,Bihar,25.637035,85.125964,locality_curated
Devkaran Na Muvada,AHMEDABAD EAST,Gujarat,23.01892,72.598337,locality_curated
Veerapuram,TIRUVALLUR(SC),Tamil Nadu,13.113334,79.912291,locality_curated
NARDAHA,RAIPUR,Chhattisgarh,21.261659,81.602354,locality_curated
BARAUNDA,RAIPUR,Chhattisgarh,21.25414,81.595993,locality_curated
Jagannath,BHADRAK(SC),Odisha,21.042774,86.483443,locality_curated
GUDELIYA,RAIPUR,Chhattisgarh,21.270393,81.654766,locality_curated
BARAUDA,RAIPUR,Chhattisgarh,21.227876,81.65004,locality_curated
Pothiya,BHAGALPUR,Bihar,25.261043,86.974201,locality_curated
Beautification,SHIRDI(SC),Maharashtra,19.768689,74.444075,locality_curated
Banthadukka SreeSubramanya,KASARAGOD,Kerala,12.4996,74.972136,locality_curated
Piyava,AMRELI,Gujarat,21.587919,71.219375,locality_curated
Facharia,AMRELI,Gujarat,21.598132,71.204917,locality_curated
Motivavadi,AMRELI,Gujarat,21.605513,71.199911,locality_curated
Shivendranagar,AMRELI,Gujarat,21.609061,71.236386,locality_curated
Parvadi,AMRELI,Gujarat,21.6029,71.250609,locality_curated
Manikeswar Shiva,BHADRAK(SC),Odisha,21.045932,86.486165,locality_curated
Tarani,BHADRAK(SC),Odisha,21.066269,86.47896,locality_curated
Gouri Adi Shiva,BHADRAK(SC),Odisha,21.068223,86.495048,locality_curated
Mangala,BHADRAK(SC),Odisha,21.047147,86.515748,locality_curated
Danda paschima,BHADRAK(SC),Odisha,21.073513,86.491974,locality_curated
Kotharia,PORBANDAR,Gujarat,21.64492,69.591244,locality_curated
Bhalgam,PORBANDAR,Gujarat,21.625862,69.617397,locality_curated
Thapla,PORBANDAR,Gujarat,21.653511,69.595963,locality_curated
Piplana,PORBANDAR,Gujarat,21.627412,69.607857,locality_curated
Indra,PORBANDAR,Gujarat,21.62537,69.613967,locality_curated
Mahobatpura,PORBANDAR,Gujarat,21.64221,69.584967,locality_curated
Sukhpur,PORBANDAR,Gujarat,21.653266,69.581967,locality_curated
Khokharda,PORBANDAR,Gujarat,21.663555,69.588701,locality_curated
Divasa,PORBANDAR,Gujarat,21.625064,69.60499,locality_curated
Kankana,PORBANDAR,Gujarat,21.654698,69.632481,locality_curated
Samarda,PORBANDAR,Gujarat,21.636805,69.629391,locality_curated
Roodalpur,PORBANDAR,Gujarat,21.636002,69.630846,locality_curated
Rahij,PORBANDAR,Gujarat,21.653316,69.631626,locality_curated
Virol,PORBANDAR,Gujarat,21.665665,69.611171,locality_curated
Rangpur,PORBANDAR,Gujarat,21.666145,69.622469,locality_curated
Shahpur,PRATAPGARH,Uttar Pradesh,25.90136,82.018931,locality_curated
Labheta,ETAH,Uttar Pradesh,27.567356,78.636816,locality_curated
Kuthila,ETAH,Uttar Pradesh,27.568877,78.678099,locality_curated
Katsura,AJMER,Rajasthan,26.470062,74.628917,locality_curated
katsoora,AJMER,Rajasthan,26.443799,74.621178,locality_curated
Arjunpura Khalsa,AJMER,Rajasthan,26.458781,74.670428,locality_curated
Mau,ETAH,Uttar Pradesh,27.562194,78.695607,locality_curated
Bahedia,ETAH,Uttar Pradesh,27.574193,78.680235,locality_curated
Fatehpur,ETAH,Uttar Pradesh,27.557112,78.693251,locality_curated
Agoli,ETAH,Uttar Pradesh,27.568362,78.640039,locality_curated
Himaunpur,ETAH,Uttar Pradesh,27.56909,78.687068,locality_curated
Kunwarpur,ETAH,Uttar Pradesh,27.567253,78.634429,locality_curated
babu me,PRATAPGARH,Uttar Pradesh,25.91036,82.017333,locality_curated
Kothapalli,KARIMNAGAR,Telangana,18.451745,79.145314,locality_curated
Hulimangala,BANGALORE RURAL,Karnataka,13.162025,77.408329,locality_curated
KENDRA ANTARGAT,SIDHI,Madhya Pradesh,24.396369,81.860202,locality_curated
DUDHAMANIYA,SIDHI,Madhya Pradesh,24.399034,81.871822,locality_curated
Choramba,BARDOLI(ST),Gujarat,21.120462,73.146325,locality_curated
Choramba Gram,BARDOLI(ST),Gujarat,21.134941,73.10076,locality_curated
Velancheri,ARAKKONAM,Tamil Nadu,13.091561,79.68275,locality_curated
Tenugupudi,ANAKAPALLE,Andhra Pradesh,17.703112,82.988632,locality_curated
Bowluwada,ANAKAPALLE,Andhra Pradesh,17.712789,82.995353,locality_curated
Koruvada Jagannadhapuram,ANAKAPALLE,Andhra Pradesh,17.702054,82.996478,locality_curated
Pudu,CUDDALORE,Tamil Nadu,11.768767,79.792612,locality_curated
Govindpura,ALWAR,Rajasthan,27.547354,76.655042,locality_curated
Bhajeda,ALWAR,Rajasthan,27.565521,76.651827,locality_curated
Karma,KODARMA,Jharkhand,24.511415,85.698402,locality_curated
Bekobar Southern,KODARMA,Jharkhand,24.527807,85.717679,locality_curated
patur,NELLORE(SC),Andhra Pradesh,14.430897,79.973986,locality_curated
Modegunta,NELLORE(SC),Andhra Pradesh,14.456505,79.995472,locality_curated
Inamadugu,NELLORE(SC),Andhra Pradesh,14.460552,79.990103,locality_curated
Bharath,MALKAJGIRI,Telangana,17.442976,78.549793,locality_curated
Bangakhalar,KODARMA,Jharkhand,24.568692,85.681323,locality_curated
Venkateswarapalem,NELLORE(SC),Andhra Pradesh,14.465767,79.972126,locality_curated
Bungalow at Vinjamur,NELLORE(SC),Andhra Pradesh,14.465272,79.985273,locality_curated
Duttalur,NELLORE(SC),Andhra Pradesh,14.4526,79.968614,locality_curated
Appasamudram,NELLORE(SC),Andhra Pradesh,14.445416,79.958836,locality_curated
Krishnapuram,NELLORE(SC),Andhra Pradesh,14.470532,79.995872,locality_curated
Palukuru,NELLORE(SC),Andhra Pradesh,14.441155,79.969448,locality_curated
Thimmareddypalem,NELLORE(SC),Andhra Pradesh,14.43653,79.970172,locality_curated
Kodikandukuru,NELLORE(SC),Andhra Pradesh,14.45713,80.006412,locality_curated
Nagarajupadu,NELLORE(SC),Andhra Pradesh,14.428503,79.982599,locality_curated
nagarajupadu,NELLORE(SC),Andhra Pradesh,14.45247,79.974775,locality_curated
Pullanellapalli,NELLORE(SC),Andhra Pradesh,14.449389,80.016866,locality_curated
Thurpupalli,NELLORE(SC),Andhra Pradesh,14.452613,80.008675,locality_curated
Upputuru,NELLORE(SC),Andhra Pradesh,14.417056,79.99259,locality_curated
Kandamuru,NELLORE(SC),Andhra Pradesh,14.453297,80.001703,locality_curated
Swami Vivekanand,VARANASI,Uttar Pradesh,25.293546,82.977167,locality_curated
Pallipalem,NELLORE(SC),Andhra Pradesh,14.458875,79.978303,locality_curated
Madarajuguduru,NELLORE(SC),Andhra Pradesh,14.417662,79.981026,locality_curated
Shiroda,SOUTH GOA,Goa,15.275325,74.140765,locality_curated
Penubarthi,NELLORE(SC),Andhra Pradesh,14.461267,79.984814,locality_curated
Mulumudi,NELLORE(SC),Andhra Pradesh,14.429604,79.995552,locality_curated
Mannavarappadu,NELLORE(SC),Andhra Pradesh,14.466146,79.9848,locality_curated
Donthali,NELLORE(SC),Andhra Pradesh,14.458269,79.965028,locality_curated
Mopur,NELLORE(SC),Andhra Pradesh,14.449554,80.009987,locality_curated
Galiveedu,RAJAMPET,Andhra Pradesh,14.211011,79.142792,locality_curated
Kalivelapalem,NELLORE(SC),Andhra Pradesh,14.453666,79.960834,locality_curated
YSR,RAJAMPET,Andhra Pradesh,14.168707,79.155669,locality_curated
VILLAGE KHONGSARA,BILASPUR,Chhattisgarh,22.086618,82.122421,locality_curated
Mudradi,UDUPI CHIKMAGALUR,Karnataka,13.361314,75.08114,locality_curated
Mudaru,UDUPI CHIKMAGALUR,Karnataka,13.346737,75.083979,locality_curated
KHAPRI,BILASPUR,Chhattisgarh,22.095873,82.155033,locality_curated
Mala Village,UDUPI CHIKMAGALUR,Karnataka,13.345969,75.087829,locality_curated
Renjala grama,UDUPI CHIKMAGALUR,Karnataka,13.326846,75.092721,locality_curated
Durga,UDUPI CHIKMAGALUR,Karnataka,13.326065,75.09788,locality_curated
Nitte,UDUPI CHIKMAGALUR,Karnataka,13.332362,75.116003,locality_curated
Marakuntapalli,HINDUPUR,Andhra Pradesh,13.813307,77.49406,locality_curated
Vidyapeeth,VARANASI,Uttar Pradesh,25.30185,83.00073,locality_curated
Neelakantraopeta,RAJAMPET,Andhra Pradesh,14.209833,79.159046,locality_curated
Guvvalacheruvu,RAJAMPET,Andhra Pradesh,14.171752,79.163021,locality_curated
Chinnamandem,RAJAMPET,Andhra Pradesh,14.181662,79.134541,locality_curated
Reddivaripalli,RAJAMPET,Andhra Pradesh,14.20994,79.167722,locality_curated
Guntimadugu,RAJAMPET,Andhra Pradesh,14.203893,79.14804,locality_curated
Boyapalli,RAJAMPET,Andhra Pradesh,14.165543,79.153732,locality_curated
Reddyvaripalli,RAJAMPET,Andhra Pradesh,14.173158,79.161645,locality_curated
Kalmad,SURENDRANAGAR,Gujarat,22.726825,71.681384,locality_curated
Bhrugupur,SURENDRANAGAR,Gujarat,22.734999,71.63519,locality_curated
Dervala,SURENDRANAGAR,Gujarat,22.742604,71.673512,locality_curated
Anjar,SURENDRANAGAR,Gujarat,22.744725,71.662252,locality_curated
village Chidasan,JHUNJHUNU,Rajasthan,28.131962,75.381541,locality_curated
Arazilines,VARANASI,Uttar Pradesh,25.310974,82.951341,locality_curated
Takkellapadu Gram,ONGOLE,Andhra Pradesh,15.503604,80.025032,locality_curated
Haludkanali under Haludkanali,BANKURA,West Bengal,23.249509,87.087647,locality_curated
Dehbaba,VARANASI,Uttar Pradesh,25.303036,82.963033,locality_curated
Panpalli,JAGATSINGHPUR(SC),Odisha,20.267859,86.18827,locality_curated
Dalko,PALAMU(SC),Jharkhand,24.010805,84.081651,locality_curated
Rakkapperumal,NAGAPATTINAM(SC),Tamil Nadu,10.784923,79.842945,locality_curated
Shiv,BARGARH,Odisha,21.259492,83.567337,locality_curated
Akhandala,BARGARH,Odisha,21.226523,83.592879,locality_curated
Hanuman,BARGARH,Odisha,21.251562,83.549453,locality_curated
Puligilla,BHONGIR,Telangana,17.491786,78.900427,locality_curated
Samlai,BARGARH,Odisha,21.250351,83.559626,locality_curated
Ankhali,HINGOLI,Maharashtra,19.729163,77.169575,locality_curated
Pota BK,HINGOLI,Maharashtra,19.714631,77.132988,locality_curated
Ariyambakkam,KANCHEEPURAM(SC),Tamil Nadu,12.840038,79.701453,locality_curated
KOTHARA,PANCHMAHAL,Gujarat,22.681501,73.610447,locality_curated
MAHDEVIYA,PANCHMAHAL,Gujarat,22.719923,73.585323,locality_curated
MHADEVIYA,PANCHMAHAL,Gujarat,22.704432,73.57128,locality_curated
GHOGHA,PANCHMAHAL,Gujarat,22.688072,73.628722,locality_curated
KOTHAYDI,PANCHMAHAL,Gujarat,22.6743,73.598513,locality_curated
VAVKULI,PANCHMAHAL,Gujarat,22.675968,73.606685,locality_curated
udher,ETAH,Uttar Pradesh,27.554897,78.680604,locality_curated
Gangagarh,ETAH,Uttar Pradesh,27.586756,78.66621,locality_curated
Gamvatika near Dashela,AHMEDABAD EAST,Gujarat,23.052071,72.598197,locality_curated
Kantharpur,AHMEDABAD EAST,Gujarat,23.059169,72.574866,locality_curated
Sirawali,ETAH,Uttar Pradesh,27.541716,78.667572,locality_curated
Ghinauna,ETAH,Uttar Pradesh,27.547192,78.690268,locality_curated
Bhupal,ETAH,Uttar Pradesh,27.54261,78.685692,locality_curated
punugumaranahaly,BANGALORE NORTH,Karnataka,13.01448,77.620468,locality_curated
Alahdinpur,ETAH,Uttar Pradesh,27.562629,78.634713,locality_curated
Roshan,ETAH,Uttar Pradesh,27.532971,78.664715,locality_curated
Padamati Anjaneya Swamy,MAHABUBNAGAR,Telangana,16.701168,77.986347,locality_curated
Jangsibari,KOKRAJHAR (ST),Assam,26.41505,90.281428,locality_curated
Bolamjhora,KOKRAJHAR (ST),Assam,26.389037,90.24622,locality_curated
Murabari,KOKRAJHAR (ST),Assam,26.380215,90.264405,locality_curated
Kusugaon,KOKRAJHAR (ST),Assam,26.387144,90.285405,locality_curated
Edachither,CUDDALORE,Tamil Nadu,11.728332,79.766391,locality_curated
Siruvathur,CUDDALORE,Tamil Nadu,11.734875,79.764272,locality_curated
Athirikuppam,CUDDALORE,Tamil Nadu,11.764708,79.776945,locality_curated
Silambinathanpettai,CUDDALORE,Tamil Nadu,11.748995,79.790789,locality_curated
village nada shiv,ANANDPUR SAHIB,Punjab,31.266281,76.499649,locality_curated
Velagapadu Grama,ELURU,Andhra Pradesh,16.71126,81.078467,locality_curated
kahona,BHARUCH,Gujarat,21.69148,72.977867,locality_curated
Sidli Nalbari,KOKRAJHAR (ST),Assam,26.396491,90.293036,locality_curated
vinoba,MYSORE,Karnataka,12.282012,76.66594,locality_curated
doddanerale,MYSORE,Karnataka,12.299022,76.654913,locality_curated
tanki thi,BHARUCH,Gujarat,21.70925,72.970904,locality_curated
Sardadevi,MYSORE,Karnataka,12.306966,76.617907,locality_curated
Shiva,BARGARH,Odisha,21.246047,83.542919,locality_curated
Eyyal,ARANI,Tamil Nadu,12.647475,79.26899,locality_curated
Parappukkara Grama,THRISSUR,Kerala,10.512197,76.218598,locality_curated
Sugalithanda,RAJAMPET,Andhra Pradesh,14.181018,79.133832,locality_curated
Jam River,CHHINDWARA,Madhya Pradesh,22.059933,78.964205,locality_curated
TUBACHI,BAGALKOT,Karnataka,16.151789,75.70171,locality_curated
VAJJARAMATTI,BAGALKOT,Karnataka,16.193287,75.699449,locality_curated
RAGHAPUR,BAGALKOT,Karnataka,16.163406,75.698428,locality_curated
Avudaiyapuram,VIRUDHUNAGAR,Tamil Nadu,9.613691,77.952194,locality_curated
Thulukkapatti,VIRUDHUNAGAR,Tamil Nadu,9.578468,77.931709,locality_curated
Thenpalai,VIRUDHUNAGAR,Tamil Nadu,9.562326,77.968026,locality_curated
Pandalkudi,VIRUDHUNAGAR,Tamil Nadu,9.583183,77.984953,locality_curated
Chittalai,VIRUDHUNAGAR,Tamil Nadu,9.603561,77.953267,locality_curated
Dass,JAMMU,Jammu And Kashmir,32.725754,74.82821,locality_curated
Sengamalapatti,VIRUDHUNAGAR,Tamil Nadu,9.556441,77.964144,locality_curated
Chakdaha,RANAGHAT(SC),West Bengal,23.192847,88.580711,locality_curated
land,NANDED,Maharashtra,19.116951,77.340645,locality_curated
village Nadala,JAMMU,Jammu And Kashmir,32.722993,74.875573,locality_curated
Karan,JAMMU,Jammu And Kashmir,32.732421,74.834367,locality_curated
Sada Nath,ROHTAK,Haryana,28.908421,76.586287,locality_curated
Naudiha,PALAMU(SC),Jharkhand,24.045996,84.072294,locality_curated
Dangwar,PALAMU(SC),Jharkhand,24.030552,84.09373,locality_curated
Tedama Gram,KORBA,Chhattisgarh,22.356035,82.733869,locality_curated
Chhotesalhi Gram,KORBA,Chhattisgarh,22.340621,82.755954,locality_curated
Sakariya Gram,KORBA,Chhattisgarh,22.376822,82.764734,locality_curated
Dongaama,KORBA,Chhattisgarh,22.342259,82.77484,locality_curated
Nabadwip,RANAGHAT(SC),West Bengal,23.158701,88.529553,locality_curated
Sammakka Saralamma,KARIMNAGAR,Telangana,18.45266,79.147103,locality_curated
yadava krishna,ELURU,Andhra Pradesh,16.723889,81.082801,locality_curated
Padaveedu Town,ERODE,Tamil Nadu,11.331202,77.744657,locality_curated
Gandia,DHENKANAL,Odisha,20.644122,85.592866,locality_curated
Tarini,DHENKANAL,Odisha,20.677306,85.615786,locality_curated
Veer Tejaji,NAGAUR,Rajasthan,27.178015,73.716901,locality_curated
Ladoli,NAGAUR,Rajasthan,27.193958,73.718709,locality_curated
Bhuvanamma,MAHABUBNAGAR,Telangana,16.711834,77.944766,locality_curated
Nelaguli,BANGALORE NORTH,Karnataka,13.027696,77.574146,locality_curated
Kerechudahally,BANGALORE NORTH,Karnataka,13.056266,77.615261,locality_curated
akhada Oraon tola,PALAMU(SC),Jharkhand,24.023604,84.084517,locality_curated
Kala,PALAMU(SC),Jharkhand,24.038625,84.059418,locality_curated
Zezra,SURENDRANAGAR,Gujarat,22.743081,71.669842,locality_curated
Santoshi Mata,MANDI,Himachal Pradesh,31.731777,76.917998,locality_curated
Natibpur Charabagan,HOWRAH,West Bengal,22.6037,88.250424,locality_curated
Dhani,FARIDABAD,Haryana,28.396027,77.30935,locality_curated
Touna Dev,MANDI,Himachal Pradesh,31.721707,76.920356,locality_curated
Shamshanghat,MANDI,Himachal Pradesh,31.725159,76.936465,locality_curated
Ahamadpur,SIRSA(SC),Haryana,29.546876,75.034595,locality_curated
Kusumbi,SIRSA(SC),Haryana,29.5141,75.023852,locality_curated
Karla,NANDED,Maharashtra,19.136867,77.34995,locality_curated
Hosa Dhyavaranahalli,CHITRADURGA(SC),Karnataka,14.224268,76.411615,locality_curated
burdha,GWALIOR,Madhya Pradesh,26.232752,78.190312,locality_curated
Kalagachia Bhorpara Shibtala,HOWRAH,West Bengal,22.597143,88.246977,locality_curated
Kathrota,JUNAGADH,Gujarat,21.508822,70.432991,locality_curated
Baliyavad,JUNAGADH,Gujarat,21.502455,70.451814,locality_curated
Kushudanga Iteyhad Club,HOWRAH,West Bengal,22.611995,88.243421,locality_curated
Deulpur Board Primary,HOWRAH,West Bengal,22.591043,88.282828,locality_curated
Chokli,JUNAGADH,Gujarat,21.501965,70.467133,locality_curated
Dervan,JUNAGADH,Gujarat,21.528237,70.431871,locality_curated
Bamangam,JUNAGADH,Gujarat,21.54385,70.451227,locality_curated
Shibtala Primary,HOWRAH,West Bengal,22.592615,88.288144,locality_curated
Ranihati Pashimpara Primary,HOWRAH,West Bengal,22.613448,88.283395,locality_curated
Ranihati Mondalpara,HOWRAH,West Bengal,22.584984,88.250123,locality_curated
Pipaliya,JUNAGADH,Gujarat,21.505475,70.480102,locality_curated
Panchanantala,HOWRAH,West Bengal,22.591347,88.294056,locality_curated
Pashim Panchla Ghoruipara,HOWRAH,West Bengal,22.611846,88.248492,locality_curated
Building,HOWRAH,West Bengal,22.573398,88.264872,locality_curated
Dharai,AMRELI,Gujarat,21.618424,71.210669,locality_curated
Sanyasammapalem,ARAKU(ST),Andhra Pradesh,18.344791,82.849728,locality_curated
Addudanda,ARAKU(ST),Andhra Pradesh,18.313891,82.879179,locality_curated
Addumanda,ARAKU(ST),Andhra Pradesh,18.347853,82.892735,locality_curated
Kummariputtu,ARAKU(ST),Andhra Pradesh,18.32531,82.85603,locality_curated
Appanaveedu,ELURU,Andhra Pradesh,16.716825,81.065114,locality_curated
Kali,DUMKA(ST),Jharkhand,24.274925,87.222427,locality_curated
Tather,KOTA,Rajasthan,25.229044,75.840737,locality_curated
Kattagudi,KARUR,Tamil Nadu,10.948073,78.097818,locality_curated
Amanakkampatti,KARUR,Tamil Nadu,10.985584,78.066636,locality_curated
Thirukkampuliyur,KARUR,Tamil Nadu,10.931271,78.0766,locality_curated
Koklegaon under Gram,NANDED,Maharashtra,19.159218,77.345591,locality_curated
Ram Home,SANGRUR,Punjab,30.25057,75.820928,locality_curated
singh home,SANGRUR,Punjab,30.24,75.875953,locality_curated
Jialgarha,DHANBAD,Jharkhand,23.777158,86.457293,locality_curated
Pinnathur East,CHIDAMBARAM(SC),Tamil Nadu,11.388677,79.713839,locality_curated
Village Pinnathur,CHIDAMBARAM(SC),Tamil Nadu,11.409886,79.709304,locality_curated
Ayanathathanur,CHIDAMBARAM(SC),Tamil Nadu,11.414292,79.6742,locality_curated
West,CHIDAMBARAM(SC),Tamil Nadu,11.407487,79.679517,locality_curated
Periyapattu,CHIDAMBARAM(SC),Tamil Nadu,11.403311,79.675331,locality_curated
Anandhavaadi,CHIDAMBARAM(SC),Tamil Nadu,11.388258,79.661257,locality_curated
Sirukadampur,CHIDAMBARAM(SC),Tamil Nadu,11.418937,79.69095,locality_curated
Thirunaraiyur,CHIDAMBARAM(SC),Tamil Nadu,11.408137,79.702564,locality_curated
Olapadi,CHIDAMBARAM(SC),Tamil Nadu,11.412747,79.682029,locality_curated
Perunpandi,CHIDAMBARAM(SC),Tamil Nadu,11.421441,79.67808,locality_curated
Gate,CHURU,Rajasthan,28.278969,74.979496,locality_curated
Durga,Sonitpur,Assam,26.627525,92.825725,locality_curated
JANUPALLI,AMALAPURAM(SC),Andhra Pradesh,16.585137,82.031378,locality_curated
MUNICIPAL,AMALAPURAM(SC),Andhra Pradesh,16.57323,81.987599,locality_curated
SUBRAHMANYESWARA,AMALAPURAM(SC),Andhra Pradesh,16.576677,82.036276,locality_curated
MACHAVARAM,AMALAPURAM(SC),Andhra Pradesh,16.550116,81.999081,locality_curated
SANAPALLILANKA,AMALAPURAM(SC),Andhra Pradesh,16.572577,82.021526,locality_curated
VINAYAKA,AMALAPURAM(SC),Andhra Pradesh,16.58923,82.022242,locality_curated
MOOLAPOLAM,AMALAPURAM(SC),Andhra Pradesh,16.596021,82.007142,locality_curated
POTTILANKA,AMALAPURAM(SC),Andhra Pradesh,16.574196,81.989535,locality_curated
KANAKA DURGA,AMALAPURAM(SC),Andhra Pradesh,16.596417,82.009123,locality_curated
YANAM,AMALAPURAM(SC),Andhra Pradesh,16.557741,82.008966,locality_curated
SURASANIYANAM,AMALAPURAM(SC),Andhra Pradesh,16.575629,82.023021,locality_curated
TUMMALAPALLI,AMALAPURAM(SC),Andhra Pradesh,16.556196,81.987486,locality_curated
MANDAPALLI,AMALAPURAM(SC),Andhra Pradesh,16.56007,82.027283,locality_curated
KUYYERU,AMALAPURAM(SC),Andhra Pradesh,16.553084,82.005,locality_curated
Ballapara,KOKRAJHAR (ST),Assam,26.385967,90.289863,locality_curated
Bhodi,SIRSA(SC),Haryana,29.540997,74.994439,locality_curated
Chaliyam Bhava,KOZHIKODE,Kerala,11.245068,75.788483,locality_curated
Kanaganapalle,NARASARAOPET,Andhra Pradesh,16.229595,80.033519,locality_curated
Enikepadu,NARASARAOPET,Andhra Pradesh,16.21702,80.021918,locality_curated
Government Middle,BARAMULLAH,Jammu And Kashmir,,,locality_curated
ERATHU SREEMADANNADA,ATTINGAL,Kerala,8.699939,76.829365,locality_curated
Kushleswar,BHADRAK(SC),Odisha,21.067153,86.517405,locality_curated
ALTHARAKALARI,ATTINGAL,Kerala,8.693251,76.844905,locality_curated
ARIVARIKUZHI NELLADAPARA BHAGAVATHY,ATTINGAL,Kerala,8.663295,76.812057,locality_curated
Shiva,BHADRAK(SC),Odisha,21.067495,86.500758,locality_curated
CHERNNAMANGALAM SIVA,ATTINGAL,Kerala,8.709488,76.834226,locality_curated
Baladev Jew,BHADRAK(SC),Odisha,21.070683,86.497488,locality_curated
Khedei,BHADRAK(SC),Odisha,21.049152,86.532799,locality_curated
VELLALLOOR SIVA,ATTINGAL,Kerala,8.680197,76.79416,locality_curated
Kalimukhi,BHADRAK(SC),Odisha,21.031697,86.482637,locality_curated
Basudev,BHADRAK(SC),Odisha,21.040317,86.506224,locality_curated
NELLIKUNNU SREEMADAN NADA,ATTINGAL,Kerala,8.706376,76.827329,locality_curated
Muni,BHADRAK(SC),Odisha,21.058458,86.479307,locality_curated
ADIYOOR SIVA,ATTINGAL,Kerala,8.685076,76.83354,locality_curated
Balipatana,BHADRAK(SC),Odisha,21.029324,86.508591,locality_curated
PARAKULAM SREE BHAGAVATHY,ATTINGAL,Kerala,8.678596,76.837929,locality_curated
PULLUVILAKAM DEVI,ATTINGAL,Kerala,8.700588,76.83252,locality_curated
THRIKKESAVAPURAM SREEKRISHNASWAMY,ATTINGAL,Kerala,8.711956,76.79674,locality_curated
MUDAKKAL AMINTHURATHU DEVI,ATTINGAL,Kerala,8.690869,76.793357,locality_curated
VALIYAKATTAKAL PULIYARAKAVU DEVI,ATTINGAL,Kerala,8.687041,76.837747,locality_curated
DEEPA,ATTINGAL,Kerala,8.676265,76.83007,locality_curated
Velamapeta in Jalipudi,ELURU,Andhra Pradesh,16.73261,81.08864,locality_curated
High,DHENKANAL,Odisha,20.669518,85.582826,locality_curated
Pavaiya,BANDA,Uttar Pradesh,25.489643,80.30991,locality_curated
Kunjal,BANDA,Uttar Pradesh,25.493703,80.358549,locality_curated
Lamehata,BANDA,Uttar Pradesh,25.491559,80.34113,locality_curated
Mallayagudem Grama,ELURU,Andhra Pradesh,16.706107,81.077301,locality_curated
Pulaparru,ELURU,Andhra Pradesh,16.699063,81.077186,locality_curated
Newada,BALLIA,Uttar Pradesh,25.767605,84.149718,locality_curated
Mukhy gawad,NAGAUR,Rajasthan,27.217588,73.75959,locality_curated
Lumlang,SHILLONG,Meghalaya,25.565879,91.904491,locality_curated
Maheshpur,BALLIA,Uttar Pradesh,25.776839,84.157088,locality_curated
Maura,BALLIA,Uttar Pradesh,25.747532,84.171653,locality_curated
Baraura,BALLIA,Uttar Pradesh,25.761577,84.179035,locality_curated
Machti,BALLIA,Uttar Pradesh,25.778435,84.141246,locality_curated
Kakkalur,TIRUVALLUR(SC),Tamil Nadu,13.166366,79.919986,locality_curated
doddakadanur,HASSAN,Karnataka,13.023376,76.099809,locality_curated
chikkagenigere,HASSAN,Karnataka,13.025992,76.097646,locality_curated
Pedakondayapalem,NARASARAOPET,Andhra Pradesh,16.246734,80.023184,locality_curated
Hangarga,NANDED,Maharashtra,19.167665,77.321543,locality_curated
Office,NANDED,Maharashtra,19.161607,77.334117,locality_curated
Chauhanpur,MAINPURI,Uttar Pradesh,27.21206,79.032651,locality_curated
Audany,MAINPURI,Uttar Pradesh,27.244484,79.001489,locality_curated
Bhawani,MAINPURI,Uttar Pradesh,27.212823,79.007423,locality_curated
Dwarikapur,MAINPURI,Uttar Pradesh,27.218656,79.035811,locality_curated
Rui,MAINPURI,Uttar Pradesh,27.209294,79.007074,locality_curated
Vikkapur,MAINPURI,Uttar Pradesh,27.254225,78.990632,locality_curated
Ratanpura,MAINPURI,Uttar Pradesh,27.22385,79.0293,locality_curated
Mainpuri Nagar,MAINPURI,Uttar Pradesh,27.218599,79.0103,locality_curated
Manuna,MAINPURI,Uttar Pradesh,27.246544,78.99852,locality_curated
Sahasarpur,MAINPURI,Uttar Pradesh,27.219993,78.98903,locality_curated
Salewada,BALAGHAT,Madhya Pradesh,21.802177,80.200042,locality_curated
Mhasala Nagar,RAIGAD,Maharashtra,18.503183,73.208951,locality_curated
Salave,RAIGAD,Maharashtra,18.532418,73.160991,locality_curated
Bhale,RAIGAD,Maharashtra,18.50727,73.202437,locality_curated
Kurru Jaravan,MAINPURI,Uttar Pradesh,27.224118,79.001776,locality_curated
Kachpur,MAINPURI,Uttar Pradesh,27.24062,78.996649,locality_curated
Govindpur,MAINPURI,Uttar Pradesh,27.215574,79.036976,locality_curated
Nihalpur,MAINPURI,Uttar Pradesh,27.223828,79.047291,locality_curated
Phalshet,RAIGAD,Maharashtra,18.515987,73.208776,locality_curated
Chinnamanthur,HINDUPUR,Andhra Pradesh,13.850216,77.507886,locality_curated
Kakadshet,RAIGAD,Maharashtra,18.509146,73.200236,locality_curated
Paygumbar,BALLIA,Uttar Pradesh,25.768637,84.141051,locality_curated
Shivangaon,AMRAVATI(SC),Maharashtra,20.929431,77.729898,locality_curated
Millath,KRISHNAGIRI,Tamil Nadu,12.503636,78.234042,locality_curated
Pahari,CHATRA,Jharkhand,24.192654,84.854059,locality_curated
Burhwal,CHATRA,Jharkhand,24.20117,84.844255,locality_curated
tak,CHATRA,Jharkhand,24.20414,84.856714,locality_curated
Khap,CHATRA,Jharkhand,24.208514,84.898576,locality_curated
Mathira Peedika Devi,KOLLAM,Kerala,8.892195,76.599546,locality_curated
nellimandapalli Madiga Wada,CHITTOOR,Andhra Pradesh,13.206342,79.118362,locality_curated
Kondurupalem,NELLORE(SC),Andhra Pradesh,14.41915,79.977686,locality_curated
Rai jiu,TAMLUK,West Bengal,22.275711,87.926778,locality_curated
Betkalya Primary,TAMLUK,West Bengal,22.264829,87.922899,locality_curated
Mohan Maity,TAMLUK,West Bengal,22.292359,87.944273,locality_curated
Pedagarlapadu,NARASARAOPET,Andhra Pradesh,16.250596,80.049193,locality_curated
Sankarapuram,NARASARAOPET,Andhra Pradesh,16.262323,80.054804,locality_curated
Chinakondayapalem,NARASARAOPET,Andhra Pradesh,16.253762,80.065608,locality_curated
Pillutla,NARASARAOPET,Andhra Pradesh,16.260612,80.055433,locality_curated
Agraharam,NARASARAOPET,Andhra Pradesh,16.220255,80.045223,locality_curated
Thummalacheruvu,NARASARAOPET,Andhra Pradesh,16.22028,80.049621,locality_curated
Veerapuram,NARASARAOPET,Andhra Pradesh,16.218942,80.073231,locality_curated
Janapadu,NARASARAOPET,Andhra Pradesh,16.24525,80.029619,locality_curated
Panditivaripalem,NARASARAOPET,Andhra Pradesh,16.229999,80.080471,locality_curated
Camp,NARASARAOPET,Andhra Pradesh,16.224058,80.071476,locality_curated
Karalapadu,NARASARAOPET,Andhra Pradesh,16.225391,80.077156,locality_curated
Cherlagudipadu,NARASARAOPET,Andhra Pradesh,16.227756,80.035223,locality_curated
Pulipadu,NARASARAOPET,Andhra Pradesh,16.26139,80.03833,locality_curated
Daida,NARASARAOPET,Andhra Pradesh,16.253547,80.029241,locality_curated
Madugula,NARASARAOPET,Andhra Pradesh,16.231843,80.030388,locality_curated
Thallapalle,NARASARAOPET,Andhra Pradesh,16.219402,80.058296,locality_curated
Kothuru,NARASARAOPET,Andhra Pradesh,16.260047,80.031843,locality_curated
Thanda,NARASARAOPET,Andhra Pradesh,16.260374,80.038716,locality_curated
Bramhanandapuram,NARASARAOPET,Andhra Pradesh,16.246267,80.026114,locality_curated
Karempudi,NARASARAOPET,Andhra Pradesh,16.240981,80.027183,locality_curated
Nidanmpadu,NARASARAOPET,Andhra Pradesh,16.225623,80.03356,locality_curated
Terala,NARASARAOPET,Andhra Pradesh,16.216881,80.059937,locality_curated
Guttikonda,NARASARAOPET,Andhra Pradesh,16.221352,80.053243,locality_curated
Konanki,NARASARAOPET,Andhra Pradesh,16.218082,80.034426,locality_curated
Davupalli,NARASARAOPET,Andhra Pradesh,16.247522,80.039657,locality_curated
Goli,NARASARAOPET,Andhra Pradesh,16.241115,80.063822,locality_curated
Jettipalem,NARASARAOPET,Andhra Pradesh,16.211181,80.028395,locality_curated
MEVARKAL SREEKURUVILA SREEKANDESWARA,ATTINGAL,Kerala,8.68266,76.800328,locality_curated
VANCHIYOOR SREE MAHADEVA,ATTINGAL,Kerala,8.699724,76.833208,locality_curated
PERIGHATTU MAHA VISHNU,ATTINGAL,Kerala,8.681175,76.79661,locality_curated
SANTHIMADAM SIVA,ATTINGAL,Kerala,8.668448,76.832306,locality_curated
GANDHI,ATTINGAL,Kerala,8.695814,76.78593,locality_curated
IDAVILAKAM,ATTINGAL,Kerala,8.683766,76.842933,locality_curated
PARUTHIPALLI HIGHER SECONDARY,ATTINGAL,Kerala,8.701564,76.801136,locality_curated
Prempara,JUNAGADH,Gujarat,21.509157,70.446135,locality_curated
Bhuvatimbi,JUNAGADH,Gujarat,21.530714,70.444332,locality_curated
limits,SHIMOGA,Karnataka,13.938633,75.58095,locality_curated
Mavinakere Gram,SHIMOGA,Karnataka,13.933578,75.537237,locality_curated
Guru,PATIALA,Punjab,30.356813,76.370937,locality_curated
Singh,PATIALA,Punjab,30.314609,76.38537,locality_curated
KORSAR,SIDHI,Madhya Pradesh,24.431557,81.853643,locality_curated
SUJANPUR,DAMOH,Madhya Pradesh,23.847637,79.419223,locality_curated
GADA,SIDHI,Madhya Pradesh,24.423921,81.845325,locality_curated
NAUDHIYA,SIDHI,Madhya Pradesh,24.437765,81.860754,locality_curated
BHAGOHAR,SIDHI,Madhya Pradesh,24.40176,81.889482,locality_curated
GODAHI,SIDHI,Madhya Pradesh,24.430107,81.901331,locality_curated
MADWA,SIDHI,Madhya Pradesh,24.410722,81.845949,locality_curated
BAGHAU,SIDHI,Madhya Pradesh,24.392875,81.889991,locality_curated
PADAINIYA,SIDHI,Madhya Pradesh,24.434043,81.902805,locality_curated
CHOPRA,DAMOH,Madhya Pradesh,23.812634,79.454306,locality_curated
TENDUHA,SIDHI,Madhya Pradesh,24.429431,81.881088,locality_curated
JANKPUR,DAMOH,Madhya Pradesh,23.815677,79.451723,locality_curated
PADHARIYA,DAMOH,Madhya Pradesh,23.838397,79.46812,locality_curated
Agraharam,ERODE,Tamil Nadu,11.334098,77.743471,locality_curated
Hire mural,BIJAPUR(SC),Karnataka,16.852491,75.729542,locality_curated
Shivalayam,MALKAJGIRI,Telangana,17.488823,78.516995,locality_curated
Manauta,ETAH,Uttar Pradesh,27.544549,78.635618,locality_curated
Goraha,ETAH,Uttar Pradesh,27.567352,78.673279,locality_curated
Bakner,ETAH,Uttar Pradesh,27.533464,78.683125,locality_curated
Ikhauna,ETAH,Uttar Pradesh,27.549695,78.695583,locality_curated
Kiloni,ETAH,Uttar Pradesh,27.55945,78.633945,locality_curated
Badhari,ETAH,Uttar Pradesh,27.575732,78.661484,locality_curated
hydernagar,KOPPAL,Karnataka,15.348171,76.132315,locality_curated
Bochanahalli,KOPPAL,Karnataka,15.335731,76.138678,locality_curated
Achalapur,KOPPAL,Karnataka,15.378463,76.147726,locality_curated
Shyampur,ETAH,Uttar Pradesh,27.527258,78.677657,locality_curated
mandir,CHATRA,Jharkhand,24.177781,84.881326,locality_curated
Daheli,ETAH,Uttar Pradesh,27.547406,78.64152,locality_curated
Tajpur,ETAH,Uttar Pradesh,27.570143,78.65929,locality_curated
ENTHIVILA DEVI,ATTINGAL,Kerala,8.687202,76.79904,locality_curated
Neoli,ETAH,Uttar Pradesh,27.567203,78.675374,locality_curated
Garhiya,ETAH,Uttar Pradesh,27.551601,78.693222,locality_curated
Kranti,MUMBAI NORTH WEST,Maharashtra,19.126337,72.861664,locality_curated
VELLANADU SREEBHAGAVATHY,ATTINGAL,Kerala,8.663515,76.831679,locality_curated
Hanuman,MUMBAI NORTH WEST,Maharashtra,19.150075,72.817558,locality_curated
Ram,ETAH,Uttar Pradesh,27.538456,78.667329,locality_curated
ADAMUZHI,ATTINGAL,Kerala,8.698244,76.830812,locality_curated
Jay Bheem,MUMBAI NORTH WEST,Maharashtra,19.128238,72.828861,locality_curated
PONGANADU ALATHUKAVU SUBRAMANIAN,ATTINGAL,Kerala,8.696868,76.789457,locality_curated
OZHUKAPARA SREEDHARMASASTHA,ATTINGAL,Kerala,8.672896,76.808782,locality_curated
Pune,MUMBAI NORTH WEST,Maharashtra,19.124404,72.846872,locality_curated
Chichinda High,BARGARH,Odisha,21.203289,83.569055,locality_curated
Sarsawan,ETAH,Uttar Pradesh,27.567132,78.682081,locality_curated
Wazeerpur,ETAH,Uttar Pradesh,27.558375,78.640455,locality_curated
Sherpur,ETAH,Uttar Pradesh,27.57188,78.669547,locality_curated
Baddupura,ETAH,Uttar Pradesh,27.543024,78.687585,locality_curated
Myaun,ETAH,Uttar Pradesh,27.566267,78.651189,locality_curated
Myauni,ETAH,Uttar Pradesh,27.574979,78.673677,locality_curated
Alipur,ETAH,Uttar Pradesh,27.56255,78.697496,locality_curated
Sanauri,ETAH,Uttar Pradesh,27.539351,78.682153,locality_curated
Veenpur,ETAH,Uttar Pradesh,27.566144,78.693019,locality_curated
Saidpur,ETAH,Uttar Pradesh,27.566153,78.65176,locality_curated
Shahpur,ETAH,Uttar Pradesh,27.574171,78.689745,locality_curated
Bijaura,ETAH,Uttar Pradesh,27.540606,78.669178,locality_curated
Rameswara,JAJPUR(SC),Odisha,20.862086,86.345981,locality_curated
Basupura,ETAH,Uttar Pradesh,27.563823,78.693788,locality_curated
Shyam,ETAH,Uttar Pradesh,27.534784,78.669823,locality_curated
Nuniya,Shri Vivek K. Tankha (2022-28) (2022-2028),Madhya Pradesh,,,locality_curated
Nagna,Shri Vivek K. Tankha (2022-28) (2022-2028),Madhya Pradesh,,,locality_curated
Imalia,Shri Vivek K. Tankha (2022-28) (2022-2028),Madhya Pradesh,,,locality_curated
Richhai,Shri Vivek K. Tankha (2022-28) (2022-2028),Madhya Pradesh,,,locality_curated
Saray Chhola,Shri Vivek K. Tankha (2022-28) (2022-2028),Madhya Pradesh,,,locality_curated
Pipariya,Shri Vivek K. Tankha (2022-28) (2022-2028),Madhya Pradesh,,,locality_curated
Jhot,Shri Vivek K. Tankha (2022-28) (2022-2028),Madhya Pradesh,,,locality_curated
Gram evam,Shri Vivek K. Tankha (2022-28) (2022-2028),Madhya Pradesh,,,locality_curated
Sagda,Shri Vivek K. Tankha (2022-28) (2022-2028),Madhya Pradesh,,,locality_curated
Saliwada,Shri Vivek K. Tankha (2022-28) (2022-2028),Madhya Pradesh,,,locality_curated
Bargi,Shri Vivek K. Tankha (2022-28) (2022-2028),Madhya Pradesh,,,locality_curated
Manegaon,Shri Vivek K. Tankha (2022-28) (2022-2028),Madhya Pradesh,,,locality_curated
Gunj,Shri Vivek K. Tankha (2022-28) (2022-2028),Madhya Pradesh,,,locality_curated
gram,Shri Vivek K. Tankha (2022-28) (2022-2028),Madhya Pradesh,,,locality_curated
Hirdi,Shri Vivek K. Tankha (2022-28) (2022-2028),Madhya Pradesh,,,locality_curated
Kadiyar,Shri Vivek K. Tankha (2022-28) (2022-2028),Madhya Pradesh,,,locality_curated
Padariya,Shri Vivek K. Tankha (2022-28) (2022-2028),Madhya Pradesh,,,locality_curated
Banganwa,Shri Aditya Prasad (2022-28) (2022-2028),Jharkhand,,,locality_curated
Sosai,Shri Aditya Prasad (2022-28) (2022-2028),Jharkhand,,,locality_curated
Hochar,Shri Aditya Prasad (2022-28) (2022-2028),Jharkhand,,,locality_curated
Patgain,Shri Aditya Prasad (2022-28) (2022-2028),Jharkhand,,,locality_curated
Toli,Shri Aditya Prasad (2022-28) (2022-2028),Jharkhand,,,locality_curated
Tilta Chowk Ganpati,Shri Aditya Prasad (2022-28) (2022-2028),Jharkhand,,,locality_curated
Gagari,Shri Aditya Prasad (2022-28) (2022-2028),Jharkhand,,,locality_curated
Lupung,Shri Aditya Prasad (2022-28) (2022-2028),Jharkhand,,,locality_curated
Vrindavan,Shri Aditya Prasad (2022-28) (2022-2028),Jharkhand,,,locality_curated
Tilta,Shri Aditya Prasad (2022-28) (2022-2028),Jharkhand,,,locality_curated
Marwa,Shri Aditya Prasad (2022-28) (2022-2028),Jharkhand,,,locality_curated
patgain,Shri Aditya Prasad (2022-28) (2022-2028),Jharkhand,,,locality_curated
babro,Shri Aditya Prasad (2022-28) (2022-2028),Jharkhand,,,locality_curated
palu,Shri Aditya Prasad (2022-28) (2022-2028),Jharkhand,,,locality_curated
kuchu,Shri Aditya Prasad (2022-28) (2022-2028),Jharkhand,,,locality_curated
pundag,Shri Aditya Prasad (2022-28) (2022-2028),Jharkhand,,,locality_curated
baridih,Shri Aditya Prasad (2022-28) (2022-2028),Jharkhand,,,locality_curated
Saraswati shishu,Shri Aditya Prasad (2022-28) (2022-2028),Jharkhand,,,locality_curated
Par,Shri Vivek K. Tankha (2022-28) (2022-2028),Madhya Pradesh,,,locality_curated
Khapagwari,Shri Vivek K. Tankha (2022-28) (2022-2028),Madhya Pradesh,,,locality_curated
Nanhakheda,Shri Vivek K. Tankha (2022-28) (2022-2028),Madhya Pradesh,,,locality_curated
Mata,Shri Vivek K. Tankha (2022-28) (2022-2028),Madhya Pradesh,,,locality_curated
Tapovan,Smt. Mahua Maji (2022-28) (2022-2028),Jharkhand,,,locality_curated
Hanuman,Smt. Mahua Maji (2022-28) (2022-2028),Jharkhand,,,locality_curated
Little Garden,Smt. Mahua Maji (2022-28) (2022-2028),Jharkhand,,,locality_curated
Bagrod ki,Shri Vivek K. Tankha (2022-28) (2022-2028),Madhya Pradesh,,,locality_curated
Punchhi,Shri Vivek K. Tankha (2022-28) (2022-2028),Madhya Pradesh,,,locality_curated
Ghansaur,Shri Vivek K. Tankha (2022-28) (2022-2028),Madhya Pradesh,,,locality_curated
Beohari,Shri Vivek K. Tankha (2022-28) (2022-2028),Madhya Pradesh,,,locality_curated
tetri,Shri Aditya Prasad (2022-28) (2022-2028),Jharkhand,,,locality_curated
Puliyangudi,Shri R. Dharmar (2022-28) (2022-2028),Tamil Nadu,,,locality_curated
Puliyankudi,Shri R. Dharmar (2022-28) (2022-2028),Tamil Nadu,,,locality_curated
Nallukurichi,Shri R. Dharmar (2022-28) (2022-2028),Tamil Nadu,,,locality_curated
Loorthupuram,Shri R. Dharmar (2022-28) (2022-2028),Tamil Nadu,,,locality_curated
Tarawlli,Shri Vivek K. Tankha (2022-28) (2022-2028),Madhya Pradesh,,,locality_curated
Kolu,Shri Vivek K. Tankha (2022-28) (2022-2028),Madhya Pradesh,,,locality_curated
Mandakasiya,Shri Vivek K. Tankha (2022-28) (2022-2028),Madhya Pradesh,,,locality_curated
pihra purvi,Shri Aditya Prasad (2022-28) (2022-2028),Jharkhand,,,locality_curated
Bank,Shri Vivek K. Tankha (2022-28) (2022-2028),Madhya Pradesh,,,locality_curated
seva,Shri Vivek K. Tankha (2022-28) (2022-2028),Madhya Pradesh,,,locality_curated
Padhawali,Shri Vivek K. Tankha (2022-28) (2022-2028),Madhya Pradesh,,,locality_curated
Dongarpur,Shri Vivek K. Tankha (2022-28) (2022-2028),Madhya Pradesh,,,locality_curated
Gram,Shri Vivek K. Tankha (2022-28) (2022-2028),Madhya Pradesh,,,locality_curated
Ganeshpur,Shri Vivek K. Tankha (2022-28) (2022-2028),Madhya Pradesh,,,locality_curated
Kolwa,Shri Vivek K. Tankha (2022-28) (2022-2028),Madhya Pradesh,,,locality_curated
Lasu,Shri Vivek K. Tankha (2022-28) (2022-2028),Madhya Pradesh,,,locality_curated
Mandela,Shri Vivek K. Tankha (2022-28) (2022-2028),Madhya Pradesh,,,locality_curated
Unchod,Shri Vivek K. Tankha (2022-28) (2022-2028),Madhya Pradesh,,,locality_curated
Khargonkhurd,Shri Vivek K. Tankha (2022-28) (2022-2028),Madhya Pradesh,,,locality_curated
Sarla,Shri Mukul Wasnik (2022-28) (2022-2028),Rajasthan,,,locality_curated
Bhanguli,Shri Mukul Wasnik (2022-28) (2022-2028),Rajasthan,,,locality_curated
Gram,Shri Mukul Wasnik (2022-28) (2022-2028),Rajasthan,,,locality_curated
Ketoo,Shri Mukul Wasnik (2022-28) (2022-2028),Rajasthan,,,locality_curated
Chelak,Shri Mukul Wasnik (2022-28) (2022-2028),Rajasthan,,,locality_curated
Phuliya,Shri Mukul Wasnik (2022-28) (2022-2028),Rajasthan,,,locality_curated
Netawalgarh,Shri Mukul Wasnik (2022-28) (2022-2028),Rajasthan,,,locality_curated
mandal,Shri Mukul Wasnik (2022-28) (2022-2028),Rajasthan,,,locality_curated
Moolana,Shri Mukul Wasnik (2022-28) (2022-2028),Rajasthan,,,locality_curated
Veerapandi,Shri R. Dharmar (2022-28) (2022-2028),Tamil Nadu,,,locality_curated
Dungri,Shri Mukul Wasnik (2022-28) (2022-2028),Rajasthan,,,locality_curated
Lambhua,Smt. Seema Dwivedi (2020-26) (2020-2026),Uttar Pradesh,,,locality_curated
Chettikulam,Shri R. Dharmar (2022-28) (2022-2028),Tamil Nadu,,,locality_curated
veerapandi,Shri R. Dharmar (2022-28) (2022-2028),Tamil Nadu,,,locality_curated
Karuvanur,Shri R. Dharmar (2022-28) (2022-2028),Tamil Nadu,,,locality_curated
Gorda,Shri Mukul Wasnik (2022-28) (2022-2028),Rajasthan,,,locality_curated
Bhamod,Shri Mukul Wasnik (2022-28) (2022-2028),Rajasthan,,,locality_curated
Dasana,Shri Mukul Wasnik (2022-28) (2022-2028),Rajasthan,,,locality_curated
Alankulam,Shri R. Dharmar (2022-28) (2022-2028),Tamil Nadu,,,locality_curated
Thiruchendur,Shri R. Dharmar (2022-28) (2022-2028),Tamil Nadu,,,locality_curated
Urhera,Shri Vivek K. Tankha (2022-28) (2022-2028),Madhya Pradesh,,,locality_curated
Nayagaon,Shri Mukul Wasnik (2022-28) (2022-2028),Rajasthan,,,locality_curated
mtr,Shri Surendra Singh Nagar (2022-28) (2022-2028),Uttar Pradesh,,,locality_curated
mrt,Shri Surendra Singh Nagar (2022-28) (2022-2028),Uttar Pradesh,,,locality_curated
Harijan Basti,Dr. Sikander Kumar (2022-28) (2022-2028),Himachal Pradesh,,,locality_curated
Kumar Ex,Dr. Sikander Kumar (2022-28) (2022-2028),Himachal Pradesh,,,locality_curated
Khadli,Dr. Sikander Kumar (2022-28) (2022-2028),Himachal Pradesh,,,locality_curated
janpad,Shri Vivek K. Tankha (2022-28) (2022-2028),Madhya Pradesh,,,locality_curated
Baba Chauharmal,Shri Shambhu Sharan Patel (2022-28) (2022-2028),Bihar,,,locality_curated
Umarpur,Shri Sant Balbir Singh (2022-28) (2022-2028),Punjab,,,locality_curated
Raj,Shri Satish Chandra Dubey (2022-28) (2022-2028),Bihar,,,locality_curated
Badgaon,Shri Vivek K. Tankha (2022-28) (2022-2028),Madhya Pradesh,,,locality_curated
Mathigatta,Shri Jairam Ramesh (2022-28) (2022-2028),Karnataka,,,locality_curated
Samse,Shri Jairam Ramesh (2022-28) (2022-2028),Karnataka,,,locality_curated
Kanevehalli,Shri Jairam Ramesh (2022-28) (2022-2028),Karnataka,,,locality_curated
Machenhalli,Shri Jairam Ramesh (2022-28) (2022-2028),Karnataka,,,locality_curated
Sugudavani,Shri Jairam Ramesh (2022-28) (2022-2028),Karnataka,,,locality_curated
Menase,Shri Jairam Ramesh (2022-28) (2022-2028),Karnataka,,,locality_curated
kadabagere of Devadana,Shri Jairam Ramesh (2022-28) (2022-2028),Karnataka,,,locality_curated
Kadabagere village Devadana,Shri Jairam Ramesh (2022-28) (2022-2028),Karnataka,,,locality_curated
Bilugola,Shri Jairam Ramesh (2022-28) (2022-2028),Karnataka,,,locality_curated
kadakere of Kesuve,Shri Jairam Ramesh (2022-28) (2022-2028),Karnataka,,,locality_curated
Bilagadhe,Shri Jairam Ramesh (2022-28) (2022-2028),Karnataka,,,locality_curated
GRAM,Shri Naresh Bansal (2020-26) (2020-2026),Uttarakhand,,,locality_curated
sargeya,Shri Aditya Prasad (2022-28) (2022-2028),Jharkhand,,,locality_curated
Imaliya,Shri Vivek K. Tankha (2022-28) (2022-2028),Madhya Pradesh,,,locality_curated
Themi,Shri Vivek K. Tankha (2022-28) (2022-2028),Madhya Pradesh,,,locality_curated
Pahadi,Shri Vivek K. Tankha (2022-28) (2022-2028),Madhya Pradesh,,,locality_curated
Karhaiya,Shri Vivek K. Tankha (2022-28) (2022-2028),Madhya Pradesh,,,locality_curated
Chakpahar,Shri Shambhu Sharan Patel (2022-28) (2022-2028),Bihar,,,locality_curated
Gram,Prof. Ram Gopal Yadav (2020-26) (2020-2026),Uttar Pradesh,,,locality_curated
Kailawara,Shri Vivek K. Tankha (2022-28) (2022-2028),Madhya Pradesh,,,locality_curated
Dithwara,Shri Vivek K. Tankha (2022-28) (2022-2028),Madhya Pradesh,,,locality_curated
Hulki,Shri Vivek K. Tankha (2022-28) (2022-2028),Madhya Pradesh,,,locality_curated
Kaladehi,Shri Vivek K. Tankha (2022-28) (2022-2028),Madhya Pradesh,,,locality_curated
Kusmi,Shri Vivek K. Tankha (2022-28) (2022-2028),Madhya Pradesh,,,locality_curated
Kumhrauli,Dr. Sandeep Kumar Pathak (2022-28) (2022-2028),Punjab,,,locality_curated
Sahi,Smt. Sulata Deo (2022-28) (2022-2028),Odisha,,,locality_curated
Narsinghpur,Smt. Sulata Deo (2022-28) (2022-2028),Odisha,,,locality_curated
Gujjar me,Shri Surendra Singh Nagar (2022-28) (2022-2028),Uttar Pradesh,,,locality_curated
Nagar,Shri Surendra Singh Nagar (2022-28) (2022-2028),Uttar Pradesh,,,locality_curated
Bhajji,Dr. Sikander Kumar (2022-28) (2022-2028),Himachal Pradesh,,,locality_curated
Kherwani,Shri Vivek K. Tankha (2022-28) (2022-2028),Madhya Pradesh,,,locality_curated
Majari,Shri Vivek K. Tankha (2022-28) (2022-2028),Madhya Pradesh,,,locality_curated
Gram v,Shri Vivek K. Tankha (2022-28) (2022-2028),Madhya Pradesh,,,locality_curated
Panchyat MHOW,Dr. Kavita Patidar (2022-28) (2022-2028),Madhya Pradesh,,,locality_curated
Janpad,Shri Vivek K. Tankha (2022-28) (2022-2028),Madhya Pradesh,,,locality_curated
Singhoda,Shri Vivek K. Tankha (2022-28) (2022-2028),Madhya Pradesh,,,locality_curated
Sisgaon,Shri Vivek K. Tankha (2022-28) (2022-2028),Madhya Pradesh,,,locality_curated
Barha,Shri Vivek K. Tankha (2022-28) (2022-2028),Madhya Pradesh,,,locality_curated
Baghuwar,Shri Vivek K. Tankha (2022-28) (2022-2028),Madhya Pradesh,,,locality_curated
Kukurjari,Shri Shambhu Sharan Patel (2022-28) (2022-2028),Bihar,,,locality_curated
Shiv Nagar,Shri Shambhu Sharan Patel (2022-28) (2022-2028),Bihar,,,locality_curated
Ramgarhwa,Shri Shambhu Sharan Patel (2022-28) (2022-2028),Bihar,,,locality_curated
Shrikhandi,Shri Shambhu Sharan Patel (2022-28) (2022-2028),Bihar,,,locality_curated
KAHELIA PUBLIC,Shri Gulam Ali (2022-28) (2022-2028),Jammu And Kashmir,,,locality_curated
Jhojhi,Shri Vivek K. Tankha (2022-28) (2022-2028),Madhya Pradesh,,,locality_curated
DEV NARAYAN MANDIR,Shri Gulam Ali (2022-28) (2022-2028),Jammu And Kashmir,,,locality_curated
Harijan basti,Dr. Kavita Patidar (2022-28) (2022-2028),Madhya Pradesh,,,locality_curated
Gram Chodakhere,Dr. Kavita Patidar (2022-28) (2022-2028),Madhya Pradesh,,,locality_curated
Machla,Dr. Kavita Patidar (2022-28) (2022-2028),Madhya Pradesh,,,locality_curated
Gollahalli,Shri Jaggesh (2022-28) (2022-2028),Karnataka,,,locality_curated
Hesaraghatta Grama,Shri Jaggesh (2022-28) (2022-2028),Karnataka,,,locality_curated
Rajanukunte Grama,Shri Jaggesh (2022-28) (2022-2028),Karnataka,,,locality_curated
Huskuru,Shri Jaggesh (2022-28) (2022-2028),Karnataka,,,locality_curated
Dasanapura,Shri Jaggesh (2022-28) (2022-2028),Karnataka,,,locality_curated
Gopalpura,Shri Jaggesh (2022-28) (2022-2028),Karnataka,,,locality_curated
Rajanukunte,Shri Jaggesh (2022-28) (2022-2028),Karnataka,,,locality_curated
Hurulichikkanahalli Grama,Shri Jaggesh (2022-28) (2022-2028),Karnataka,,,locality_curated
Vellakulam,Shri R. Dharmar (2022-28) (2022-2028),Tamil Nadu,,,locality_curated
Bankers,Shri R. Dharmar (2022-28) (2022-2028),Tamil Nadu,,,locality_curated
Chinnapatti,Shri R. Dharmar (2022-28) (2022-2028),Tamil Nadu,,,locality_curated
Machohalli Grama,Shri Jaggesh (2022-28) (2022-2028),Karnataka,,,locality_curated
Tavarekere,Shri Jaggesh (2022-28) (2022-2028),Karnataka,,,locality_curated
Ramohalli Grama,Shri Jaggesh (2022-28) (2022-2028),Karnataka,,,locality_curated
Tavarekere Grama,Shri Jaggesh (2022-28) (2022-2028),Karnataka,,,locality_curated
Channenahalli Grama,Shri Jaggesh (2022-28) (2022-2028),Karnataka,,,locality_curated
House,Smt. Darshana Singh (2022-28) (2022-2028),Uttar Pradesh,,,locality_curated
Basti,Smt. Darshana Singh (2022-28) (2022-2028),Uttar Pradesh,,,locality_curated
Veronese,Shri S. Selvaganabathy (2021-27) (2021-2027),Puducherry,,,locality_curated
Sankaradoss swamigal,Shri S. Selvaganabathy (2021-27) (2021-2027),Puducherry,,,locality_curated
Rainbow,Shri S. Selvaganabathy (2021-27) (2021-2027),Puducherry,,,locality_curated
PATAM EAST,Shri Khiru Mahto (2022-28) (2022-2028),Bihar,,,locality_curated
DHARHARA DAKCHIN,Shri Khiru Mahto (2022-28) (2022-2028),Bihar,,,locality_curated
MANGARH MAHARNNA,Shri Khiru Mahto (2022-28) (2022-2028),Bihar,,,locality_curated
ITAHRI,Shri Khiru Mahto (2022-28) (2022-2028),Bihar,,,locality_curated
BAKARPUR KATORIYA,Shri Khiru Mahto (2022-28) (2022-2028),Bihar,,,locality_curated
NAUAGARHI NORTH,Shri Khiru Mahto (2022-28) (2022-2028),Bihar,,,locality_curated
TARAPUR DIARA,Shri Khiru Mahto (2022-28) (2022-2028),Bihar,,,locality_curated
NAUGARHI NORTH,Shri Khiru Mahto (2022-28) (2022-2028),Bihar,,,locality_curated
HARINMAR,Shri Khiru Mahto (2022-28) (2022-2028),Bihar,,,locality_curated
KARHARIYA PURBI,Shri Khiru Mahto (2022-28) (2022-2028),Bihar,,,locality_curated
KARHARIYA PASCHIM,Shri Khiru Mahto (2022-28) (2022-2028),Bihar,,,locality_curated
KARHARIA PASCHIM,Shri Khiru Mahto (2022-28) (2022-2028),Bihar,,,locality_curated
CHAWNI,Shri Khiru Mahto (2022-28) (2022-2028),Bihar,,,locality_curated
JHAUA BAHIYAR,Shri Khiru Mahto (2022-28) (2022-2028),Bihar,,,locality_curated
Akbariya,Smt. Mahua Maji (2022-28) (2022-2028),Jharkhand,,,locality_curated
Rajkumar,Dr. Sikander Kumar (2022-28) (2022-2028),Himachal Pradesh,,,locality_curated
Poomangalam,Shri S. Selvaganabathy (2021-27) (2021-2027),Puducherry,,,locality_curated
Durgaji,Shri Hardeep Singh Puri (2020-26) (2020-2026),Uttar Pradesh,,,locality_curated
Rajkali,Shri Hardeep Singh Puri (2020-26) (2020-2026),Uttar Pradesh,,,locality_curated
Shankar ji,Shri Hardeep Singh Puri (2020-26) (2020-2026),Uttar Pradesh,,,locality_curated
Durga,Shri Hardeep Singh Puri (2020-26) (2020-2026),Uttar Pradesh,,,locality_curated
Mitihiniya,Shri Hardeep Singh Puri (2020-26) (2020-2026),Uttar Pradesh,,,locality_curated
Hanuman,Shri Hardeep Singh Puri (2020-26) (2020-2026),Uttar Pradesh,,,locality_curated
Yagyashala,Shri Hardeep Singh Puri (2020-26) (2020-2026),Uttar Pradesh,,,locality_curated
Shiv,Shri Hardeep Singh Puri (2020-26) (2020-2026),Uttar Pradesh,,,locality_curated
Catti,Shri Hardeep Singh Puri (2020-26) (2020-2026),Uttar Pradesh,,,locality_curated
Cat,Shri Hardeep Singh Puri (2020-26) (2020-2026),Uttar Pradesh,,,locality_curated
Cati,Shri Hardeep Singh Puri (2020-26) (2020-2026),Uttar Pradesh,,,locality_curated
Salkhan,Shri Hardeep Singh Puri (2020-26) (2020-2026),Uttar Pradesh,,,locality_curated
Ikdiri,Shri Hardeep Singh Puri (2020-26) (2020-2026),Uttar Pradesh,,,locality_curated
Raspahari,Shri Hardeep Singh Puri (2020-26) (2020-2026),Uttar Pradesh,,,locality_curated
Kudri,Shri Hardeep Singh Puri (2020-26) (2020-2026),Uttar Pradesh,,,locality_curated
Hanuman ji,Shri Hardeep Singh Puri (2020-26) (2020-2026),Uttar Pradesh,,,locality_curated
Hinduari,Shri Hardeep Singh Puri (2020-26) (2020-2026),Uttar Pradesh,,,locality_curated
primary,Shri Hardeep Singh Puri (2020-26) (2020-2026),Uttar Pradesh,,,locality_curated
Baba Shobhnath,Shri Hardeep Singh Puri (2020-26) (2020-2026),Uttar Pradesh,,,locality_curated
village Shehunha Hanuman,Shri Hardeep Singh Puri (2020-26) (2020-2026),Uttar Pradesh,,,locality_curated
Jalkhori,Shri Hardeep Singh Puri (2020-26) (2020-2026),Uttar Pradesh,,,locality_curated
Brahmababa,Shri Hardeep Singh Puri (2020-26) (2020-2026),Uttar Pradesh,,,locality_curated
Panari,Shri Hardeep Singh Puri (2020-26) (2020-2026),Uttar Pradesh,,,locality_curated
arangi,Shri Hardeep Singh Puri (2020-26) (2020-2026),Uttar Pradesh,,,locality_curated
Gram,Shri Hardeep Singh Puri (2020-26) (2020-2026),Uttar Pradesh,,,locality_curated
villi,Shri Hardeep Singh Puri (2020-26) (2020-2026),Uttar Pradesh,,,locality_curated
Robertsganj,Shri Hardeep Singh Puri (2020-26) (2020-2026),Uttar Pradesh,,,locality_curated
Mewarpur,Shri Hardeep Singh Puri (2020-26) (2020-2026),Uttar Pradesh,,,locality_curated
Chhipiya,Shri Hardeep Singh Puri (2020-26) (2020-2026),Uttar Pradesh,,,locality_curated
Barganwa,Shri Hardeep Singh Puri (2020-26) (2020-2026),Uttar Pradesh,,,locality_curated
nand,Shri Hardeep Singh Puri (2020-26) (2020-2026),Uttar Pradesh,,,locality_curated
Maa Chirakutiya Devi,Shri Hardeep Singh Puri (2020-26) (2020-2026),Uttar Pradesh,,,locality_curated
Kudari,Shri Hardeep Singh Puri (2020-26) (2020-2026),Uttar Pradesh,,,locality_curated
Bahuarah,Shri Hardeep Singh Puri (2020-26) (2020-2026),Uttar Pradesh,,,locality_curated
jogel,Shri Hardeep Singh Puri (2020-26) (2020-2026),Uttar Pradesh,,,locality_curated
Sirvit,Shri Hardeep Singh Puri (2020-26) (2020-2026),Uttar Pradesh,,,locality_curated
kuarava,Shri Hardeep Singh Puri (2020-26) (2020-2026),Uttar Pradesh,,,locality_curated
Kuarava,Shri Hardeep Singh Puri (2020-26) (2020-2026),Uttar Pradesh,,,locality_curated
Naudiha,Shri Hardeep Singh Puri (2020-26) (2020-2026),Uttar Pradesh,,,locality_curated
Vivekananda Bal Vidya,Shri Hardeep Singh Puri (2020-26) (2020-2026),Uttar Pradesh,,,locality_curated
Nanganwa,Shri Hardeep Singh Puri (2020-26) (2020-2026),Uttar Pradesh,,,locality_curated
Bharsahi,Shri Hardeep Singh Puri (2020-26) (2020-2026),Uttar Pradesh,,,locality_curated
Teraha,Shri Hardeep Singh Puri (2020-26) (2020-2026),Uttar Pradesh,,,locality_curated
Mahuli,Shri Hardeep Singh Puri (2020-26) (2020-2026),Uttar Pradesh,,,locality_curated
Burar kalan Durga,Shri Hardeep Singh Puri (2020-26) (2020-2026),Uttar Pradesh,,,locality_curated
Bharari,Shri Hardeep Singh Puri (2020-26) (2020-2026),Uttar Pradesh,,,locality_curated
Agori,Shri Hardeep Singh Puri (2020-26) (2020-2026),Uttar Pradesh,,,locality_curated
Jogel,Shri Hardeep Singh Puri (2020-26) (2020-2026),Uttar Pradesh,,,locality_curated
Tapoo,Shri Hardeep Singh Puri (2020-26) (2020-2026),Uttar Pradesh,,,locality_curated
Dhobahi,Shri Hardeep Singh Puri (2020-26) (2020-2026),Uttar Pradesh,,,locality_curated
Shajaur,Shri Hardeep Singh Puri (2020-26) (2020-2026),Uttar Pradesh,,,locality_curated
Ghoraval,Shri Hardeep Singh Puri (2020-26) (2020-2026),Uttar Pradesh,,,locality_curated
Taranwa,Shri Hardeep Singh Puri (2020-26) (2020-2026),Uttar Pradesh,,,locality_curated
Unchidih,Shri Hardeep Singh Puri (2020-26) (2020-2026),Uttar Pradesh,,,locality_curated
Paika,Shri Hardeep Singh Puri (2020-26) (2020-2026),Uttar Pradesh,,,locality_curated
Guradah,Shri Hardeep Singh Puri (2020-26) (2020-2026),Uttar Pradesh,,,locality_curated
Muther,Shri Hardeep Singh Puri (2020-26) (2020-2026),Uttar Pradesh,,,locality_curated
Guradah Gram,Shri Hardeep Singh Puri (2020-26) (2020-2026),Uttar Pradesh,,,locality_curated
Kota,Shri Hardeep Singh Puri (2020-26) (2020-2026),Uttar Pradesh,,,locality_curated
Amauli,Shri Hardeep Singh Puri (2020-26) (2020-2026),Uttar Pradesh,,,locality_curated
Bagahi,Shri Hardeep Singh Puri (2020-26) (2020-2026),Uttar Pradesh,,,locality_curated
Tekuria,Shri Hardeep Singh Puri (2020-26) (2020-2026),Uttar Pradesh,,,locality_curated
Banavasi Seva,Shri Hardeep Singh Puri (2020-26) (2020-2026),Uttar Pradesh,,,locality_curated
Odoli,Shri Hardeep Singh Puri (2020-26) (2020-2026),Uttar Pradesh,,,locality_curated
Khaddeur,Shri Hardeep Singh Puri (2020-26) (2020-2026),Uttar Pradesh,,,locality_curated
Babhaniyaon,Shri Hardeep Singh Puri (2020-26) (2020-2026),Uttar Pradesh,,,locality_curated
Jhakahin,Shri Hardeep Singh Puri (2020-26) (2020-2026),Uttar Pradesh,,,locality_curated
inBudhara,Shri Shambhu Sharan Patel (2022-28) (2022-2028),Bihar,,,locality_curated
Machohalli,Shri Jaggesh (2022-28) (2022-2028),Karnataka,,,locality_curated
karhariya East,Shri Khiru Mahto (2022-28) (2022-2028),Bihar,,,locality_curated
Krishna,Shri S. Selvaganabathy (2021-27) (2021-2027),Puducherry,,,locality_curated
Bhoyara,Shri Vivek K. Tankha (2022-28) (2022-2028),Madhya Pradesh,,,locality_curated
Gurudwara,Shri Hardeep Singh Puri (2020-26) (2020-2026),Uttar Pradesh,,,locality_curated
Khinni,Shri Vivek K. Tankha (2022-28) (2022-2028),Madhya Pradesh,,,locality_curated
SALEMPUR,Prof. Ram Gopal Yadav (2020-26) (2020-2026),Uttar Pradesh,,,locality_curated
PAHARPUR,Prof. Ram Gopal Yadav (2020-26) (2020-2026),Uttar Pradesh,,,locality_curated
Sudhakar,Shri S. Selvaganabathy (2021-27) (2021-2027),Puducherry,,,locality_curated
T Meenakshipuram,Shri Ilaiyaraaja (2022-28) (2022-2028),Tamil Nadu,,,locality_curated
Anadarkottaram,Shri S. Kalyanasundaram (2022-28) (2022-2028),Tamil Nadu,,,locality_curated
Andarkottaram,Shri S. Kalyanasundaram (2022-28) (2022-2028),Tamil Nadu,,,locality_curated
Koovanur,Shri S. Kalyanasundaram (2022-28) (2022-2028),Tamil Nadu,,,locality_curated
Kovanur,Shri S. Kalyanasundaram (2022-28) (2022-2028),Tamil Nadu,,,locality_curated
Ram,Dr. Sikander Kumar (2022-28) (2022-2028),Himachal Pradesh,,,locality_curated
NAGAR,Shri Naresh Bansal (2020-26) (2020-2026),Uttarakhand,,,locality_curated
Bachhoana,Dr. Vikramjit Singh Sahney (2022-28) (2022-2028),Punjab,,,locality_curated
Pattur,Shri R. Girirajan (2022-28) (2022-2028),Tamil Nadu,,,locality_curated
Malayanur,Shri R. Girirajan (2022-28) (2022-2028),Tamil Nadu,,,locality_curated
Panayanthur,Shri R. Girirajan (2022-28) (2022-2028),Tamil Nadu,,,locality_curated
stop Panayanthur,Shri R. Girirajan (2022-28) (2022-2028),Tamil Nadu,,,locality_curated
Meladanur,Shri R. Girirajan (2022-28) (2022-2028),Tamil Nadu,,,locality_curated
Naraiyur,Shri R. Girirajan (2022-28) (2022-2028),Tamil Nadu,,,locality_curated
Kazhuthur,Shri R. Girirajan (2022-28) (2022-2028),Tamil Nadu,,,locality_curated
Ammanur,Shri R. Girirajan (2022-28) (2022-2028),Tamil Nadu,,,locality_curated
Murungai,Shri R. Girirajan (2022-28) (2022-2028),Tamil Nadu,,,locality_curated
Kalathur,Shri R. Girirajan (2022-28) (2022-2028),Tamil Nadu,,,locality_curated
Perumperkandigai,Shri R. Girirajan (2022-28) (2022-2028),Tamil Nadu,,,locality_curated
chetpet town,Shri R. Girirajan (2022-28) (2022-2028),Tamil Nadu,,,locality_curated
Mandal,Shri Pramod Tiwari (2022-28) (2022-2028),Rajasthan,,,locality_curated
Kesura,Dr. Sasmit Patra (2022-28) (2022-2028),Odisha,,,locality_curated
Palaspur,Dr. Sasmit Patra (2022-28) (2022-2028),Odisha,,,locality_curated
Tirukuwela,Shri S. Kalyanasundaram (2022-28) (2022-2028),Tamil Nadu,,,locality_curated
Koppalu,Shri Jairam Ramesh (2022-28) (2022-2028),Karnataka,,,locality_curated
Gopala,Shri Jairam Ramesh (2022-28) (2022-2028),Karnataka,,,locality_curated
Arabala,Shri Jairam Ramesh (2022-28) (2022-2028),Karnataka,,,locality_curated
Baragenahalli,Shri Jairam Ramesh (2022-28) (2022-2028),Karnataka,,,locality_curated
Ukkada,Shri Jairam Ramesh (2022-28) (2022-2028),Karnataka,,,locality_curated
Huigere,Shri Jairam Ramesh (2022-28) (2022-2028),Karnataka,,,locality_curated
MAHADA Gram,Dr. Sasmit Patra (2022-28) (2022-2028),Odisha,,,locality_curated
Rasanga,Dr. Sasmit Patra (2022-28) (2022-2028),Odisha,,,locality_curated
Jagal,Dr. Sasmit Patra (2022-28) (2022-2028),Odisha,,,locality_curated
Gram,Shri Sant Balbir Singh (2022-28) (2022-2028),Punjab,,,locality_curated
nalchha,Dr. Kavita Patidar (2022-28) (2022-2028),Madhya Pradesh,,,locality_curated
bagdi,Dr. Kavita Patidar (2022-28) (2022-2028),Madhya Pradesh,,,locality_curated
talwadaBlock,Dr. Kavita Patidar (2022-28) (2022-2028),Madhya Pradesh,,,locality_curated
Bedwapura,Dr. Kavita Patidar (2022-28) (2022-2028),Madhya Pradesh,,,locality_curated
PUMP inGram,Dr. Kavita Patidar (2022-28) (2022-2028),Madhya Pradesh,,,locality_curated
Khalghat,Dr. Kavita Patidar (2022-28) (2022-2028),Madhya Pradesh,,,locality_curated
Gujri,Dr. Kavita Patidar (2022-28) (2022-2028),Madhya Pradesh,,,locality_curated
Chikatyabad,Dr. Kavita Patidar (2022-28) (2022-2028),Madhya Pradesh,,,locality_curated
Dhapla,Dr. Kavita Patidar (2022-28) (2022-2028),Madhya Pradesh,,,locality_curated
Sundrel,Dr. Kavita Patidar (2022-28) (2022-2028),Madhya Pradesh,,,locality_curated
Asukhedi,Dr. Kavita Patidar (2022-28) (2022-2028),Madhya Pradesh,,,locality_curated
Ghatgara,Dr. Kavita Patidar (2022-28) (2022-2028),Madhya Pradesh,,,locality_curated
Aali,Dr. Kavita Patidar (2022-28) (2022-2028),Madhya Pradesh,,,locality_curated
Village Duriyai,Shri Surendra Singh Nagar (2022-28) (2022-2028),Uttar Pradesh,,,locality_curated
Nagar,Shri Sant Balbir Singh (2022-28) (2022-2028),Punjab,,,locality_curated
ladpura me,Shri Surendra Singh Nagar (2022-28) (2022-2028),Uttar Pradesh,,,locality_curated
Kanothi,Shri Arun Singh (2020-26) (2020-2026),Uttar Pradesh,,,locality_curated
Baidha,Shri Arun Singh (2020-26) (2020-2026),Uttar Pradesh,,,locality_curated
Madhopur,Shri Arun Singh (2020-26) (2020-2026),Uttar Pradesh,,,locality_curated
Gurudev Nagar,Shri Arun Singh (2020-26) (2020-2026),Uttar Pradesh,,,locality_curated
Chanda,Shri Shambhu Sharan Patel (2022-28) (2022-2028),Bihar,,,locality_curated
Khagaur,Shri Shambhu Sharan Patel (2022-28) (2022-2028),Bihar,,,locality_curated
Lauhari,Shri Vivek K. Tankha (2022-28) (2022-2028),Madhya Pradesh,,,locality_curated
KOTI,Shri Naresh Bansal (2020-26) (2020-2026),Uttarakhand,,,locality_curated
Chatahedi,Shri Vivek K. Tankha (2022-28) (2022-2028),Madhya Pradesh,,,locality_curated
Panchadevepad,Shri V. Vijayendra Prasad (2022-28) (2022-2028),Andhra Pradesh,,,locality_curated
PONDHA,Shri Naresh Bansal (2020-26) (2020-2026),Uttarakhand,,,locality_curated
GIC PATEL,Shri Naresh Bansal (2020-26) (2020-2026),Uttarakhand,,,locality_curated
Andha Kapileswar,Dr. Sasmit Patra (2022-28) (2022-2028),Odisha,,,locality_curated
towards,Shri Kapil Sibal (2022-28) (2022-2028),Uttar Pradesh,,,locality_curated
Mynagapally Grama,Shri Sandosh Kumar P (2022-28) (2022-2028),Kerala,,,locality_curated
Vatakkekkara Grama,Shri Sandosh Kumar P (2022-28) (2022-2028),Kerala,,,locality_curated
Madayi Grama,Shri Sandosh Kumar P (2022-28) (2022-2028),Kerala,,,locality_curated
Aralam Grama,Shri Sandosh Kumar P (2022-28) (2022-2028),Kerala,,,locality_curated
Hiran,Shri Vivek K. Tankha (2022-28) (2022-2028),Madhya Pradesh,,,locality_curated
Birha,Shri Vivek K. Tankha (2022-28) (2022-2028),Madhya Pradesh,,,locality_curated
Rajya,Shri Satish Chandra Dubey (2022-28) (2022-2028),Bihar,,,locality_curated
state,Shri Satish Chandra Dubey (2022-28) (2022-2028),Bihar,,,locality_curated
State,Shri Satish Chandra Dubey (2022-28) (2022-2028),Bihar,,,locality_curated
Beranagodu,Shri Jairam Ramesh (2022-28) (2022-2028),Karnataka,,,locality_curated
Jhinjhinyali,Shri Pramod Tiwari (2022-28) (2022-2028),Rajasthan,,,locality_curated
TIKRI,Prof. Ram Gopal Yadav (2020-26) (2020-2026),Uttar Pradesh,,,locality_curated
Nedungudi,Shri P. Chidambaram (2022-28) (2022-2028),Tamil Nadu,,,locality_curated
cremation ground,Shri Pramod Tiwari (2022-28) (2022-2028),Rajasthan,,,locality_curated
Garhbasai,Shri Pramod Tiwari (2022-28) (2022-2028),Rajasthan,,,locality_curated
Patan,Shri Pramod Tiwari (2022-28) (2022-2028),Rajasthan,,,locality_curated
Hrniya,Dr. Kavita Patidar (2022-28) (2022-2028),Madhya Pradesh,,,locality_curated
Ambada,Dr. Kavita Patidar (2022-28) (2022-2028),Madhya Pradesh,,,locality_curated
Rampuriyakadwali,Dr. Kavita Patidar (2022-28) (2022-2028),Madhya Pradesh,,,locality_curated
Pipliya,Dr. Kavita Patidar (2022-28) (2022-2028),Madhya Pradesh,,,locality_curated
rajpura,Dr. Kavita Patidar (2022-28) (2022-2028),Madhya Pradesh,,,locality_curated
Sonway,Dr. Kavita Patidar (2022-28) (2022-2028),Madhya Pradesh,,,locality_curated
Akawi,Dr. Kavita Patidar (2022-28) (2022-2028),Madhya Pradesh,,,locality_curated
Solsinda,Dr. Kavita Patidar (2022-28) (2022-2028),Madhya Pradesh,,,locality_curated
HARIPUR,Shri Naresh Bansal (2020-26) (2020-2026),Uttarakhand,,,locality_curated
JHAJRA,Shri Naresh Bansal (2020-26) (2020-2026),Uttarakhand,,,locality_curated
Barangana,Shri Pramod Tiwari (2022-28) (2022-2028),Rajasthan,,,locality_curated
KHANPUR,Shri Naresh Bansal (2020-26) (2020-2026),Uttarakhand,,,locality_curated
Kottiyoor Grama,Dr. John Brittas (2021-27) (2021-2027),Kerala,,,locality_curated
Naduvil Grama,Dr. John Brittas (2021-27) (2021-2027),Kerala,,,locality_curated
Ayyankunnu Grama,Dr. John Brittas (2021-27) (2021-2027),Kerala,,,locality_curated
Payam Grama,Dr. John Brittas (2021-27) (2021-2027),Kerala,,,locality_curated
Gorda,Shri Pramod Tiwari (2022-28) (2022-2028),Rajasthan,,,locality_curated
Nangal,Shri Pramod Tiwari (2022-28) (2022-2028),Rajasthan,,,locality_curated
URAWAR,Prof. Ram Gopal Yadav (2020-26) (2020-2026),Uttar Pradesh,,,locality_curated
VVP,Shri S. Selvaganabathy (2021-27) (2021-2027),Puducherry,,,locality_curated
Mahatma,Shri S. Selvaganabathy (2021-27) (2021-2027),Puducherry,,,locality_curated
Subbiah,Shri S. Selvaganabathy (2021-27) (2021-2027),Puducherry,,,locality_curated
Nedungadu Commune,Shri S. Selvaganabathy (2021-27) (2021-2027),Puducherry,,,locality_curated
Kottuchery commune,Shri S. Selvaganabathy (2021-27) (2021-2027),Puducherry,,,locality_curated
door via,Shri Neeraj Shekhar (2020-26) (2020-2026),Uttar Pradesh,,,locality_curated
Deora,Shri Vivek K. Tankha (2022-28) (2022-2028),Madhya Pradesh,,,locality_curated
Kalan,Shri Neeraj Shekhar (2020-26) (2020-2026),Uttar Pradesh,,,locality_curated
Basti via,Shri Neeraj Shekhar (2020-26) (2020-2026),Uttar Pradesh,,,locality_curated
Dhinwar,Shri Neeraj Shekhar (2020-26) (2020-2026),Uttar Pradesh,,,locality_curated
SINGOD,Shri Ghanshyam Tiwari (2022-28) (2022-2028),Rajasthan,,,locality_curated
maholi,Shri Vivek K. Tankha (2022-28) (2022-2028),Madhya Pradesh,,,locality_curated
Kalukhedi,Shri Vivek K. Tankha (2022-28) (2022-2028),Madhya Pradesh,,,locality_curated
Ahrolighat,Shri Vivek K. Tankha (2022-28) (2022-2028),Madhya Pradesh,,,locality_curated
Sukha,Shri Vivek K. Tankha (2022-28) (2022-2028),Madhya Pradesh,,,locality_curated
Reddipaddy,Shri K.R.N. Rajeshkumar (2022-28) (2022-2028),Tamil Nadu,,,locality_curated
Pigdamber,Dr. Kavita Patidar (2022-28) (2022-2028),Madhya Pradesh,,,locality_curated
Khurdi,Dr. Kavita Patidar (2022-28) (2022-2028),Madhya Pradesh,,,locality_curated
Niwsai,Shri Vivek K. Tankha (2022-28) (2022-2028),Madhya Pradesh,,,locality_curated
Gadar,Shri Vivek K. Tankha (2022-28) (2022-2028),Madhya Pradesh,,,locality_curated
Ravidass,Shri Sant Balbir Singh (2022-28) (2022-2028),Punjab,,,locality_curated
Chhaprat,Shri Vivek K. Tankha (2022-28) (2022-2028),Madhya Pradesh,,,locality_curated
Jamrech,Dr. Sikander Kumar (2022-28) (2022-2028),Himachal Pradesh,,,locality_curated
Jamiyatul Kuraishi,Smt. Mahua Maji (2022-28) (2022-2028),Jharkhand,,,locality_curated
Saint Marget high,Smt. Mahua Maji (2022-28) (2022-2028),Jharkhand,,,locality_curated
Kanjai,Shri Vivek K. Tankha (2022-28) (2022-2028),Madhya Pradesh,,,locality_curated
Pudhupatti,Shri R. Dharmar (2022-28) (2022-2028),Tamil Nadu,,,locality_curated
Edavetty,Shri Abdul Wahab (2021-27) (2021-2027),Kerala,,,locality_curated
SHYOSINGHPURA,Shri Ghanshyam Tiwari (2022-28) (2022-2028),Rajasthan,,,locality_curated
BHAMOD,Shri Ghanshyam Tiwari (2022-28) (2022-2028),Rajasthan,,,locality_curated
Chhotanagpur Girls,Smt. Mahua Maji (2022-28) (2022-2028),Jharkhand,,,locality_curated
Sureshwar Mahadev,Smt. Mahua Maji (2022-28) (2022-2028),Jharkhand,,,locality_curated
Sant Colmbus,Smt. Mahua Maji (2022-28) (2022-2028),Jharkhand,,,locality_curated
Abapura,Shri Mukul Wasnik (2022-28) (2022-2028),Rajasthan,,,locality_curated
Nawakheda,Shri Mukul Wasnik (2022-28) (2022-2028),Rajasthan,,,locality_curated
Pali,Shri Mukul Wasnik (2022-28) (2022-2028),Rajasthan,,,locality_curated
ALLAHDADPUR,Prof. Ram Gopal Yadav (2020-26) (2020-2026),Uttar Pradesh,,,locality_curated
Krishna,Shri Damodar Rao Divakonda (2022-28) (2022-2028),Telangana,,,locality_curated
Venkateswara swamy,Shri Damodar Rao Divakonda (2022-28) (2022-2028),Telangana,,,locality_curated
KAITHA,Prof. Ram Gopal Yadav (2020-26) (2020-2026),Uttar Pradesh,,,locality_curated
Venkateswara,Shri Damodar Rao Divakonda (2022-28) (2022-2028),Telangana,,,locality_curated
Pochamma,Shri Damodar Rao Divakonda (2022-28) (2022-2028),Telangana,,,locality_curated
Chinnapur,Shri Damodar Rao Divakonda (2022-28) (2022-2028),Telangana,,,locality_curated
Markandeya,Shri Damodar Rao Divakonda (2022-28) (2022-2028),Telangana,,,locality_curated
Sai baba,Shri Damodar Rao Divakonda (2022-28) (2022-2028),Telangana,,,locality_curated
Simariya,Shri Vivek K. Tankha (2022-28) (2022-2028),Madhya Pradesh,,,locality_curated
Neeman,Shri Vivek K. Tankha (2022-28) (2022-2028),Madhya Pradesh,,,locality_curated
Bisankheda,Shri Vivek K. Tankha (2022-28) (2022-2028),Madhya Pradesh,,,locality_curated
kadayalurity,Shri K.R.N. Rajeshkumar (2022-28) (2022-2028),Tamil Nadu,,,locality_curated
Siluvampatty,Shri K.R.N. Rajeshkumar (2022-28) (2022-2028),Tamil Nadu,,,locality_curated
Kothamangalam,Shri K.R.N. Rajeshkumar (2022-28) (2022-2028),Tamil Nadu,,,locality_curated
Mangalapuram,Shri K.R.N. Rajeshkumar (2022-28) (2022-2028),Tamil Nadu,,,locality_curated
villipalayam,Shri K.R.N. Rajeshkumar (2022-28) (2022-2028),Tamil Nadu,,,locality_curated
Damila,Shri Vivek K. Tankha (2022-28) (2022-2028),Madhya Pradesh,,,locality_curated
Ramgarha,Shri Vivek K. Tankha (2022-28) (2022-2028),Madhya Pradesh,,,locality_curated
Bairagi,Shri Vivek K. Tankha (2022-28) (2022-2028),Madhya Pradesh,,,locality_curated
Muhammadpur,Shri Neeraj Shekhar (2020-26) (2020-2026),Uttar Pradesh,,,locality_curated
Pudunilavayal,Shri K.R.N. Rajeshkumar (2022-28) (2022-2028),Tamil Nadu,,,locality_curated
Ondikadi Kalaignar,Shri K.R.N. Rajeshkumar (2022-28) (2022-2028),Tamil Nadu,,,locality_curated
MALHPUR,Shri Javed Ali Khan (2022-28) (2022-2028),Uttar Pradesh,,,locality_curated
kakraul dakshni,Dr. Faiyaz Ahmad (2022-28) (2022-2028),Bihar,,,locality_curated
Athanur Town,Shri K.R.N. Rajeshkumar (2022-28) (2022-2028),Tamil Nadu,,,locality_curated
Tainlo,Shri Manas Ranjan Mangaraj (2022-28) (2022-2028),Odisha,,,locality_curated
Ponmundam,Shri Abdul Wahab (2021-27) (2021-2027),Kerala,,,locality_curated
Thilagar,Shri S. Selvaganabathy (2021-27) (2021-2027),Puducherry,,,locality_curated
Revenue,Shri S. Selvaganabathy (2021-27) (2021-2027),Puducherry,,,locality_curated
Othukkungal,Shri Abdul Wahab (2021-27) (2021-2027),Kerala,,,locality_curated
Agali Grama,Smt. P. T. Usha (2022-28) (2022-2028),Kerala,,,locality_curated
Moorkkanad,Shri Abdul Wahab (2021-27) (2021-2027),Kerala,,,locality_curated
Deshamangalam,Shri Abdul Wahab (2021-27) (2021-2027),Kerala,,,locality_curated
Kizhariyoor,Shri Abdul Wahab (2021-27) (2021-2027),Kerala,,,locality_curated
Kuttipuram,Shri Abdul Wahab (2021-27) (2021-2027),Kerala,,,locality_curated
Makelikanda,Shri Rwngwra Narzary (2022-28) (2022-2028),Assam,,,locality_curated
Khamarpa,Shri Rwngwra Narzary (2022-28) (2022-2028),Assam,,,locality_curated
Dangagaon,Shri Rwngwra Narzary (2022-28) (2022-2028),Assam,,,locality_curated
Dhupguri,Shri Rwngwra Narzary (2022-28) (2022-2028),Assam,,,locality_curated
Chetantola,Shri Rwngwra Narzary (2022-28) (2022-2028),Assam,,,locality_curated
chetantola,Shri Rwngwra Narzary (2022-28) (2022-2028),Assam,,,locality_curated
Raimona,Shri Rwngwra Narzary (2022-28) (2022-2028),Assam,,,locality_curated
Thuripara,Shri Rwngwra Narzary (2022-28) (2022-2028),Assam,,,locality_curated
Palashguri,Shri Rwngwra Narzary (2022-28) (2022-2028),Assam,,,locality_curated
Barimaka,Shri Rwngwra Narzary (2022-28) (2022-2028),Assam,,,locality_curated
Padmapara,Shri Rwngwra Narzary (2022-28) (2022-2028),Assam,,,locality_curated
Dhaligaon,Shri Rwngwra Narzary (2022-28) (2022-2028),Assam,,,locality_curated
Dwimuguri,Shri Rwngwra Narzary (2022-28) (2022-2028),Assam,,,locality_curated
Amlaiguri,Shri Rwngwra Narzary (2022-28) (2022-2028),Assam,,,locality_curated
Chota Amguri,Shri Rwngwra Narzary (2022-28) (2022-2028),Assam,,,locality_curated
Sataibari,Shri Rwngwra Narzary (2022-28) (2022-2028),Assam,,,locality_curated
Laokhata,Shri Rwngwra Narzary (2022-28) (2022-2028),Assam,,,locality_curated
Eruvessi Grama,Dr. John Brittas (2021-27) (2021-2027),Kerala,,,locality_curated
Vazhathope Grama,Dr. John Brittas (2021-27) (2021-2027),Kerala,9.8747128,76.959695,nominatim
Arpookara Grama,Dr. John Brittas (2021-27) (2021-2027),Kerala,,,locality_curated
Ambaji Gram,Shri Babubhai Jesangbhai Desai (2023-29) (2023-2029),Gujarat,,,locality_curated
Archha,Shri Vivek K. Tankha (2022-28) (2022-2028),Madhya Pradesh,,,locality_curated
Chinnoni,Shri Vivek K. Tankha (2022-28) (2022-2028),Madhya Pradesh,,,locality_curated
connecting,Smt. Sumitra Balmik (2022-28) (2022-2028),Madhya Pradesh,,,locality_curated
Cherupuzha Grama,Dr. John Brittas (2021-27) (2021-2027),Kerala,,,locality_curated
Nedumpuram Grama,Dr. John Brittas (2021-27) (2021-2027),Kerala,,,locality_curated
Alakode Grama,Dr. John Brittas (2021-27) (2021-2027),Kerala,,,locality_curated
Kanichar Grama,Dr. John Brittas (2021-27) (2021-2027),Kerala,,,locality_curated
Kottukal,Shri Abdul Wahab (2021-27) (2021-2027),Kerala,,,locality_curated
Chalavara,Shri Abdul Wahab (2021-27) (2021-2027),Kerala,,,locality_curated
Nellaya,Shri Abdul Wahab (2021-27) (2021-2027),Kerala,,,locality_curated
Gram Hinduni,Shri Shambhu Sharan Patel (2022-28) (2022-2028),Bihar,,,locality_curated
rayin panchayat rayin,Smt. Mahua Maji (2022-28) (2022-2028),Jharkhand,,,locality_curated
College Kundhit,Smt. Mahua Maji (2022-28) (2022-2028),Jharkhand,,,locality_curated
Karanpura,Shri Ghanshyam Tiwari (2022-28) (2022-2028),Rajasthan,,,locality_curated
Arepally,Shri Damodar Rao Divakonda (2022-28) (2022-2028),Telangana,,,locality_curated
malamari Lekshamveedu,Shri A. A. Rahim (2022-28) (2022-2028),Kerala,,,locality_curated
MANDIR  SE,Prof. Ram Gopal Yadav (2020-26) (2020-2026),Uttar Pradesh,,,locality_curated
ANWARA,Prof. Ram Gopal Yadav (2020-26) (2020-2026),Uttar Pradesh,,,locality_curated
Thiruvarpp,Shri Abdul Wahab (2021-27) (2021-2027),Kerala,,,locality_curated
Vellavoor,Shri Abdul Wahab (2021-27) (2021-2027),Kerala,,,locality_curated
Koottikkal,Shri Abdul Wahab (2021-27) (2021-2027),Kerala,,,locality_curated
Upgraded Primary,Smt. Mahua Maji (2022-28) (2022-2028),Jharkhand,,,locality_curated
urdu middle,Smt. Mahua Maji (2022-28) (2022-2028),Jharkhand,,,locality_curated
Primary middle,Smt. Mahua Maji (2022-28) (2022-2028),Jharkhand,,,locality_curated
Vipan Girls Middle,Smt. Mahua Maji (2022-28) (2022-2028),Jharkhand,,,locality_curated
SPG Middle,Smt. Mahua Maji (2022-28) (2022-2028),Jharkhand,,,locality_curated
Karharbari  Chaurasi,Smt. Mahua Maji (2022-28) (2022-2028),Jharkhand,,,locality_curated
Alakhpura,Shri Pramod Tiwari (2022-28) (2022-2028),Rajasthan,,,locality_curated
Singarajkhunta,Shri Manas Ranjan Mangaraj (2022-28) (2022-2028),Odisha,,,locality_curated
Mormorsinghapatna,Shri Manas Ranjan Mangaraj (2022-28) (2022-2028),Odisha,,,locality_curated
Vazhikkadavu,Shri Abdul Wahab (2021-27) (2021-2027),Kerala,,,locality_curated
Nandotra,Shri Babubhai Jesangbhai Desai (2023-29) (2023-2029),Gujarat,,,locality_curated
IRC,Shri Manas Ranjan Mangaraj (2022-28) (2022-2028),Odisha,,,locality_curated
Gangondanahalli,Shri Jaggesh (2022-28) (2022-2028),Karnataka,,,locality_curated
Lakkenahalli,Shri Jaggesh (2022-28) (2022-2028),Karnataka,,,locality_curated
Hesaraghatta,Shri Jaggesh (2022-28) (2022-2028),Karnataka,,,locality_curated
Gram,Dr. Sandeep Kumar Pathak (2022-28) (2022-2028),Punjab,,,locality_curated
Gandhithirunallur in Indira,Shri S. Selvaganabathy (2021-27) (2021-2027),Puducherry,,,locality_curated
Kodathur Manavely,Shri S. Selvaganabathy (2021-27) (2021-2027),Puducherry,,,locality_curated
Abbagere,Shri Jaggesh (2022-28) (2022-2028),Karnataka,,,locality_curated
Raily,Shri Shambhu Sharan Patel (2022-28) (2022-2028),Bihar,,,locality_curated
Anadagu,Shri Jaggesh (2022-28) (2022-2028),Karnataka,,,locality_curated
Mayasandra,Shri Jaggesh (2022-28) (2022-2028),Karnataka,,,locality_curated
Soravanahalli,Shri Jaggesh (2022-28) (2022-2028),Karnataka,,,locality_curated
Rohandih,Shri Aditya Prasad (2022-28) (2022-2028),Jharkhand,,,locality_curated
Kukui,Shri Aditya Prasad (2022-28) (2022-2028),Jharkhand,,,locality_curated
Bundu,Shri Aditya Prasad (2022-28) (2022-2028),Jharkhand,,,locality_curated
hochar,Shri Aditya Prasad (2022-28) (2022-2028),Jharkhand,,,locality_curated
Sureshwari,Shri Aditya Prasad (2022-28) (2022-2028),Jharkhand,,,locality_curated
Sukurhuttu,Shri Aditya Prasad (2022-28) (2022-2028),Jharkhand,,,locality_curated
Oyna,Shri Aditya Prasad (2022-28) (2022-2028),Jharkhand,,,locality_curated
Kuchu,Shri Aditya Prasad (2022-28) (2022-2028),Jharkhand,,,locality_curated
Arasande,Shri Aditya Prasad (2022-28) (2022-2028),Jharkhand,,,locality_curated
Mesra East,Shri Aditya Prasad (2022-28) (2022-2028),Jharkhand,,,locality_curated
Turup,Shri Aditya Prasad (2022-28) (2022-2028),Jharkhand,,,locality_curated
Dardag,Shri Aditya Prasad (2022-28) (2022-2028),Jharkhand,,,locality_curated
Anandi,Shri Aditya Prasad (2022-28) (2022-2028),Jharkhand,,,locality_curated
affected village,Dr. Sandeep Kumar Pathak (2022-28) (2022-2028),Punjab,,,locality_curated
Anjaneya Swamy,Shri Damodar Rao Divakonda (2022-28) (2022-2028),Telangana,,,locality_curated
Kovilpappakudi,Shri R. Dharmar (2022-28) (2022-2028),Tamil Nadu,,,locality_curated
Podumbu,Shri R. Dharmar (2022-28) (2022-2028),Tamil Nadu,,,locality_curated
Kallikudi,Shri R. Dharmar (2022-28) (2022-2028),Tamil Nadu,,,locality_curated
Villivakkam CITCO,Shri K.R.N. Rajeshkumar (2022-28) (2022-2028),Tamil Nadu,,,locality_curated
Bhagamandal,Shri Jaggesh (2022-28) (2022-2028),Karnataka,,,locality_curated
Government,Dr. Kalpana Saini (2022-28) (2022-2028),Uttarakhand,,,locality_curated
Gorimedu in Indira,Shri S. Selvaganabathy (2021-27) (2021-2027),Puducherry,,,locality_curated
Siddulapalli,Shri Meda Raghunadha Reddy (2024-30) (2024-2030),Andhra Pradesh,,,locality_curated
Hariharapura,Shri Jaggesh (2022-28) (2022-2028),Karnataka,,,locality_curated
Suro,Shri Pramod Tiwari (2022-28) (2022-2028),Rajasthan,,,locality_curated
Jamila Mata,Shri Harsh Mahajan (2024-30) (2024-2030),Himachal Pradesh,,,locality_curated
Naag,Shri Harsh Mahajan (2024-30) (2024-2030),Himachal Pradesh,,,locality_curated
kandra,Shri Aditya Prasad (2022-28) (2022-2028),Jharkhand,,,locality_curated
Mathur,Shri R. Girirajan (2022-28) (2022-2028),Tamil Nadu,,,locality_curated
Arumbanur,Shri R. Girirajan (2022-28) (2022-2028),Tamil Nadu,,,locality_curated
Karruppayurani,Shri R. Girirajan (2022-28) (2022-2028),Tamil Nadu,,,locality_curated
Karadipatti,Shri R. Girirajan (2022-28) (2022-2028),Tamil Nadu,,,locality_curated
MalligaiVeethi in Karadipatti,Shri R. Girirajan (2022-28) (2022-2028),Tamil Nadu,,,locality_curated
Rajanthaangal,Shri S. Selvaganabathy (2021-27) (2021-2027),Puducherry,,,locality_curated
Manikpur,Shri Shambhu Sharan Patel (2022-28) (2022-2028),Bihar,,,locality_curated
Enadimangalam Grama,Dr. John Brittas (2021-27) (2021-2027),Kerala,,,locality_curated
Mahadeshwarapura,Shri Jaggesh (2022-28) (2022-2028),Karnataka,,,locality_curated
Keezhattur,Shri Abdul Wahab (2021-27) (2021-2027),Kerala,,,locality_curated
Vazhayoor,Shri Abdul Wahab (2021-27) (2021-2027),Kerala,,,locality_curated
Kalpakanchery,Shri Abdul Wahab (2021-27) (2021-2027),Kerala,,,locality_curated
Pulpatta,Shri Abdul Wahab (2021-27) (2021-2027),Kerala,,,locality_curated
Vazhikadavu,Shri Abdul Wahab (2021-27) (2021-2027),Kerala,,,locality_curated
Pothukkal,Shri Abdul Wahab (2021-27) (2021-2027),Kerala,,,locality_curated
Bas,Shri Randeep Singh Surjewala (2022-28) (2022-2028),Rajasthan,,,locality_curated
Kherla,Shri Randeep Singh Surjewala (2022-28) (2022-2028),Rajasthan,,,locality_curated
Maganpura,Shri Randeep Singh Surjewala (2022-28) (2022-2028),Rajasthan,,,locality_curated
krishna,Shri B.L. Verma (2020-26) (2020-2026),Uttar Pradesh,,,locality_curated
Dayal Ki Nangal,Shri Randeep Singh Surjewala (2022-28) (2022-2028),Rajasthan,,,locality_curated
Nangal,Shri Randeep Singh Surjewala (2022-28) (2022-2028),Rajasthan,,,locality_curated
Rateu,Shri Randeep Singh Surjewala (2022-28) (2022-2028),Rajasthan,,,locality_curated
dominated,Dr. Kalpana Saini (2022-28) (2022-2028),Uttarakhand,,,locality_curated
Dapori,Dr. Anil Sukhdeorao Bonde (2022-28) (2022-2028),Maharashtra,,,locality_curated
rawala,Dr. Anil Sukhdeorao Bonde (2022-28) (2022-2028),Maharashtra,,,locality_curated
Rahimapur Rupas,Dr. Bhim Singh (2024-30) (2024-2030),Bihar,,,locality_curated
East Bedna,Dr. Bhim Singh (2024-30) (2024-2030),Bihar,,,locality_curated
Dhanama Mubarakpur,Dr. Bhim Singh (2024-30) (2024-2030),Bihar,,,locality_curated
Modati,Shri Rwngwra Narzary (2022-28) (2022-2028),Assam,,,locality_curated
Bangan Ka Nagla,Shri Randeep Singh Surjewala (2022-28) (2022-2028),Rajasthan,,,locality_curated
Bhatawali,Shri Mukul Wasnik (2022-28) (2022-2028),Rajasthan,,,locality_curated
Jaalwali,Shri Mukul Wasnik (2022-28) (2022-2028),Rajasthan,,,locality_curated
Dayal,Shri Mukul Wasnik (2022-28) (2022-2028),Rajasthan,,,locality_curated
Chochen,Shri Dorjee Tshering Lepcha (2024-30) (2024-2030),Sikkim,,,locality_curated
lapthang,Shri Dorjee Tshering Lepcha (2024-30) (2024-2030),Sikkim,,,locality_curated
gram,Shri Naresh Bansal (2020-26) (2020-2026),Uttarakhand,,,locality_curated
Sodala,Shri Mukul Wasnik (2022-28) (2022-2028),Rajasthan,,,locality_curated
Raidhanu,Shri Mukul Wasnik (2022-28) (2022-2028),Rajasthan,,,locality_curated
Kadambankulam,Shri R. Dharmar (2022-28) (2022-2028),Tamil Nadu,,,locality_curated
Mazaar,Shri Pramod Tiwari (2022-28) (2022-2028),Rajasthan,,,locality_curated
Donekal,Shri Narayanasa K. Bhandage (2024-30) (2024-2030),Karnataka,,,locality_curated
REVENUE,Shri Ghanshyam Tiwari (2022-28) (2022-2028),Rajasthan,,,locality_curated
Karampalli,Shri Meda Raghunadha Reddy (2024-30) (2024-2030),Andhra Pradesh,,,locality_curated
Khitwas,Shri Vivek K. Tankha (2022-28) (2022-2028),Madhya Pradesh,,,locality_curated
Chhena,Shri Vivek K. Tankha (2022-28) (2022-2028),Madhya Pradesh,,,locality_curated
Raipur,Shri Vivek K. Tankha (2022-28) (2022-2028),Madhya Pradesh,,,locality_curated
Garda,Shri Vivek K. Tankha (2022-28) (2022-2028),Madhya Pradesh,,,locality_curated
Equipment,Shri Surendra Singh Nagar (2022-28) (2022-2028),Uttar Pradesh,,,locality_curated
Dulhara,Shri Mukul Wasnik (2022-28) (2022-2028),Rajasthan,,,locality_curated
Mania,Shri Mukul Wasnik (2022-28) (2022-2028),Rajasthan,,,locality_curated
Jasupura,Shri Mukul Wasnik (2022-28) (2022-2028),Rajasthan,,,locality_curated
Dhaudhi,Shri Mukul Wasnik (2022-28) (2022-2028),Rajasthan,,,locality_curated
Samauna,Shri Mukul Wasnik (2022-28) (2022-2028),Rajasthan,,,locality_curated
Dhangawan,Shri Vivek K. Tankha (2022-28) (2022-2028),Madhya Pradesh,,,locality_curated
Padwar,Shri Vivek K. Tankha (2022-28) (2022-2028),Madhya Pradesh,,,locality_curated
Kherli,Shri Mukul Wasnik (2022-28) (2022-2028),Rajasthan,,,locality_curated
Basaikare,Shri Mukul Wasnik (2022-28) (2022-2028),Rajasthan,,,locality_curated
Kaliyasar,Shri Pramod Tiwari (2022-28) (2022-2028),Rajasthan,,,locality_curated
Malsisar,Shri Pramod Tiwari (2022-28) (2022-2028),Rajasthan,,,locality_curated
Path,Shri Harsh Mahajan (2024-30) (2024-2030),Himachal Pradesh,,,locality_curated
Kotapura,Shri Mukul Wasnik (2022-28) (2022-2028),Rajasthan,,,locality_curated
Maniya,Shri Mukul Wasnik (2022-28) (2022-2028),Rajasthan,,,locality_curated
professor,Shri Harbhajan Singh (2022-28) (2022-2028),Punjab,,,locality_curated
Chillapuram,Shri Anil Kumar Yadav Mandadi (2024-30) (2024-2030),Telangana,,,locality_curated
waini,Dr. Dharmshila Gupta (2024-30) (2024-2030),Bihar,,,locality_curated
Dubati,Shri Mukul Wasnik (2022-28) (2022-2028),Rajasthan,,,locality_curated
Hinauta,Shri Mukul Wasnik (2022-28) (2022-2028),Rajasthan,,,locality_curated
Bothpura,Shri Mukul Wasnik (2022-28) (2022-2028),Rajasthan,,,locality_curated
Maniyan,Shri Mukul Wasnik (2022-28) (2022-2028),Rajasthan,,,locality_curated
Lalpur,Shri Mukul Wasnik (2022-28) (2022-2028),Rajasthan,,,locality_curated
Sadapur,Shri Mukul Wasnik (2022-28) (2022-2028),Rajasthan,,,locality_curated
YMCA,Smt. Mahua Maji (2022-28) (2022-2028),Jharkhand,,,locality_curated
LEBB high,Smt. Mahua Maji (2022-28) (2022-2028),Jharkhand,,,locality_curated
bethesada girls middle,Smt. Mahua Maji (2022-28) (2022-2028),Jharkhand,,,locality_curated
Jasoopura,Shri Mukul Wasnik (2022-28) (2022-2028),Rajasthan,,,locality_curated
santaji Jagnade,Dr. Anil Sukhdeorao Bonde (2022-28) (2022-2028),Maharashtra,,,locality_curated
SEMRALA,Dr. Kavita Patidar (2022-28) (2022-2028),Madhya Pradesh,,,locality_curated
SIRLAY,Dr. Kavita Patidar (2022-28) (2022-2028),Madhya Pradesh,,,locality_curated
Chatarpura,Shri Pramod Tiwari (2022-28) (2022-2028),Rajasthan,,,locality_curated
Naya,Shri Pramod Tiwari (2022-28) (2022-2028),Rajasthan,,,locality_curated
Harijan Mohalle,Dr. Kavita Patidar (2022-28) (2022-2028),Madhya Pradesh,,,locality_curated
Madavara,Shri Jaggesh (2022-28) (2022-2028),Karnataka,,,locality_curated
Narayanappana Palya,Shri Jaggesh (2022-28) (2022-2028),Karnataka,,,locality_curated
Kadabagere Grama,Shri Jaggesh (2022-28) (2022-2028),Karnataka,,,locality_curated
Bhatwali,Shri Pramod Tiwari (2022-28) (2022-2028),Rajasthan,,,locality_curated
nagar,Shri Naresh Bansal (2020-26) (2020-2026),Uttarakhand,,,locality_curated
hamirpur,Smt. Geeta alias Chandraprabha (2020-26) (2020-2026),Uttar Pradesh,,,locality_curated
Kikari,Smt. Ranjeet Ranjan (2022-28) (2022-2028),Chhattisgarh,,,locality_curated
Gram,Smt. Ranjeet Ranjan (2022-28) (2022-2028),Chhattisgarh,,,locality_curated
Deradih,Smt. Ranjeet Ranjan (2022-28) (2022-2028),Chhattisgarh,,,locality_curated
Nediyenga,Dr. John Brittas (2021-27) (2021-2027),Kerala,,,locality_curated
Muzhakkunnu Grama,Dr. John Brittas (2021-27) (2021-2027),Kerala,,,locality_curated
Peralam Grama,Dr. John Brittas (2021-27) (2021-2027),Kerala,,,locality_curated
Irimbiliyam Grama,Dr. John Brittas (2021-27) (2021-2027),Kerala,,,locality_curated
Badoda,Shri Mukul Wasnik (2022-28) (2022-2028),Rajasthan,,,locality_curated
Rewagahan,Smt. Ranjeet Ranjan (2022-28) (2022-2028),Chhattisgarh,,,locality_curated
Gunderdehi in Balod,Smt. Ranjeet Ranjan (2022-28) (2022-2028),Chhattisgarh,,,locality_curated
Marri Bangla,Smt. Ranjeet Ranjan (2022-28) (2022-2028),Chhattisgarh,,,locality_curated
Ketukalan,Shri Pramod Tiwari (2022-28) (2022-2028),Rajasthan,,,locality_curated
Vardhana Muwada,Shri Babubhai Jesangbhai Desai (2023-29) (2023-2029),Gujarat,,,locality_curated
Kahipur,Shri Babubhai Jesangbhai Desai (2023-29) (2023-2029),Gujarat,,,locality_curated
Endala,Shri Babubhai Jesangbhai Desai (2023-29) (2023-2029),Gujarat,,,locality_curated
Vishwakarma,Shri Babubhai Jesangbhai Desai (2023-29) (2023-2029),Gujarat,,,locality_curated
Mahakali,Shri Babubhai Jesangbhai Desai (2023-29) (2023-2029),Gujarat,,,locality_curated
Karondia in Gram,Shri Arun Singh (2020-26) (2020-2026),Uttar Pradesh,,,locality_curated
Ram Janaki,Shri Arun Singh (2020-26) (2020-2026),Uttar Pradesh,,,locality_curated
Rehi,Shri Arun Singh (2020-26) (2020-2026),Uttar Pradesh,,,locality_curated
Rajgarhwa,Shri Arun Singh (2020-26) (2020-2026),Uttar Pradesh,,,locality_curated
Chunar,Shri Arun Singh (2020-26) (2020-2026),Uttar Pradesh,,,locality_curated
Gram,Shri Arun Singh (2020-26) (2020-2026),Uttar Pradesh,,,locality_curated
Rampur,Shri Arun Singh (2020-26) (2020-2026),Uttar Pradesh,,,locality_curated
Babura,Shri Arun Singh (2020-26) (2020-2026),Uttar Pradesh,,,locality_curated
Mawai,Shri Arun Singh (2020-26) (2020-2026),Uttar Pradesh,,,locality_curated
Gautam,Shri Chandrakant Damodar Handore (2024-30) (2024-2030),Maharashtra,,,locality_curated
Paramhans,Shri Arun Singh (2020-26) (2020-2026),Uttar Pradesh,,,locality_curated
Sadkari,Shri Mukul Wasnik (2022-28) (2022-2028),Rajasthan,,,locality_curated
Samoochi,Shri Mukul Wasnik (2022-28) (2022-2028),Rajasthan,,,locality_curated
kolobary,Shri Rwngwra Narzary (2022-28) (2022-2028),Assam,,,locality_curated
Arumbanur,Shri S. Kalyanasundaram (2022-28) (2022-2028),Tamil Nadu,,,locality_curated
PALASIYA JANPAD,Dr. Kavita Patidar (2022-28) (2022-2028),Madhya Pradesh,,,locality_curated
Shymthaibary,Shri Rwngwra Narzary (2022-28) (2022-2028),Assam,,,locality_curated
Lalkhapura Makraj,Shri Imran Pratapgarhi (2022-28) (2022-2028),Maharashtra,,,locality_curated
jaspura,Shri Imran Pratapgarhi (2022-28) (2022-2028),Maharashtra,,,locality_curated
Kottiyoor Grama,Shri Sandosh Kumar P (2022-28) (2022-2028),Kerala,,,locality_curated
Venkateshwara,Shri Damodar Rao Divakonda (2022-28) (2022-2028),Telangana,,,locality_curated
Naguldevpalli,Shri Damodar Rao Divakonda (2022-28) (2022-2028),Telangana,,,locality_curated
Prakash,Shri Meda Raghunadha Reddy (2024-30) (2024-2030),Andhra Pradesh,,,locality_curated
Kallooppara Grama,Smt. P. T. Usha (2022-28) (2022-2028),Kerala,,,locality_curated
Pinarayi Grama,Shri Sandosh Kumar P (2022-28) (2022-2028),Kerala,11.8102535,75.4947553,nominatim
Padiyur Grama,Shri Sandosh Kumar P (2022-28) (2022-2028),Kerala,,,locality_curated
Samarbar,Smt. Ranjeet Ranjan (2022-28) (2022-2028),Chhattisgarh,,,locality_curated
Votimitta,Shri Meda Raghunadha Reddy (2024-30) (2024-2030),Andhra Pradesh,,,locality_curated
Venkatayapalli,Shri Meda Raghunadha Reddy (2024-30) (2024-2030),Andhra Pradesh,,,locality_curated
Cherlopalli,Shri Meda Raghunadha Reddy (2024-30) (2024-2030),Andhra Pradesh,,,locality_curated
Brahma,Shri Rwngwra Narzary (2022-28) (2022-2028),Assam,,,locality_curated
Jhatiban,Smt. Ranjeet Ranjan (2022-28) (2022-2028),Chhattisgarh,,,locality_curated
Ghat,Smt. Ranjeet Ranjan (2022-28) (2022-2028),Chhattisgarh,,,locality_curated
Siaria,Smt. Sulata Deo (2022-28) (2022-2028),Odisha,,,locality_curated
Sonapur,Shri Imran Pratapgarhi (2022-28) (2022-2028),Maharashtra,,,locality_curated
samarth high,Dr. Anil Sukhdeorao Bonde (2022-28) (2022-2028),Maharashtra,,,locality_curated
Jeora,Smt. Ranjeet Ranjan (2022-28) (2022-2028),Chhattisgarh,,,locality_curated
TULLAPATTI,Dr. Sangeeta Balwant (2024-30) (2024-2030),Uttar Pradesh,,,locality_curated
BHAWANIPUR,Dr. Sangeeta Balwant (2024-30) (2024-2030),Uttar Pradesh,,,locality_curated
MADANPUR,Dr. Sangeeta Balwant (2024-30) (2024-2030),Uttar Pradesh,,,locality_curated
MAKSUDAN,Dr. Sangeeta Balwant (2024-30) (2024-2030),Uttar Pradesh,,,locality_curated
KARANDA,Dr. Sangeeta Balwant (2024-30) (2024-2030),Uttar Pradesh,,,locality_curated
ANKUSHPUR,Dr. Sangeeta Balwant (2024-30) (2024-2030),Uttar Pradesh,,,locality_curated
DINAPUR,Dr. Sangeeta Balwant (2024-30) (2024-2030),Uttar Pradesh,,,locality_curated
CHOCHAKPUR,Dr. Sangeeta Balwant (2024-30) (2024-2030),Uttar Pradesh,,,locality_curated
SABUA,Dr. Sangeeta Balwant (2024-30) (2024-2030),Uttar Pradesh,,,locality_curated
BHARSARA,Dr. Sangeeta Balwant (2024-30) (2024-2030),Uttar Pradesh,,,locality_curated
KATARIYA ME,Dr. Sangeeta Balwant (2024-30) (2024-2030),Uttar Pradesh,,,locality_curated
KHIJIRPUR,Dr. Sangeeta Balwant (2024-30) (2024-2030),Uttar Pradesh,,,locality_curated
HIMARDOPUR,Dr. Sangeeta Balwant (2024-30) (2024-2030),Uttar Pradesh,,,locality_curated
MAHEWA,Dr. Sangeeta Balwant (2024-30) (2024-2030),Uttar Pradesh,,,locality_curated
LAHUWAR,Dr. Sangeeta Balwant (2024-30) (2024-2030),Uttar Pradesh,,,locality_curated
CHITAWAN,Dr. Sangeeta Balwant (2024-30) (2024-2030),Uttar Pradesh,,,locality_curated
SABBALPUR,Dr. Sangeeta Balwant (2024-30) (2024-2030),Uttar Pradesh,,,locality_curated
NARIYAON,Dr. Sangeeta Balwant (2024-30) (2024-2030),Uttar Pradesh,,,locality_curated
DHADHNI,Dr. Sangeeta Balwant (2024-30) (2024-2030),Uttar Pradesh,,,locality_curated
BETABAR,Dr. Sangeeta Balwant (2024-30) (2024-2030),Uttar Pradesh,,,locality_curated
HAMEEDPUR,Dr. Sangeeta Balwant (2024-30) (2024-2030),Uttar Pradesh,,,locality_curated
BHEDPUR,Dr. Sangeeta Balwant (2024-30) (2024-2030),Uttar Pradesh,,,locality_curated
MALSA,Dr. Sangeeta Balwant (2024-30) (2024-2030),Uttar Pradesh,,,locality_curated
SARRAIYAN,Dr. Sangeeta Balwant (2024-30) (2024-2030),Uttar Pradesh,,,locality_curated
SHAHPUR,Dr. Sangeeta Balwant (2024-30) (2024-2030),Uttar Pradesh,,,locality_curated
BARI,Dr. Sangeeta Balwant (2024-30) (2024-2030),Uttar Pradesh,,,locality_curated
SAIDABAD,Dr. Sangeeta Balwant (2024-30) (2024-2030),Uttar Pradesh,,,locality_curated
JIVPUR,Dr. Sangeeta Balwant (2024-30) (2024-2030),Uttar Pradesh,,,locality_curated
GOHDA,Dr. Sangeeta Balwant (2024-30) (2024-2030),Uttar Pradesh,,,locality_curated
DEOKALI,Dr. Sangeeta Balwant (2024-30) (2024-2030),Uttar Pradesh,,,locality_curated
ME NYAY,Dr. Sangeeta Balwant (2024-30) (2024-2030),Uttar Pradesh,,,locality_curated
NAGAR,Dr. Sangeeta Balwant (2024-30) (2024-2030),Uttar Pradesh,,,locality_curated
MUSSALAHPUR,Dr. Sangeeta Balwant (2024-30) (2024-2030),Uttar Pradesh,,,locality_curated
CHAWANPUR,Dr. Sangeeta Balwant (2024-30) (2024-2030),Uttar Pradesh,,,locality_curated
SUKAHA,Dr. Sangeeta Balwant (2024-30) (2024-2030),Uttar Pradesh,,,locality_curated
Shiv,Shri Rwngwra Narzary (2022-28) (2022-2028),Assam,,,locality_curated
Naghar Baghakol,Dr. Bhim Singh (2024-30) (2024-2030),Bihar,,,locality_curated
HRM,Shri Pramod Tiwari (2022-28) (2022-2028),Rajasthan,,,locality_curated
Morand,Shri Vivek K. Tankha (2022-28) (2022-2028),Madhya Pradesh,,,locality_curated
Balni,Shri Vivek K. Tankha (2022-28) (2022-2028),Madhya Pradesh,,,locality_curated
Sikrori,Shri Pramod Tiwari (2022-28) (2022-2028),Rajasthan,,,locality_curated
Somra Durgacharan High,Smt. Mamata Thakur (2024-30) (2024-2030),West Bengal,,,locality_curated
Korkhali Harji,Smt. Mamata Thakur (2024-30) (2024-2030),West Bengal,,,locality_curated
Velugupalli,Shri Meda Raghunadha Reddy (2024-30) (2024-2030),Andhra Pradesh,,,locality_curated
Nekanapuram,Shri Meda Raghunadha Reddy (2024-30) (2024-2030),Andhra Pradesh,,,locality_curated
Palli,Shri Meda Raghunadha Reddy (2024-30) (2024-2030),Andhra Pradesh,,,locality_curated
Mittapalli,Shri Meda Raghunadha Reddy (2024-30) (2024-2030),Andhra Pradesh,,,locality_curated
residence,Shri Chunnilal Garasiya (2024-30) (2024-2030),Rajasthan,,,locality_curated
Ozhur,Shri Abdul Wahab (2021-27) (2021-2027),Kerala,,,locality_curated
Edakkara,Shri Abdul Wahab (2021-27) (2021-2027),Kerala,,,locality_curated
Wandoor,Shri Abdul Wahab (2021-27) (2021-2027),Kerala,,,locality_curated
Pallikkal,Shri Abdul Wahab (2021-27) (2021-2027),Kerala,,,locality_curated
Kalikavu,Shri Abdul Wahab (2021-27) (2021-2027),Kerala,,,locality_curated
Amarambalam,Shri Abdul Wahab (2021-27) (2021-2027),Kerala,,,locality_curated
Pulamanthole,Shri Abdul Wahab (2021-27) (2021-2027),Kerala,,,locality_curated
TOWARDS BASTI,Smt. Sumitra Balmik (2022-28) (2022-2028),Madhya Pradesh,,,locality_curated
Majra,Smt. Sumitra Balmik (2022-28) (2022-2028),Madhya Pradesh,,,locality_curated
Othukku ngal,Shri Abdul Wahab (2021-27) (2021-2027),Kerala,,,locality_curated
Anakayam,Shri Abdul Wahab (2021-27) (2021-2027),Kerala,,,locality_curated
Chaliyar,Shri Abdul Wahab (2021-27) (2021-2027),Kerala,,,locality_curated
Edarikode,Shri Abdul Wahab (2021-27) (2021-2027),Kerala,,,locality_curated
Cheriyamundam,Shri Abdul Wahab (2021-27) (2021-2027),Kerala,,,locality_curated
Angadipuram,Shri Abdul Wahab (2021-27) (2021-2027),Kerala,,,locality_curated
Karulai,Shri Abdul Wahab (2021-27) (2021-2027),Kerala,,,locality_curated
Chemmanad,Shri Abdul Wahab (2021-27) (2021-2027),Kerala,,,locality_curated
Whole,Dr. Ajeet Madhavrao Gopchade (2024-30) (2024-2030),Maharashtra,,,locality_curated
Darwe Bhadaur,Dr. Bhim Singh (2024-30) (2024-2030),Bihar,,,locality_curated
Brammasandra,Shri Jaggesh (2022-28) (2022-2028),Karnataka,,,locality_curated
Mogardham,Shri Babubhai Jesangbhai Desai (2023-29) (2023-2029),Gujarat,,,locality_curated
Bhilvan,Shri Chunnilal Garasiya (2024-30) (2024-2030),Rajasthan,,,locality_curated
Bhairuji,Shri Chunnilal Garasiya (2024-30) (2024-2030),Rajasthan,,,locality_curated
Gaddi Tola,Shri B.L. Verma (2020-26) (2020-2026),Uttar Pradesh,,,locality_curated
Mataji,Shri Chunnilal Garasiya (2024-30) (2024-2030),Rajasthan,,,locality_curated
Kanod,Shri Chunnilal Garasiya (2024-30) (2024-2030),Rajasthan,,,locality_curated
Hallur,Shri Narayanasa K. Bhandage (2024-30) (2024-2030),Karnataka,,,locality_curated
Jhadisa,Shri Mukul Wasnik (2022-28) (2022-2028),Rajasthan,,,locality_curated
Rewai,Shri Mukul Wasnik (2022-28) (2022-2028),Rajasthan,,,locality_curated
Dantia,Shri Mukul Wasnik (2022-28) (2022-2028),Rajasthan,,,locality_curated
Chhokarwara,Shri Mukul Wasnik (2022-28) (2022-2028),Rajasthan,,,locality_curated
Dharanwas,Shri Mukul Wasnik (2022-28) (2022-2028),Rajasthan,,,locality_curated
Bankalsar,Shri Mukul Wasnik (2022-28) (2022-2028),Rajasthan,,,locality_curated
Rupeta,Dr. L. Murugan (2024-30) (2024-2030),Madhya Pradesh,,,locality_curated
Sanjeevi,Shri S. Selvaganabathy (2021-27) (2021-2027),Puducherry,,,locality_curated
Ayancheri,Shri Abdul Wahab (2021-27) (2021-2027),Kerala,,,locality_curated
base opposite,Shri Jayant Chaudhary (2022-28) (2022-2028),Uttar Pradesh,,,locality_curated
Ardhapur Nagar,Shri Ashokrao Shankarrao Chavan (2024-30) (2024-2030),Maharashtra,,,locality_curated
Budhawali,Smt. Sumitra Balmik (2022-28) (2022-2028),Madhya Pradesh,,,locality_curated
Bhimpura,Shri Kapil Sibal (2022-28) (2022-2028),Uttar Pradesh,,,locality_curated
Kumar,Dr. Sikander Kumar (2022-28) (2022-2028),Himachal Pradesh,,,locality_curated
Singh,Dr. Sikander Kumar (2022-28) (2022-2028),Himachal Pradesh,,,locality_curated
Hanuman,Shri Ravi Chandra Vaddiraju (2024-30) (2024-2030),Telangana,,,locality_curated
High,Shri Ravi Chandra Vaddiraju (2024-30) (2024-2030),Telangana,,,locality_curated
Gram,Dr. Sikander Kumar (2022-28) (2022-2028),Himachal Pradesh,,,locality_curated
Atal Basti,Dr. Sikander Kumar (2022-28) (2022-2028),Himachal Pradesh,,,locality_curated
Pulapathuru,Shri Meda Raghunadha Reddy (2024-30) (2024-2030),Andhra Pradesh,,,locality_curated
Tanguturu,Shri Meda Raghunadha Reddy (2024-30) (2024-2030),Andhra Pradesh,,,locality_curated
Puram,Shri Meda Raghunadha Reddy (2024-30) (2024-2030),Andhra Pradesh,,,locality_curated
Adapur,Shri Meda Raghunadha Reddy (2024-30) (2024-2030),Andhra Pradesh,,,locality_curated
Nandalur,Shri Meda Raghunadha Reddy (2024-30) (2024-2030),Andhra Pradesh,,,locality_curated
Aravapalli,Shri Meda Raghunadha Reddy (2024-30) (2024-2030),Andhra Pradesh,,,locality_curated
Patur,Shri Meda Raghunadha Reddy (2024-30) (2024-2030),Andhra Pradesh,,,locality_curated
Sanapur,Shri Rwngwra Narzary (2022-28) (2022-2028),Assam,,,locality_curated
Tangabari,Shri Rwngwra Narzary (2022-28) (2022-2028),Assam,,,locality_curated
Bandwguri,Shri Rwngwra Narzary (2022-28) (2022-2028),Assam,,,locality_curated
Katalguri,Shri Rwngwra Narzary (2022-28) (2022-2028),Assam,,,locality_curated
Nayapara,Shri Rwngwra Narzary (2022-28) (2022-2028),Assam,,,locality_curated
Mustapur,Shri Ashokrao Shankarrao Chavan (2024-30) (2024-2030),Maharashtra,,,locality_curated
AMBA,Dr. Kavita Patidar (2022-28) (2022-2028),Madhya Pradesh,,,locality_curated
Viruna,Shri Babubhai Jesangbhai Desai (2023-29) (2023-2029),Gujarat,,,locality_curated
Pathari,Shri Praful Patel (2024-30) (2024-2030),Maharashtra,,,locality_curated
Athanoor Town,Shri K.R.N. Rajeshkumar (2022-28) (2022-2028),Tamil Nadu,,,locality_curated
Vennandur Town,Shri K.R.N. Rajeshkumar (2022-28) (2022-2028),Tamil Nadu,,,locality_curated
Mohanur Town,Shri K.R.N. Rajeshkumar (2022-28) (2022-2028),Tamil Nadu,,,locality_curated
Seerapalli Town,Shri K.R.N. Rajeshkumar (2022-28) (2022-2028),Tamil Nadu,,,locality_curated
Posukkudi patti,Shri R. Dharmar (2022-28) (2022-2028),Tamil Nadu,,,locality_curated
Soolaipuram,Shri R. Dharmar (2022-28) (2022-2028),Tamil Nadu,,,locality_curated
Mudukulathur Town,Shri R. Dharmar (2022-28) (2022-2028),Tamil Nadu,,,locality_curated
Building,Shri Pramod Tiwari (2022-28) (2022-2028),Rajasthan,,,locality_curated
Sevalal,Shri Ravi Chandra Vaddiraju (2024-30) (2024-2030),Telangana,,,locality_curated
Rathdiya,Smt. Sonia Gandhi (2024-30) (2024-2030),Rajasthan,,,locality_curated
Barangana,Smt. Sonia Gandhi (2024-30) (2024-2030),Rajasthan,,,locality_curated
Kaliyasar,Smt. Sonia Gandhi (2024-30) (2024-2030),Rajasthan,,,locality_curated
Hetamsar,Smt. Sonia Gandhi (2024-30) (2024-2030),Rajasthan,,,locality_curated
Primary,Shri Damodar Rao Divakonda (2022-28) (2022-2028),Telangana,,,locality_curated
Eravennu,Shri Damodar Rao Divakonda (2022-28) (2022-2028),Telangana,,,locality_curated
Gudur,Shri Damodar Rao Divakonda (2022-28) (2022-2028),Telangana,,,locality_curated
Kondapuram,Shri Damodar Rao Divakonda (2022-28) (2022-2028),Telangana,,,locality_curated
Bommera,Shri Damodar Rao Divakonda (2022-28) (2022-2028),Telangana,,,locality_curated
Press,Shri Damodar Rao Divakonda (2022-28) (2022-2028),Telangana,,,locality_curated
yadava,Shri Damodar Rao Divakonda (2022-28) (2022-2028),Telangana,,,locality_curated
Dardepally,Shri Damodar Rao Divakonda (2022-28) (2022-2028),Telangana,,,locality_curated
Rajpal,Dr. Sikander Kumar (2022-28) (2022-2028),Himachal Pradesh,,,locality_curated
Budigajangala,Shri Damodar Rao Divakonda (2022-28) (2022-2028),Telangana,,,locality_curated
Mudiraj,Shri Damodar Rao Divakonda (2022-28) (2022-2028),Telangana,,,locality_curated
Banjeru,Shri Damodar Rao Divakonda (2022-28) (2022-2028),Telangana,,,locality_curated
Rajaka,Shri Damodar Rao Divakonda (2022-28) (2022-2028),Telangana,,,locality_curated
Voddera,Shri Damodar Rao Divakonda (2022-28) (2022-2028),Telangana,,,locality_curated
Mandala Reddy,Shri Damodar Rao Divakonda (2022-28) (2022-2028),Telangana,,,locality_curated
Vishwabrahmana,Shri Damodar Rao Divakonda (2022-28) (2022-2028),Telangana,,,locality_curated
DAULATPURA,Shri Ghanshyam Tiwari (2022-28) (2022-2028),Rajasthan,,,locality_curated
wall,Dr. Sikander Kumar (2022-28) (2022-2028),Himachal Pradesh,,,locality_curated
Vanimal,Shri Abdul Wahab (2021-27) (2021-2027),Kerala,,,locality_curated
Sankara Narayana Moorthy,Smt. P. T. Usha (2022-28) (2022-2028),Kerala,,,locality_curated
office,Shri Babubhai Jesangbhai Desai (2023-29) (2023-2029),Gujarat,,,locality_curated
Chauhan,Shri Amar Pal Maurya (2024-30) (2024-2030),Uttar Pradesh,,,locality_curated
Kolahal,Shri Amar Pal Maurya (2024-30) (2024-2030),Uttar Pradesh,,,locality_curated
Hidayatpur Saidpur,Dr. Bhim Singh (2024-30) (2024-2030),Bihar,,,locality_curated
Kandukur,Shri Anil Kumar Yadav Mandadi (2024-30) (2024-2030),Telangana,,,locality_curated
Lossing primary,Shri Dorjee Tshering Lepcha (2024-30) (2024-2030),Sikkim,,,locality_curated
virtiya,Shri Satish Chandra Dubey (2022-28) (2022-2028),Bihar,,,locality_curated
Dhobi,Shri Vivek K. Tankha (2022-28) (2022-2028),Madhya Pradesh,,,locality_curated
Surtalai,Shri Vivek K. Tankha (2022-28) (2022-2028),Madhya Pradesh,,,locality_curated
BakkaThandain Mamidimada Gram,Shri Damodar Rao Divakonda (2022-28) (2022-2028),Telangana,,,locality_curated
VenkiThanda in Mamidimada,Shri Damodar Rao Divakonda (2022-28) (2022-2028),Telangana,,,locality_curated
Manajipet Gram,Shri Damodar Rao Divakonda (2022-28) (2022-2028),Telangana,,,locality_curated
Thirumalaiapally Gram,Shri Damodar Rao Divakonda (2022-28) (2022-2028),Telangana,,,locality_curated
Cant General,Dr. Ashok Kumar Mittal (2022-28) (2022-2028),Punjab,,,locality_curated
Shapur Gram,Shri Damodar Rao Divakonda (2022-28) (2022-2028),Telangana,,,locality_curated
Mamidimada Gram,Shri Damodar Rao Divakonda (2022-28) (2022-2028),Telangana,,,locality_curated
MeedibaiThandain Mamidimada,Shri Damodar Rao Divakonda (2022-28) (2022-2028),Telangana,,,locality_curated
BakkaThandain Mamidimada,Shri Damodar Rao Divakonda (2022-28) (2022-2028),Telangana,,,locality_curated
Thandain Mamidimada,Shri Damodar Rao Divakonda (2022-28) (2022-2028),Telangana,,,locality_curated
Chilvakodur,Shri Damodar Rao Divakonda (2022-28) (2022-2028),Telangana,,,locality_curated
Nachuni,Shri Manas Ranjan Mangaraj (2022-28) (2022-2028),Odisha,,,locality_curated
Shantidham,Smt. Sumitra Balmik (2022-28) (2022-2028),Madhya Pradesh,,,locality_curated
Sumawali,Smt. Sumitra Balmik (2022-28) (2022-2028),Madhya Pradesh,,,locality_curated
Mata,Smt. Sumitra Balmik (2022-28) (2022-2028),Madhya Pradesh,,,locality_curated
pura,Smt. Sumitra Balmik (2022-28) (2022-2028),Madhya Pradesh,,,locality_curated
Peravoor Grama,Dr. John Brittas (2021-27) (2021-2027),Kerala,,,locality_curated
Narvakatpalli,Shri Meda Raghunadha Reddy (2024-30) (2024-2030),Andhra Pradesh,,,locality_curated
Gundlakunta,Shri Meda Raghunadha Reddy (2024-30) (2024-2030),Andhra Pradesh,,,locality_curated
Kothapalli,Shri Meda Raghunadha Reddy (2024-30) (2024-2030),Andhra Pradesh,,,locality_curated
Kammmeta,Shri Anil Kumar Yadav Mandadi (2024-30) (2024-2030),Telangana,,,locality_curated
Kammeta,Shri Anil Kumar Yadav Mandadi (2024-30) (2024-2030),Telangana,,,locality_curated
Tirumalapur,Shri Anil Kumar Yadav Mandadi (2024-30) (2024-2030),Telangana,,,locality_curated
Rajapur,Dr. Sasmit Patra (2022-28) (2022-2028),Odisha,,,locality_curated
IRC,Dr. Sasmit Patra (2022-28) (2022-2028),Odisha,,,locality_curated
Bangalore North,Shri G.C. Chandrashekhar (2024-30) (2024-2030),Karnataka,,,locality_curated
Dheel Ki Jatan,Shri Randeep Singh Surjewala (2022-28) (2022-2028),Rajasthan,,,locality_curated
painth,Shri Tejveer Singh (2024-30) (2024-2030),Uttar Pradesh,,,locality_curated
towards,Shri Tejveer Singh (2024-30) (2024-2030),Uttar Pradesh,,,locality_curated
bag,Shri Tejveer Singh (2024-30) (2024-2030),Uttar Pradesh,,,locality_curated
ghat,Shri Tejveer Singh (2024-30) (2024-2030),Uttar Pradesh,,,locality_curated
crossing,Shri Tejveer Singh (2024-30) (2024-2030),Uttar Pradesh,,,locality_curated
singh,Shri Tejveer Singh (2024-30) (2024-2030),Uttar Pradesh,,,locality_curated
sarpanch,Shri Tejveer Singh (2024-30) (2024-2030),Uttar Pradesh,,,locality_curated
way,Shri Tejveer Singh (2024-30) (2024-2030),Uttar Pradesh,,,locality_curated
master,Shri Tejveer Singh (2024-30) (2024-2030),Uttar Pradesh,,,locality_curated
hariom,Shri Tejveer Singh (2024-30) (2024-2030),Uttar Pradesh,,,locality_curated
school,Shri Tejveer Singh (2024-30) (2024-2030),Uttar Pradesh,,,locality_curated
madgam,Shri Tejveer Singh (2024-30) (2024-2030),Uttar Pradesh,,,locality_curated
driver,Shri Tejveer Singh (2024-30) (2024-2030),Uttar Pradesh,,,locality_curated
mandir,Shri Tejveer Singh (2024-30) (2024-2030),Uttar Pradesh,,,locality_curated
bazar,Shri Tejveer Singh (2024-30) (2024-2030),Uttar Pradesh,,,locality_curated
pradhan,Shri Tejveer Singh (2024-30) (2024-2030),Uttar Pradesh,,,locality_curated
talab,Shri Tejveer Singh (2024-30) (2024-2030),Uttar Pradesh,,,locality_curated
gopal,Shri Tejveer Singh (2024-30) (2024-2030),Uttar Pradesh,,,locality_curated
mongar,Shri Tejveer Singh (2024-30) (2024-2030),Uttar Pradesh,,,locality_curated
karua,Shri Tejveer Singh (2024-30) (2024-2030),Uttar Pradesh,,,locality_curated
palace,Shri Tejveer Singh (2024-30) (2024-2030),Uttar Pradesh,,,locality_curated
satto,Shri Tejveer Singh (2024-30) (2024-2030),Uttar Pradesh,,,locality_curated
jatav,Shri Tejveer Singh (2024-30) (2024-2030),Uttar Pradesh,,,locality_curated
baba,Shri Tejveer Singh (2024-30) (2024-2030),Uttar Pradesh,,,locality_curated
kohli,Shri Tejveer Singh (2024-30) (2024-2030),Uttar Pradesh,,,locality_curated
Charkani,Shri Chunnilal Garasiya (2024-30) (2024-2030),Rajasthan,,,locality_curated
Bakalsar,Shri Pramod Tiwari (2022-28) (2022-2028),Rajasthan,,,locality_curated
Naya,Shri Vivek K. Tankha (2022-28) (2022-2028),Madhya Pradesh,,,locality_curated
Gobargaon,Shri Vivek K. Tankha (2022-28) (2022-2028),Madhya Pradesh,,,locality_curated
Kosamkheda,Shri Vivek K. Tankha (2022-28) (2022-2028),Madhya Pradesh,,,locality_curated
Sarsal,Shri Vivek K. Tankha (2022-28) (2022-2028),Madhya Pradesh,,,locality_curated
hosahalli,Shri G.C. Chandrashekhar (2024-30) (2024-2030),Karnataka,,,locality_curated
Datta,Shri V. Vijayendra Prasad (2022-28) (2022-2028),Andhra Pradesh,,,locality_curated
BORO MAA,Ms. Dola Sen (2023-29) (2023-2029),West Bengal,,,locality_curated
Santora,Shri Madan Rathore (2024-30) (2024-2030),Rajasthan,,,locality_curated
Nerwa Charnana,Shri Madan Rathore (2024-30) (2024-2030),Rajasthan,,,locality_curated
Ponmala,Shri Abdul Wahab (2021-27) (2021-2027),Kerala,,,locality_curated
Panchasar,Shri Mayankkumar Nayak (2024-30) (2024-2030),Gujarat,,,locality_curated
Prkhand Bisfi,Dr. Faiyaz Ahmad (2022-28) (2022-2028),Bihar,,,locality_curated
persauni Dakshin,Dr. Faiyaz Ahmad (2022-28) (2022-2028),Bihar,,,locality_curated
Mambad Grama,Shri P. P. Suneer (2024-30) (2024-2030),Kerala,,,locality_curated
babhanpura,Shri Khiru Mahto (2022-28) (2022-2028),Bihar,,,locality_curated
Babahnpura,Shri Khiru Mahto (2022-28) (2022-2028),Bihar,,,locality_curated
Peringome Vayakkara,Shri Abdul Wahab (2021-27) (2021-2027),Kerala,,,locality_curated
SANETA,Shri Surendra Singh Nagar (2022-28) (2022-2028),Uttar Pradesh,,,locality_curated
Panappuzha,Shri Abdul Wahab (2021-27) (2021-2027),Kerala,,,locality_curated
Shukla,Dr. Sikander Kumar (2022-28) (2022-2028),Himachal Pradesh,,,locality_curated
Chand,Dr. Sikander Kumar (2022-28) (2022-2028),Himachal Pradesh,,,locality_curated
barapathing Sec,Shri Dorjee Tshering Lepcha (2024-30) (2024-2030),Sikkim,,,locality_curated
Dalapchand Sec,Shri Dorjee Tshering Lepcha (2024-30) (2024-2030),Sikkim,,,locality_curated
Laksham Veedu,Shri Jose K. Mani (2024-30) (2024-2030),Kerala,,,locality_curated
Rampur,Smt. Sumitra Balmik (2022-28) (2022-2028),Madhya Pradesh,,,locality_curated
Chamroli,Smt. Sumitra Balmik (2022-28) (2022-2028),Madhya Pradesh,,,locality_curated
Mewli,Smt. Sumitra Balmik (2022-28) (2022-2028),Madhya Pradesh,,,locality_curated
Laxmanpura,Smt. Sumitra Balmik (2022-28) (2022-2028),Madhya Pradesh,,,locality_curated
Kutabpur,Shri Randeep Singh Surjewala (2022-28) (2022-2028),Rajasthan,,,locality_curated
Keorak,Shri Randeep Singh Surjewala (2022-28) (2022-2028),Rajasthan,,,locality_curated
Serta,Shri Randeep Singh Surjewala (2022-28) (2022-2028),Rajasthan,,,locality_curated
Naina,Shri Randeep Singh Surjewala (2022-28) (2022-2028),Rajasthan,,,locality_curated
revenue,Shri S. Selvaganabathy (2021-27) (2021-2027),Puducherry,,,locality_curated
Sherpura,Shri Randeep Singh Surjewala (2022-28) (2022-2028),Rajasthan,,,locality_curated
Agraharam,Shri Yerram Venkata Subba Reddy (2024-30) (2024-2030),Andhra Pradesh,,,locality_curated
Neelakantapuram,Shri Golla Baburao (2024-30) (2024-2030),Andhra Pradesh,,,locality_curated
Kothagudem,Shri Yerram Venkata Subba Reddy (2024-30) (2024-2030),Andhra Pradesh,,,locality_curated
Badava,Shri Yerram Venkata Subba Reddy (2024-30) (2024-2030),Andhra Pradesh,,,locality_curated
Pulluru,Shri Yerram Venkata Subba Reddy (2024-30) (2024-2030),Andhra Pradesh,,,locality_curated
Majority,Dr. Kalpana Saini (2022-28) (2022-2028),Uttarakhand,,,locality_curated
Kodeyala,Shri Jaggesh (2022-28) (2022-2028),Karnataka,,,locality_curated
Caste dominated,Dr. Kalpana Saini (2022-28) (2022-2028),Uttarakhand,,,locality_curated
Government Ayurvedic,Dr. Kalpana Saini (2022-28) (2022-2028),Uttarakhand,,,locality_curated
Sirta Village,Shri G.C. Chandrashekhar (2024-30) (2024-2030),Karnataka,,,locality_curated
Padla,Shri G.C. Chandrashekhar (2024-30) (2024-2030),Karnataka,,,locality_curated
Geong,Shri G.C. Chandrashekhar (2024-30) (2024-2030),Karnataka,,,locality_curated
Yallappanapalya,Shri G.C. Chandrashekhar (2024-30) (2024-2030),Karnataka,,,locality_curated
Kempagondanahalli,Shri G.C. Chandrashekhar (2024-30) (2024-2030),Karnataka,,,locality_curated
Para,Smt. Ranjeet Ranjan (2022-28) (2022-2028),Chhattisgarh,,,locality_curated
Village,Smt. Ranjeet Ranjan (2022-28) (2022-2028),Chhattisgarh,,,locality_curated
Kanichar,Dr. V. Sivadasan (2021-27) (2021-2027),Kerala,,,locality_curated
Sports,Shri G.C. Chandrashekhar (2024-30) (2024-2030),Karnataka,,,locality_curated
Muppaiyur,Shri P. Chidambaram (2022-28) (2022-2028),Tamil Nadu,,,locality_curated
Siruvachi,Shri P. Chidambaram (2022-28) (2022-2028),Tamil Nadu,,,locality_curated
Puliyadithammam,Shri P. Chidambaram (2022-28) (2022-2028),Tamil Nadu,,,locality_curated
Pudur,Shri P. Chidambaram (2022-28) (2022-2028),Tamil Nadu,,,locality_curated
Anaikkaraipatti,Shri P. Chidambaram (2022-28) (2022-2028),Tamil Nadu,,,locality_curated
Iluppaikkudi,Shri P. Chidambaram (2022-28) (2022-2028),Tamil Nadu,,,locality_curated
Sevarakkottai,Shri P. Chidambaram (2022-28) (2022-2028),Tamil Nadu,,,locality_curated
Keelakkandani,Shri P. Chidambaram (2022-28) (2022-2028),Tamil Nadu,,,locality_curated
Vilathur,Shri P. Chidambaram (2022-28) (2022-2028),Tamil Nadu,,,locality_curated
Ladanenthal,Shri P. Chidambaram (2022-28) (2022-2028),Tamil Nadu,,,locality_curated
Perumpacheri,Shri P. Chidambaram (2022-28) (2022-2028),Tamil Nadu,,,locality_curated
Kandalgaon,Shri Sanjay Raut (2022-28) (2022-2028),Maharashtra,,,locality_curated
Ibrahimabad,Shri Kapil Sibal (2022-28) (2022-2028),Uttar Pradesh,,,locality_curated
House,Smt. Sulata Deo (2022-28) (2022-2028),Odisha,,,locality_curated
Gharabari,Smt. Sulata Deo (2022-28) (2022-2028),Odisha,,,locality_curated
Iswarisinghpura,Shri Randeep Singh Surjewala (2022-28) (2022-2028),Rajasthan,,,locality_curated
Dakhinadia,Smt. Sulata Deo (2022-28) (2022-2028),Odisha,,,locality_curated
obayanahatti,Shri G.C. Chandrashekhar (2024-30) (2024-2030),Karnataka,,,locality_curated
village,Shri Satish Chandra Dubey (2022-28) (2022-2028),Bihar,,,locality_curated
Padla,Dr. Syed Naseer Hussain (2024-30) (2024-2030),Karnataka,,,locality_curated
Garh,Shri Ajay Makan (2024-30) (2024-2030),Karnataka,,,locality_curated
Mangarajpur,Dr. Sasmit Patra (2022-28) (2022-2028),Odisha,,,locality_curated
khijri,Shri Aditya Prasad (2022-28) (2022-2028),Jharkhand,,,locality_curated
Naramarajupalli,Shri Meda Raghunadha Reddy (2024-30) (2024-2030),Andhra Pradesh,,,locality_curated
Dabhali,Shri Babubhai Jesangbhai Desai (2023-29) (2023-2029),Gujarat,,,locality_curated
Payipra Grama,Shri Haris Beeran (2024-30) (2024-2030),Kerala,,,locality_curated
Kultaran,Shri Randeep Singh Surjewala (2022-28) (2022-2028),Rajasthan,,,locality_curated
village Hotwasi,Shri Pradip Kumar Varma (2024-30) (2024-2030),Jharkhand,,,locality_curated
Gagi village,Shri Pradip Kumar Varma (2024-30) (2024-2030),Jharkhand,,,locality_curated
Nagar Kathitand,Shri Pradip Kumar Varma (2024-30) (2024-2030),Jharkhand,,,locality_curated
Nagar,Shri Pradip Kumar Varma (2024-30) (2024-2030),Jharkhand,,,locality_curated
Garajanga,Smt. Sulata Deo (2022-28) (2022-2028),Odisha,,,locality_curated
itwa,Smt. Jaya Amitabh Bachchan (2024-30) (2024-2030),Uttar Pradesh,,,locality_curated
Gitanjli Public,Shri Sant Balbir Singh (2022-28) (2022-2028),Punjab,,,locality_curated
Nawach,Shri Ashok Singh (2024-30) (2024-2030),Madhya Pradesh,,,locality_curated
Khurana,Shri Ashok Singh (2024-30) (2024-2030),Madhya Pradesh,,,locality_curated
Manas,Shri Ashok Singh (2024-30) (2024-2030),Madhya Pradesh,,,locality_curated
Ladana,Shri Ashok Singh (2024-30) (2024-2030),Madhya Pradesh,,,locality_curated
Budhakhera,Shri Ashok Singh (2024-30) (2024-2030),Madhya Pradesh,,,locality_curated
Guhna,Shri Ashok Singh (2024-30) (2024-2030),Madhya Pradesh,,,locality_curated
Aathanakuruchi,Shri R. Dharmar (2022-28) (2022-2028),Tamil Nadu,,,locality_curated
Kaldhari,Shri V. Vijayendra Prasad (2022-28) (2022-2028),Andhra Pradesh,,,locality_curated
Bhauri,Dr. Kalpana Saini (2022-28) (2022-2028),Uttarakhand,,,locality_curated
Sangramgarh,Shri Amar Pal Maurya (2024-30) (2024-2030),Uttar Pradesh,,,locality_curated
Benipur,Shri Amar Pal Maurya (2024-30) (2024-2030),Uttar Pradesh,,,locality_curated
Edavanna,Shri Abdul Wahab (2021-27) (2021-2027),Kerala,,,locality_curated
revenue,Shri Hardeep Singh Puri (2020-26) (2020-2026),Uttar Pradesh,,,locality_curated
Khuthan,Shri Hardeep Singh Puri (2020-26) (2020-2026),Uttar Pradesh,,,locality_curated
Phulwari,Shri Hardeep Singh Puri (2020-26) (2020-2026),Uttar Pradesh,,,locality_curated
Banaura,Shri Hardeep Singh Puri (2020-26) (2020-2026),Uttar Pradesh,,,locality_curated
Durga ji,Shri Hardeep Singh Puri (2020-26) (2020-2026),Uttar Pradesh,,,locality_curated
Cherui,Shri Hardeep Singh Puri (2020-26) (2020-2026),Uttar Pradesh,,,locality_curated
Laukwakhadi Shiv,Shri Hardeep Singh Puri (2020-26) (2020-2026),Uttar Pradesh,,,locality_curated
Kishunpurwa,Shri Hardeep Singh Puri (2020-26) (2020-2026),Uttar Pradesh,,,locality_curated
Piparkhad,Shri Hardeep Singh Puri (2020-26) (2020-2026),Uttar Pradesh,,,locality_curated
Shiva,Shri Hardeep Singh Puri (2020-26) (2020-2026),Uttar Pradesh,,,locality_curated
Chopan,Shri Hardeep Singh Puri (2020-26) (2020-2026),Uttar Pradesh,,,locality_curated
Pipri,Shri Hardeep Singh Puri (2020-26) (2020-2026),Uttar Pradesh,,,locality_curated
Duddhi gram,Shri Hardeep Singh Puri (2020-26) (2020-2026),Uttar Pradesh,,,locality_curated
Kuldomri,Shri Hardeep Singh Puri (2020-26) (2020-2026),Uttar Pradesh,,,locality_curated
Singh,Shri Hardeep Singh Puri (2020-26) (2020-2026),Uttar Pradesh,,,locality_curated
Ayush,Shri Hardeep Singh Puri (2020-26) (2020-2026),Uttar Pradesh,,,locality_curated
Dhanaura,Shri Hardeep Singh Puri (2020-26) (2020-2026),Uttar Pradesh,,,locality_curated
GIC,Shri Hardeep Singh Puri (2020-26) (2020-2026),Uttar Pradesh,,,locality_curated
Inam,Shri Hardeep Singh Puri (2020-26) (2020-2026),Uttar Pradesh,,,locality_curated
Kichar,Shri Hardeep Singh Puri (2020-26) (2020-2026),Uttar Pradesh,,,locality_curated
trisection of Gram,Shri Hardeep Singh Puri (2020-26) (2020-2026),Uttar Pradesh,,,locality_curated
Dhuter,Shri Hardeep Singh Puri (2020-26) (2020-2026),Uttar Pradesh,,,locality_curated
Shanteshwar Mahadev,Shri Hardeep Singh Puri (2020-26) (2020-2026),Uttar Pradesh,,,locality_curated
Sadhubayan,Shri Hardeep Singh Puri (2020-26) (2020-2026),Uttar Pradesh,,,locality_curated
Junior High,Shri Hardeep Singh Puri (2020-26) (2020-2026),Uttar Pradesh,,,locality_curated
Kisan Public,Shri Hardeep Singh Puri (2020-26) (2020-2026),Uttar Pradesh,,,locality_curated
Eklavya Saraswati Shishu,Shri Hardeep Singh Puri (2020-26) (2020-2026),Uttar Pradesh,,,locality_curated
Tiraha village,Shri Hardeep Singh Puri (2020-26) (2020-2026),Uttar Pradesh,,,locality_curated
Bazar village,Shri Hardeep Singh Puri (2020-26) (2020-2026),Uttar Pradesh,,,locality_curated
Pindari village,Shri Hardeep Singh Puri (2020-26) (2020-2026),Uttar Pradesh,,,locality_curated
Duddhi village,Shri Hardeep Singh Puri (2020-26) (2020-2026),Uttar Pradesh,,,locality_curated
Karma,Shri Hardeep Singh Puri (2020-26) (2020-2026),Uttar Pradesh,,,locality_curated
Devgarh village,Shri Hardeep Singh Puri (2020-26) (2020-2026),Uttar Pradesh,,,locality_curated
Sachcha Baba,Shri Hardeep Singh Puri (2020-26) (2020-2026),Uttar Pradesh,,,locality_curated
Tarawan,Shri Hardeep Singh Puri (2020-26) (2020-2026),Uttar Pradesh,,,locality_curated
Kala village,Shri Hardeep Singh Puri (2020-26) (2020-2026),Uttar Pradesh,,,locality_curated
Mangurahi village,Shri Hardeep Singh Puri (2020-26) (2020-2026),Uttar Pradesh,,,locality_curated
Kolkadi,Shri Hardeep Singh Puri (2020-26) (2020-2026),Uttar Pradesh,,,locality_curated
Genguar,Shri Hardeep Singh Puri (2020-26) (2020-2026),Uttar Pradesh,,,locality_curated
Guntupalli,Shri Yerram Venkata Subba Reddy (2024-30) (2024-2030),Andhra Pradesh,,,locality_curated
Ankammathalli,Shri Yerram Venkata Subba Reddy (2024-30) (2024-2030),Andhra Pradesh,,,locality_curated
Chakirala,Shri Yerram Venkata Subba Reddy (2024-30) (2024-2030),Andhra Pradesh,,,locality_curated
Medarametla,Shri Yerram Venkata Subba Reddy (2024-30) (2024-2030),Andhra Pradesh,,,locality_curated
Polashguri,Shri Rwngwra Narzary (2022-28) (2022-2028),Assam,,,locality_curated
Gram,Smt. Sonia Gandhi (2024-30) (2024-2030),Rajasthan,,,locality_curated
Dudawal,Smt. Sonia Gandhi (2024-30) (2024-2030),Rajasthan,,,locality_curated
durgwada,Dr. Anil Sukhdeorao Bonde (2022-28) (2022-2028),Maharashtra,,,locality_curated
Bhawan,Smt. Sonia Gandhi (2024-30) (2024-2030),Rajasthan,,,locality_curated
Alakhpura,Smt. Sonia Gandhi (2024-30) (2024-2030),Rajasthan,,,locality_curated
Dayal,Smt. Sonia Gandhi (2024-30) (2024-2030),Rajasthan,,,locality_curated
Kuttin,Smt. Sonia Gandhi (2024-30) (2024-2030),Rajasthan,,,locality_curated
Hadda,Smt. Sonia Gandhi (2024-30) (2024-2030),Rajasthan,,,locality_curated
Sagron,Smt. Sonia Gandhi (2024-30) (2024-2030),Rajasthan,,,locality_curated
Panala,Smt. Sumitra Balmik (2022-28) (2022-2028),Madhya Pradesh,,,locality_curated
kamalpur gram,Shri Samik Bhattacharya (2024-30) (2024-2030),West Bengal,,,locality_curated
Khurana,Shri Ajay Makan (2024-30) (2024-2030),Karnataka,,,locality_curated
Sanghan,Shri Ajay Makan (2024-30) (2024-2030),Karnataka,,,locality_curated
Friends,Shri G.C. Chandrashekhar (2024-30) (2024-2030),Karnataka,,,locality_curated
Vengad,Shri Abdul Wahab (2021-27) (2021-2027),Kerala,,,locality_curated
Khanoda,Shri G.C. Chandrashekhar (2024-30) (2024-2030),Karnataka,,,locality_curated
Chak Padla,Shri G.C. Chandrashekhar (2024-30) (2024-2030),Karnataka,,,locality_curated
Jagdishpura,Shri G.C. Chandrashekhar (2024-30) (2024-2030),Karnataka,,,locality_curated
Maroda,Shri Randeep Singh Surjewala (2022-28) (2022-2028),Rajasthan,,,locality_curated
Mahalaxmi,Dr. Ajeet Madhavrao Gopchade (2024-30) (2024-2030),Maharashtra,,,locality_curated
Village Kesrali,Dr. Ajeet Madhavrao Gopchade (2024-30) (2024-2030),Maharashtra,,,locality_curated
Village Achegaon,Dr. Ajeet Madhavrao Gopchade (2024-30) (2024-2030),Maharashtra,,,locality_curated
Yogeshwar Public,Dr. Kalpana Saini (2022-28) (2022-2028),Uttarakhand,,,locality_curated
Namakkal,Shri K.R.N. Rajeshkumar (2022-28) (2022-2028),Tamil Nadu,,,locality_curated
Gram,Shri Ashok Singh (2024-30) (2024-2030),Madhya Pradesh,,,locality_curated
Good Hope,Smt. Jebi Mather Hisham (2022-28) (2022-2028),Kerala,,,locality_curated
Audenya,Smt. Jaya Amitabh Bachchan (2024-30) (2024-2030),Uttar Pradesh,,,locality_curated
Othukkungal Grama,Shri P. P. Suneer (2024-30) (2024-2030),Kerala,,,locality_curated
Mattida,Shri P. P. Suneer (2024-30) (2024-2030),Kerala,,,locality_curated
Ganapathi,Shri G.C. Chandrashekhar (2024-30) (2024-2030),Karnataka,,,locality_curated
Burudeghatta,Shri G.C. Chandrashekhar (2024-30) (2024-2030),Karnataka,,,locality_curated
Susuda,Smt. Sulata Deo (2022-28) (2022-2028),Odisha,,,locality_curated
Campus,Smt. Sulata Deo (2022-28) (2022-2028),Odisha,,,locality_curated
H hosahalli,Shri G.C. Chandrashekhar (2024-30) (2024-2030),Karnataka,,,locality_curated
Tavarekere,Shri G.C. Chandrashekhar (2024-30) (2024-2030),Karnataka,,,locality_curated
Yellappanapalya,Shri G.C. Chandrashekhar (2024-30) (2024-2030),Karnataka,,,locality_curated
Dakhina Diha,Smt. Sulata Deo (2022-28) (2022-2028),Odisha,,,locality_curated
ramgrah,Shri Harbhajan Singh (2022-28) (2022-2028),Punjab,,,locality_curated
beri,Dr. K. Laxman (2022-28) (2022-2028),Uttar Pradesh,,,locality_curated
Gahra,Dr. K. Laxman (2022-28) (2022-2028),Uttar Pradesh,,,locality_curated
KHARAKSARI,Shri Naresh Bansal (2020-26) (2020-2026),Uttarakhand,,,locality_curated
Velinalloor,Shri Abdul Wahab (2021-27) (2021-2027),Kerala,,,locality_curated
Thrikkovilvattam,Shri Abdul Wahab (2021-27) (2021-2027),Kerala,,,locality_curated
Kolivari,Shri Sanjay Raut (2022-28) (2022-2028),Maharashtra,,,locality_curated
Bhagat Singh,Shri Sanjay Raut (2022-28) (2022-2028),Maharashtra,,,locality_curated
Motilal,Shri Sanjay Raut (2022-28) (2022-2028),Maharashtra,,,locality_curated
Sainath,Shri Sanjay Raut (2022-28) (2022-2028),Maharashtra,,,locality_curated
Tejmalta,Smt. Sonia Gandhi (2024-30) (2024-2030),Rajasthan,,,locality_curated
Fatehgarh,Smt. Sonia Gandhi (2024-30) (2024-2030),Rajasthan,,,locality_curated
Haddipur,Dr. Kalpana Saini (2022-28) (2022-2028),Uttarakhand,,,locality_curated
Chheda,Shri Sanjay Raut (2022-28) (2022-2028),Maharashtra,,,locality_curated
Raika,Shri Gulam Ali (2022-28) (2022-2028),Jammu And Kashmir,,,locality_curated
Chetrodi,Smt. Sonia Gandhi (2024-30) (2024-2030),Rajasthan,,,locality_curated
Khaniyani,Smt. Sonia Gandhi (2024-30) (2024-2030),Rajasthan,,,locality_curated
Bhadesar,Smt. Sonia Gandhi (2024-30) (2024-2030),Rajasthan,,,locality_curated
Draba,Smt. Sonia Gandhi (2024-30) (2024-2030),Rajasthan,,,locality_curated
Kattepura Grama,Shri G.C. Chandrashekhar (2024-30) (2024-2030),Karnataka,,,locality_curated
Mallinathapura,Shri G.C. Chandrashekhar (2024-30) (2024-2030),Karnataka,,,locality_curated
Shuklavas,Smt. Sonia Gandhi (2024-30) (2024-2030),Rajasthan,,,locality_curated
Ratehu,Smt. Sonia Gandhi (2024-30) (2024-2030),Rajasthan,,,locality_curated
ki Dahaniya,Smt. Sonia Gandhi (2024-30) (2024-2030),Rajasthan,,,locality_curated
Nohdiyala,Smt. Sonia Gandhi (2024-30) (2024-2030),Rajasthan,,,locality_curated
Kharchi,Smt. Sonia Gandhi (2024-30) (2024-2030),Rajasthan,,,locality_curated
Chelak,Smt. Sonia Gandhi (2024-30) (2024-2030),Rajasthan,,,locality_curated
Manpura,Smt. Sonia Gandhi (2024-30) (2024-2030),Rajasthan,,,locality_curated
Mahadev,Shri Mayankkumar Nayak (2024-30) (2024-2030),Gujarat,,,locality_curated
Pochhina,Shri Pramod Tiwari (2022-28) (2022-2028),Rajasthan,,,locality_curated
SAUR,Shri Naresh Bansal (2020-26) (2020-2026),Uttarakhand,,,locality_curated
Bhundana,Shri Pramod Tiwari (2022-28) (2022-2028),Rajasthan,,,locality_curated
Lamkana,Shri Vivek K. Tankha (2022-28) (2022-2028),Madhya Pradesh,,,locality_curated
Tinsara,Shri Vivek K. Tankha (2022-28) (2022-2028),Madhya Pradesh,,,locality_curated
Suatala,Shri Vivek K. Tankha (2022-28) (2022-2028),Madhya Pradesh,,,locality_curated
Padinjarekallada,Shri Abdul Wahab (2021-27) (2021-2027),Kerala,,,locality_curated
Mohad,Shri Vivek K. Tankha (2022-28) (2022-2028),Madhya Pradesh,,,locality_curated
CHHOTU,Prof. Ram Gopal Yadav (2020-26) (2020-2026),Uttar Pradesh,,,locality_curated
Noolpuzha,Shri Abdul Wahab (2021-27) (2021-2027),Kerala,,,locality_curated
Sevak,Prof. Ram Gopal Yadav (2020-26) (2020-2026),Uttar Pradesh,,,locality_curated
Thiruvarankulam,Shri P. Chidambaram (2022-28) (2022-2028),Tamil Nadu,,,locality_curated
Vadakadu,Shri P. Chidambaram (2022-28) (2022-2028),Tamil Nadu,,,locality_curated
Arasakulam Keelpathi,Shri P. Chidambaram (2022-28) (2022-2028),Tamil Nadu,,,locality_curated
Thirukalambur,Shri P. Chidambaram (2022-28) (2022-2028),Tamil Nadu,,,locality_curated
Karaiyur,Shri P. Chidambaram (2022-28) (2022-2028),Tamil Nadu,,,locality_curated
Thirumayam,Shri P. Chidambaram (2022-28) (2022-2028),Tamil Nadu,,,locality_curated
Lembalakudi,Shri P. Chidambaram (2022-28) (2022-2028),Tamil Nadu,,,locality_curated
Kadiyapatti,Shri P. Chidambaram (2022-28) (2022-2028),Tamil Nadu,,,locality_curated
Kummangudi,Shri P. Chidambaram (2022-28) (2022-2028),Tamil Nadu,,,locality_curated
Ganeshpur,Dr. Anil Sukhdeorao Bonde (2022-28) (2022-2028),Maharashtra,,,locality_curated
Veeraballi,Shri Meda Raghunadha Reddy (2024-30) (2024-2030),Andhra Pradesh,,,locality_curated
Caste,Dr. Kalpana Saini (2022-28) (2022-2028),Uttarakhand,,,locality_curated
Rasiyamangalam,Shri P. Chidambaram (2022-28) (2022-2028),Tamil Nadu,,,locality_curated
Panagulam,Shri P. Chidambaram (2022-28) (2022-2028),Tamil Nadu,,,locality_curated
Puvatrakudi,Shri P. Chidambaram (2022-28) (2022-2028),Tamil Nadu,,,locality_curated
Valardi,Shri Govindbhai Laljibhai Dholakia (2024-30) (2024-2030),Gujarat,,,locality_curated
Kyari,Dr. Kalpana Saini (2022-28) (2022-2028),Uttarakhand,,,locality_curated
Kudiyal,Dr. Kalpana Saini (2022-28) (2022-2028),Uttarakhand,,,locality_curated
Badhera,Dr. Sikander Kumar (2022-28) (2022-2028),Himachal Pradesh,,,locality_curated
Patoda,Shri Mukul Wasnik (2022-28) (2022-2028),Rajasthan,,,locality_curated
Rajas,Shri Mukul Wasnik (2022-28) (2022-2028),Rajasthan,,,locality_curated
Kottopadam,Shri Abdul Wahab (2021-27) (2021-2027),Kerala,,,locality_curated
Paruthoor,Shri Abdul Wahab (2021-27) (2021-2027),Kerala,,,locality_curated
Ananganadi,Shri Abdul Wahab (2021-27) (2021-2027),Kerala,,,locality_curated
Pothukallu,Shri Abdul Wahab (2021-27) (2021-2027),Kerala,,,locality_curated
sarsi,Dr. Anil Sukhdeorao Bonde (2022-28) (2022-2028),Maharashtra,,,locality_curated
Bhagabanpur,Shri Manas Ranjan Mangaraj (2022-28) (2022-2028),Odisha,,,locality_curated
Makka,Shri Kapil Sibal (2022-28) (2022-2028),Uttar Pradesh,,,locality_curated
Jama,Shri Kapil Sibal (2022-28) (2022-2028),Uttar Pradesh,,,locality_curated
Aksha,Shri Kapil Sibal (2022-28) (2022-2028),Uttar Pradesh,,,locality_curated
Madina,Shri Kapil Sibal (2022-28) (2022-2028),Uttar Pradesh,,,locality_curated
Nag Devta,Shri Kapil Sibal (2022-28) (2022-2028),Uttar Pradesh,,,locality_curated
Shiv,Shri Kapil Sibal (2022-28) (2022-2028),Uttar Pradesh,,,locality_curated
Jyothi Nivas Central,Shri Haris Beeran (2024-30) (2024-2030),Kerala,,,locality_curated
Chamunda,Shri Kapil Sibal (2022-28) (2022-2028),Uttar Pradesh,,,locality_curated
Darussalam LP,Shri Haris Beeran (2024-30) (2024-2030),Kerala,,,locality_curated
Ponneri,Shri S. Kalyanasundaram (2022-28) (2022-2028),Tamil Nadu,,,locality_curated
Navalur,Shri S. Kalyanasundaram (2022-28) (2022-2028),Tamil Nadu,,,locality_curated
Athanur,Shri S. Kalyanasundaram (2022-28) (2022-2028),Tamil Nadu,,,locality_curated
Melaadanur,Shri S. Kalyanasundaram (2022-28) (2022-2028),Tamil Nadu,,,locality_curated
Aryapadhi Veedu,Shri S. Kalyanasundaram (2022-28) (2022-2028),Tamil Nadu,,,locality_curated
Anariakot,Dr. Kalpana Saini (2022-28) (2022-2028),Uttarakhand,,,locality_curated
Chennagowdanahalli,Shri Jairam Ramesh (2022-28) (2022-2028),Karnataka,,,locality_curated
Kushalanagara,Shri Jairam Ramesh (2022-28) (2022-2028),Karnataka,,,locality_curated
Danakkihara,Shri Jairam Ramesh (2022-28) (2022-2028),Karnataka,,,locality_curated
Ballavara,Shri Jairam Ramesh (2022-28) (2022-2028),Karnataka,,,locality_curated
Udeva,Shri Jairam Ramesh (2022-28) (2022-2028),Karnataka,,,locality_curated
Halgodu,Shri Jairam Ramesh (2022-28) (2022-2028),Karnataka,,,locality_curated
Chikkattur,Shri Jairam Ramesh (2022-28) (2022-2028),Karnataka,,,locality_curated
Krishnapura,Shri Jairam Ramesh (2022-28) (2022-2028),Karnataka,,,locality_curated
Halanduru,Shri Jairam Ramesh (2022-28) (2022-2028),Karnataka,,,locality_curated
Mattul,Shri Abdul Wahab (2021-27) (2021-2027),Kerala,,,locality_curated
Bamtapur,Smt. Jaya Amitabh Bachchan (2024-30) (2024-2030),Uttar Pradesh,,,locality_curated
Augautha,Smt. Jaya Amitabh Bachchan (2024-30) (2024-2030),Uttar Pradesh,,,locality_curated
Government Ayurvedic,Dr. Sasmit Patra (2022-28) (2022-2028),Odisha,,,locality_curated
Monda,Dr. Kalpana Saini (2022-28) (2022-2028),Uttarakhand,,,locality_curated
KI DHANI,Shri Ghanshyam Tiwari (2022-28) (2022-2028),Rajasthan,,,locality_curated
Hadi Public,Shri Kapil Sibal (2022-28) (2022-2028),Uttar Pradesh,,,locality_curated
Teliyon Wali,Shri Kapil Sibal (2022-28) (2022-2028),Uttar Pradesh,,,locality_curated
Amargarh,Shri Ashok Singh (2024-30) (2024-2030),Madhya Pradesh,,,locality_curated
Trapaj Gram,Shri Kesridevsinh Jhala (2023-29) (2023-2029),Gujarat,,,locality_curated
Habrubari,Shri Rwngwra Narzary (2022-28) (2022-2028),Assam,,,locality_curated
Kundalwadah,Dr. Sarfraz Ahmad (2024-30) (2024-2030),Jharkhand,,,locality_curated
Vettilappara,Shri P. P. Suneer (2024-30) (2024-2030),Kerala,,,locality_curated
VADIKKAL,Shri Sandosh Kumar P (2022-28) (2022-2028),Kerala,,,locality_curated
Areekode,Shri Abdul Wahab (2021-27) (2021-2027),Kerala,,,locality_curated
Mayyil,Shri Abdul Wahab (2021-27) (2021-2027),Kerala,,,locality_curated
Vengara,Shri Abdul Wahab (2021-27) (2021-2027),Kerala,,,locality_curated
Cheekode,Shri Abdul Wahab (2021-27) (2021-2027),Kerala,,,locality_curated
Gram Evam,Shri Vivek K. Tankha (2022-28) (2022-2028),Madhya Pradesh,,,locality_curated
Pandharwani,Shri Vivek K. Tankha (2022-28) (2022-2028),Madhya Pradesh,,,locality_curated
Muttumthala Juma,Shri Abdul Wahab (2021-27) (2021-2027),Kerala,,,locality_curated
Caste majority,Dr. Kalpana Saini (2022-28) (2022-2028),Uttarakhand,,,locality_curated
West Eleri,Shri Abdul Wahab (2021-27) (2021-2027),Kerala,,,locality_curated
Padne,Shri Abdul Wahab (2021-27) (2021-2027),Kerala,,,locality_curated
Revenue,Shri Yerram Venkata Subba Reddy (2024-30) (2024-2030),Andhra Pradesh,,,locality_curated
Muttil,Shri Abdul Wahab (2021-27) (2021-2027),Kerala,,,locality_curated
Adimali,Shri Abdul Wahab (2021-27) (2021-2027),Kerala,,,locality_curated
Piravanthoor,Shri Abdul Wahab (2021-27) (2021-2027),Kerala,,,locality_curated
Adichanalloor,Shri Abdul Wahab (2021-27) (2021-2027),Kerala,,,locality_curated
Ilamad,Shri Abdul Wahab (2021-27) (2021-2027),Kerala,,,locality_curated
Thazhekode,Shri Abdul Wahab (2021-27) (2021-2027),Kerala,,,locality_curated
Mampad,Shri Abdul Wahab (2021-27) (2021-2027),Kerala,,,locality_curated
Sobha Ram,Dr. Sikander Kumar (2022-28) (2022-2028),Himachal Pradesh,,,locality_curated
Village Borar,Dr. Sikander Kumar (2022-28) (2022-2028),Himachal Pradesh,,,locality_curated
Village and Gram,Dr. Sikander Kumar (2022-28) (2022-2028),Himachal Pradesh,,,locality_curated
Kuhant,Dr. Sikander Kumar (2022-28) (2022-2028),Himachal Pradesh,,,locality_curated
Karaspethatanda under Devthana,Shri Ashokrao Shankarrao Chavan (2024-30) (2024-2030),Maharashtra,,,locality_curated
Mogral Puthur,Shri Abdul Wahab (2021-27) (2021-2027),Kerala,,,locality_curated
Thrikkarippur,Shri Abdul Wahab (2021-27) (2021-2027),Kerala,,,locality_curated
Pallikkara,Shri Abdul Wahab (2021-27) (2021-2027),Kerala,,,locality_curated
Muliyar,Shri Abdul Wahab (2021-27) (2021-2027),Kerala,,,locality_curated
Adimaly,Shri Abdul Wahab (2021-27) (2021-2027),Kerala,,,locality_curated
SANSTATHA NAGAR,Shri Naresh Bansal (2020-26) (2020-2026),Uttarakhand,,,locality_curated
Peringammala,Shri Abdul Wahab (2021-27) (2021-2027),Kerala,,,locality_curated
Panavoor,Shri Abdul Wahab (2021-27) (2021-2027),Kerala,,,locality_curated
Thevalakkara,Shri Abdul Wahab (2021-27) (2021-2027),Kerala,,,locality_curated
Chandon me,Smt. Maya Naroliya (2024-30) (2024-2030),Madhya Pradesh,,,locality_curated
NAGAR,Shri Ratanjit Pratap Narain Singh (2024-30) (2024-2030),Uttar Pradesh,,,locality_curated
GHINAHUA ME,Shri Ratanjit Pratap Narain Singh (2024-30) (2024-2030),Uttar Pradesh,,,locality_curated
Anakheda,Dr. Kavita Patidar (2022-28) (2022-2028),Madhya Pradesh,,,locality_curated
Kasaisoda,Dr. Kavita Patidar (2022-28) (2022-2028),Madhya Pradesh,,,locality_curated
Khamhariya,Dr. Kavita Patidar (2022-28) (2022-2028),Madhya Pradesh,,,locality_curated
Vikram,Dr. Kavita Patidar (2022-28) (2022-2028),Madhya Pradesh,,,locality_curated
Shivri,Dr. Kavita Patidar (2022-28) (2022-2028),Madhya Pradesh,,,locality_curated
Dhamangaon,Dr. Kavita Patidar (2022-28) (2022-2028),Madhya Pradesh,,,locality_curated
Basaniya,Dr. Kavita Patidar (2022-28) (2022-2028),Madhya Pradesh,,,locality_curated
Aurai,Dr. Kavita Patidar (2022-28) (2022-2028),Madhya Pradesh,,,locality_curated
Deora,Dr. Kavita Patidar (2022-28) (2022-2028),Madhya Pradesh,,,locality_curated
Padriya,Dr. Kavita Patidar (2022-28) (2022-2028),Madhya Pradesh,,,locality_curated
Trikkalangode Grama,Shri P. P. Suneer (2024-30) (2024-2030),Kerala,,,locality_curated
majority,Dr. Kalpana Saini (2022-28) (2022-2028),Uttarakhand,,,locality_curated
Khedi,Dr. Kalpana Saini (2022-28) (2022-2028),Uttarakhand,,,locality_curated
Sohalpur,Dr. Kalpana Saini (2022-28) (2022-2028),Uttarakhand,,,locality_curated
ghanghol,Shri Naresh Bansal (2020-26) (2020-2026),Uttarakhand,,,locality_curated
Payyavoor Grama,Dr. John Brittas (2021-27) (2021-2027),Kerala,,,locality_curated
Kundabai,Smt. Sulata Deo (2022-28) (2022-2028),Odisha,,,locality_curated
Banurkhapa,Shri Vivek K. Tankha (2022-28) (2022-2028),Madhya Pradesh,,,locality_curated
Palra,Shri Randeep Singh Surjewala (2022-28) (2022-2028),Rajasthan,,,locality_curated
Village Dhar,Dr. Sikander Kumar (2022-28) (2022-2028),Himachal Pradesh,,,locality_curated
Taktara,Shri Rwngwra Narzary (2022-28) (2022-2028),Assam,,,locality_curated
village Nichla Plaha,Dr. Sikander Kumar (2022-28) (2022-2028),Himachal Pradesh,,,locality_curated
Baroha,Dr. Sikander Kumar (2022-28) (2022-2028),Himachal Pradesh,,,locality_curated
Jharkhand public,Shri Aditya Prasad (2022-28) (2022-2028),Jharkhand,,,locality_curated
Nimalai,Shri Govindbhai Laljibhai Dholakia (2024-30) (2024-2030),Gujarat,,,locality_curated
Nimlai,Shri Govindbhai Laljibhai Dholakia (2024-30) (2024-2030),Gujarat,,,locality_curated
Jaswanti,Shri Ajay Makan (2024-30) (2024-2030),Karnataka,,,locality_curated
Sulikere Gram,Shri G.C. Chandrashekhar (2024-30) (2024-2030),Karnataka,,,locality_curated
Ramohalli Gram,Shri G.C. Chandrashekhar (2024-30) (2024-2030),Karnataka,,,locality_curated
Kaggalipur Gram,Shri G.C. Chandrashekhar (2024-30) (2024-2030),Karnataka,,,locality_curated
Agar Gram,Shri G.C. Chandrashekhar (2024-30) (2024-2030),Karnataka,,,locality_curated
Kodigehalli Gram,Shri G.C. Chandrashekhar (2024-30) (2024-2030),Karnataka,,,locality_curated
Channenahalli Gram,Shri G.C. Chandrashekhar (2024-30) (2024-2030),Karnataka,,,locality_curated
Melathikan village,Shri K.R.N. Rajeshkumar (2022-28) (2022-2028),Tamil Nadu,,,locality_curated
Nallagonda,Shri Masthan Rao Yadav Beedha (2024-28) (2024-2028),Andhra Pradesh,,,locality_curated
Nakkala,Shri Masthan Rao Yadav Beedha (2024-28) (2024-2028),Andhra Pradesh,,,locality_curated
Chathakonda,Shri Ravi Chandra Vaddiraju (2024-30) (2024-2030),Telangana,,,locality_curated
Malvani,Shri Sanjay Raut (2022-28) (2022-2028),Maharashtra,,,locality_curated
Paral Juma,Smt. Jebi Mather Hisham (2022-28) (2022-2028),Kerala,,,locality_curated
Pondi,Shri Vivek K. Tankha (2022-28) (2022-2028),Madhya Pradesh,,,locality_curated
Koniya,Shri Vivek K. Tankha (2022-28) (2022-2028),Madhya Pradesh,,,locality_curated
Thammenahalli,Shri Jaggesh (2022-28) (2022-2028),Karnataka,,,locality_curated
Lakshmipura,Shri Jaggesh (2022-28) (2022-2028),Karnataka,,,locality_curated
Siluwa,Shri Vivek K. Tankha (2022-28) (2022-2028),Madhya Pradesh,,,locality_curated
Thaliparamba,Dr. John Brittas (2021-27) (2021-2027),Kerala,,,locality_curated
Thimiri,Dr. John Brittas (2021-27) (2021-2027),Kerala,,,locality_curated
Naduvil,Dr. John Brittas (2021-27) (2021-2027),Kerala,,,locality_curated
Eramam,Dr. John Brittas (2021-27) (2021-2027),Kerala,,,locality_curated
nirman,Shri Harsh Mahajan (2024-30) (2024-2030),Himachal Pradesh,,,locality_curated
gurukrupa,Dr. Anil Sukhdeorao Bonde (2022-28) (2022-2028),Maharashtra,,,locality_curated
gurudeo,Dr. Anil Sukhdeorao Bonde (2022-28) (2022-2028),Maharashtra,,,locality_curated
Prakash,Shri Ryaga Krishnaiah (2024-28) (2024-2028),Andhra Pradesh,,,locality_curated
Ganesh,Smt. Sulata Deo (2022-28) (2022-2028),Odisha,,,locality_curated
Joure Amb,Dr. Sikander Kumar (2022-28) (2022-2028),Himachal Pradesh,,,locality_curated
Panga,Dr. Sikander Kumar (2022-28) (2022-2028),Himachal Pradesh,,,locality_curated
Kadabagere,Shri Jaggesh (2022-28) (2022-2028),Karnataka,,,locality_curated
Kuduragere,Shri Jaggesh (2022-28) (2022-2028),Karnataka,,,locality_curated
Heggadadevanapura,Shri Jaggesh (2022-28) (2022-2028),Karnataka,,,locality_curated
Nadendla,Shri Ryaga Krishnaiah (2024-28) (2024-2028),Andhra Pradesh,,,locality_curated
village Bijawada,Shri Chunnilal Garasiya (2024-30) (2024-2030),Rajasthan,,,locality_curated
Mandav,Shri Chunnilal Garasiya (2024-30) (2024-2030),Rajasthan,,,locality_curated
Mandwa,Shri Chunnilal Garasiya (2024-30) (2024-2030),Rajasthan,,,locality_curated
Nokna,Shri Chunnilal Garasiya (2024-30) (2024-2030),Rajasthan,,,locality_curated
Ranoli,Shri Chunnilal Garasiya (2024-30) (2024-2030),Rajasthan,,,locality_curated
Gram,Shri Chunnilal Garasiya (2024-30) (2024-2030),Rajasthan,,,locality_curated
Village Naal,Shri Chunnilal Garasiya (2024-30) (2024-2030),Rajasthan,,,locality_curated
Kishanpura,Shri Chunnilal Garasiya (2024-30) (2024-2030),Rajasthan,,,locality_curated
village Panchawal,Shri Chunnilal Garasiya (2024-30) (2024-2030),Rajasthan,,,locality_curated
Bain,Shri Chunnilal Garasiya (2024-30) (2024-2030),Rajasthan,,,locality_curated
Virat,Shri Chunnilal Garasiya (2024-30) (2024-2030),Rajasthan,,,locality_curated
Village Tamtia,Shri Chunnilal Garasiya (2024-30) (2024-2030),Rajasthan,,,locality_curated
Tamtia,Shri Chunnilal Garasiya (2024-30) (2024-2030),Rajasthan,,,locality_curated
Kokapur,Shri Chunnilal Garasiya (2024-30) (2024-2030),Rajasthan,,,locality_curated
Semliya Pandya,Shri Chunnilal Garasiya (2024-30) (2024-2030),Rajasthan,,,locality_curated
Chaknokana,Shri Chunnilal Garasiya (2024-30) (2024-2030),Rajasthan,,,locality_curated
village Kahela,Shri Chunnilal Garasiya (2024-30) (2024-2030),Rajasthan,,,locality_curated
Barbodnia,Shri Chunnilal Garasiya (2024-30) (2024-2030),Rajasthan,,,locality_curated
Padla Handaliya,Shri Chunnilal Garasiya (2024-30) (2024-2030),Rajasthan,,,locality_curated
Padla,Shri Chunnilal Garasiya (2024-30) (2024-2030),Rajasthan,,,locality_curated
Katisaur,Shri Chunnilal Garasiya (2024-30) (2024-2030),Rajasthan,,,locality_curated
Katisor,Shri Chunnilal Garasiya (2024-30) (2024-2030),Rajasthan,,,locality_curated
Movai,Shri Chunnilal Garasiya (2024-30) (2024-2030),Rajasthan,,,locality_curated
village Movai,Shri Chunnilal Garasiya (2024-30) (2024-2030),Rajasthan,,,locality_curated
village Badaliya,Shri Chunnilal Garasiya (2024-30) (2024-2030),Rajasthan,,,locality_curated
Gada Sialia,Shri Chunnilal Garasiya (2024-30) (2024-2030),Rajasthan,,,locality_curated
Bikash,Dr. Sasmit Patra (2022-28) (2022-2028),Odisha,,,locality_curated
Kabja,Shri Chunnilal Garasiya (2024-30) (2024-2030),Rajasthan,,,locality_curated
village Kabja,Shri Chunnilal Garasiya (2024-30) (2024-2030),Rajasthan,,,locality_curated
Talora,Shri Chunnilal Garasiya (2024-30) (2024-2030),Rajasthan,,,locality_curated
Village Dolpura,Shri Chunnilal Garasiya (2024-30) (2024-2030),Rajasthan,,,locality_curated
Bhaudan,Shri Chunnilal Garasiya (2024-30) (2024-2030),Rajasthan,,,locality_curated
Village,Shri Chunnilal Garasiya (2024-30) (2024-2030),Rajasthan,,,locality_curated
Linkey,Shri Dorjee Tshering Lepcha (2024-30) (2024-2030),Sikkim,,,locality_curated
dungiyan,Shri Gulam Ali (2022-28) (2022-2028),Jammu And Kashmir,,,locality_curated
Barpani,Smt. Ranjeet Ranjan (2022-28) (2022-2028),Chhattisgarh,,,locality_curated
loshta,Shri Harsh Mahajan (2024-30) (2024-2030),Himachal Pradesh,,,locality_curated
Lalmania,Prof. Manoj Kumar Jha (2024-30) (2024-2030),Bihar,,,locality_curated
Saroja Bela,Prof. Manoj Kumar Jha (2024-30) (2024-2030),Bihar,,,locality_curated
Beriya,Prof. Manoj Kumar Jha (2024-30) (2024-2030),Bihar,,,locality_curated
Gonth Baruari,Prof. Manoj Kumar Jha (2024-30) (2024-2030),Bihar,,,locality_curated
Pathra south,Prof. Manoj Kumar Jha (2024-30) (2024-2030),Bihar,,,locality_curated
Goth Baruari,Prof. Manoj Kumar Jha (2024-30) (2024-2030),Bihar,,,locality_curated
BaluaDevtaChauraha,Prof. Manoj Kumar Jha (2024-30) (2024-2030),Bihar,,,locality_curated
Samda,Prof. Manoj Kumar Jha (2024-30) (2024-2030),Bihar,,,locality_curated
Dinbandi,Prof. Manoj Kumar Jha (2024-30) (2024-2030),Bihar,,,locality_curated
Lakshminiyan,Prof. Manoj Kumar Jha (2024-30) (2024-2030),Bihar,,,locality_curated
Vishanpur Shivram,Prof. Manoj Kumar Jha (2024-30) (2024-2030),Bihar,,,locality_curated
Gram,Prof. Manoj Kumar Jha (2024-30) (2024-2030),Bihar,,,locality_curated
Hanumannagar,Dr. Medha Vishram Kulkarni (2024-30) (2024-2030),Maharashtra,,,locality_curated
Raja Shivray Pratishthan,Dr. Medha Vishram Kulkarni (2024-30) (2024-2030),Maharashtra,,,locality_curated
Linch,Shri Mayankkumar Nayak (2024-30) (2024-2030),Gujarat,,,locality_curated
Yadav,Shri Shambhu Sharan Patel (2022-28) (2022-2028),Bihar,,,locality_curated
Mowala,Smt. Sumitra Balmik (2022-28) (2022-2028),Madhya Pradesh,,,locality_curated
Karanpur,Smt. Sumitra Balmik (2022-28) (2022-2028),Madhya Pradesh,,,locality_curated
Dadkasa,Smt. Sumitra Balmik (2022-28) (2022-2028),Madhya Pradesh,,,locality_curated
Sirmangani,Smt. Sumitra Balmik (2022-28) (2022-2028),Madhya Pradesh,,,locality_curated
Balva,Shri Mayankkumar Nayak (2024-30) (2024-2030),Gujarat,,,locality_curated
Pulia,Smt. Sonia Gandhi (2024-30) (2024-2030),Rajasthan,,,locality_curated
Satyaya,Smt. Sonia Gandhi (2024-30) (2024-2030),Rajasthan,,,locality_curated
Rupasi,Smt. Sonia Gandhi (2024-30) (2024-2030),Rajasthan,,,locality_curated
Dawada,Smt. Sonia Gandhi (2024-30) (2024-2030),Rajasthan,,,locality_curated
Pilwai,Shri Mayankkumar Nayak (2024-30) (2024-2030),Gujarat,,,locality_curated
Baroo,Smt. Sonia Gandhi (2024-30) (2024-2030),Rajasthan,,,locality_curated
Noore,Smt. Sonia Gandhi (2024-30) (2024-2030),Rajasthan,,,locality_curated
Sambalpur Gram,Smt. Ranjeet Ranjan (2022-28) (2022-2028),Chhattisgarh,,,locality_curated
Thagaraniya,Shri Vivek K. Tankha (2022-28) (2022-2028),Madhya Pradesh,,,locality_curated
Nidanpur,Shri Vivek K. Tankha (2022-28) (2022-2028),Madhya Pradesh,,,locality_curated
Dungariya,Shri Vivek K. Tankha (2022-28) (2022-2028),Madhya Pradesh,,,locality_curated
Badhaiya,Shri Vivek K. Tankha (2022-28) (2022-2028),Madhya Pradesh,,,locality_curated
Gundrai,Shri Vivek K. Tankha (2022-28) (2022-2028),Madhya Pradesh,,,locality_curated
Jamuniya,Shri Vivek K. Tankha (2022-28) (2022-2028),Madhya Pradesh,,,locality_curated
Bhamhnodi,Shri Vivek K. Tankha (2022-28) (2022-2028),Madhya Pradesh,,,locality_curated
Hatiota,Dr. Sasmit Patra (2022-28) (2022-2028),Odisha,,,locality_curated
Banaramchandrapur,Dr. Sasmit Patra (2022-28) (2022-2028),Odisha,,,locality_curated
Jemadeipur,Dr. Sasmit Patra (2022-28) (2022-2028),Odisha,,,locality_curated
Ustapada,Dr. Sasmit Patra (2022-28) (2022-2028),Odisha,,,locality_curated
Kendubadi Bisoyi Sahi,Dr. Sasmit Patra (2022-28) (2022-2028),Odisha,,,locality_curated
Tribal,Shri Dorjee Tshering Lepcha (2024-30) (2024-2030),Sikkim,,,locality_curated
Sahaspur,Dr. Sasmit Patra (2022-28) (2022-2028),Odisha,,,locality_curated
Duanpalli,Dr. Sasmit Patra (2022-28) (2022-2028),Odisha,,,locality_curated
Safun,Shri Dorjee Tshering Lepcha (2024-30) (2024-2030),Sikkim,,,locality_curated
Pathapatnam,Dr. Sasmit Patra (2022-28) (2022-2028),Odisha,,,locality_curated
bhetua,Shri Sanjay Seth (2024-30) (2024-2030),Uttar Pradesh,,,locality_curated
amethi,Shri Sanjay Seth (2024-30) (2024-2030),Uttar Pradesh,,,locality_curated
KUNDAHA ME,Smt. Seema Dwivedi (2020-26) (2020-2026),Uttar Pradesh,,,locality_curated
Narsingapur,Shri Damodar Rao Divakonda (2022-28) (2022-2028),Telangana,,,locality_curated
Janardhanapura,Shri Jaggesh (2022-28) (2022-2028),Karnataka,,,locality_curated
Damodra,Smt. Sonia Gandhi (2024-30) (2024-2030),Rajasthan,,,locality_curated
Dumaria,Smt. Sonia Gandhi (2024-30) (2024-2030),Rajasthan,,,locality_curated
Haripura,Smt. Sonia Gandhi (2024-30) (2024-2030),Rajasthan,,,locality_curated
Gossner Middle,Smt. Mahua Maji (2022-28) (2022-2028),Jharkhand,,,locality_curated
Elizabeth High,Smt. Mahua Maji (2022-28) (2022-2028),Jharkhand,,,locality_curated
Barnabas,Smt. Mahua Maji (2022-28) (2022-2028),Jharkhand,,,locality_curated
Badi,Smt. Mahua Maji (2022-28) (2022-2028),Jharkhand,,,locality_curated
Ransad,Smt. Mahua Maji (2022-28) (2022-2028),Jharkhand,,,locality_curated
Gopal,Smt. Mahua Maji (2022-28) (2022-2028),Jharkhand,,,locality_curated
Mattagadahalli,Shri Jaggesh (2022-28) (2022-2028),Karnataka,,,locality_curated
Hathisingh,Shri Pramod Tiwari (2022-28) (2022-2028),Rajasthan,,,locality_curated
Arakuvalley,Shri Yerram Venkata Subba Reddy (2024-30) (2024-2030),Andhra Pradesh,,,locality_curated
Rapaka,Shri Yerram Venkata Subba Reddy (2024-30) (2024-2030),Andhra Pradesh,,,locality_curated
Sivarampuram,Shri Yerram Venkata Subba Reddy (2024-30) (2024-2030),Andhra Pradesh,,,locality_curated
Maa Rahitangi,Dr. Sasmit Patra (2022-28) (2022-2028),Odisha,,,locality_curated
Balunkeswar,Dr. Sasmit Patra (2022-28) (2022-2028),Odisha,,,locality_curated
Kanduni Devi,Dr. Sasmit Patra (2022-28) (2022-2028),Odisha,,,locality_curated
Jagnyaswara,Dr. Sasmit Patra (2022-28) (2022-2028),Odisha,,,locality_curated
Shivakote Grama,Shri G.C. Chandrashekhar (2024-30) (2024-2030),Karnataka,,,locality_curated
SARAKH,Prof. Ram Gopal Yadav (2020-26) (2020-2026),Uttar Pradesh,,,locality_curated
RAMPUR,Shri Javed Ali Khan (2022-28) (2022-2028),Uttar Pradesh,,,locality_curated
Kovur,Shri Masthan Rao Yadav Beedha (2024-28) (2024-2028),Andhra Pradesh,,,locality_curated
Gandrawa,Shri Ghanshyam Tiwari (2022-28) (2022-2028),Rajasthan,,,locality_curated
Urmaura,Shri Hardeep Singh Puri (2020-26) (2020-2026),Uttar Pradesh,,,locality_curated
Kusi,Shri Hardeep Singh Puri (2020-26) (2020-2026),Uttar Pradesh,,,locality_curated
Sardar Patel Public,Shri Hardeep Singh Puri (2020-26) (2020-2026),Uttar Pradesh,,,locality_curated
Hinouta village,Shri Hardeep Singh Puri (2020-26) (2020-2026),Uttar Pradesh,,,locality_curated
Poppy,Shri Hardeep Singh Puri (2020-26) (2020-2026),Uttar Pradesh,,,locality_curated
Dhooter village,Shri Hardeep Singh Puri (2020-26) (2020-2026),Uttar Pradesh,,,locality_curated
taroda,Dr. Anil Sukhdeorao Bonde (2022-28) (2022-2028),Maharashtra,,,locality_curated
Gaon,Shri Aditya Prasad (2022-28) (2022-2028),Jharkhand,,,locality_curated
Shiv,Shri Aditya Prasad (2022-28) (2022-2028),Jharkhand,,,locality_curated
Mandir,Shri Amar Pal Maurya (2024-30) (2024-2030),Uttar Pradesh,,,locality_curated
Lalgunj,Shri Aditya Prasad (2022-28) (2022-2028),Jharkhand,,,locality_curated
mahuwatoli,Shri Aditya Prasad (2022-28) (2022-2028),Jharkhand,,,locality_curated
trust,Shri Gulam Ali (2022-28) (2022-2028),Jammu And Kashmir,,,locality_curated
challapalli,Shri V. Vijayendra Prasad (2022-28) (2022-2028),Andhra Pradesh,,,locality_curated
Bagdara,Shri Vivek K. Tankha (2022-28) (2022-2028),Madhya Pradesh,,,locality_curated
Vengampalli South,Shri Meda Raghunadha Reddy (2024-30) (2024-2030),Andhra Pradesh,,,locality_curated
Kothuru,Shri Meda Raghunadha Reddy (2024-30) (2024-2030),Andhra Pradesh,,,locality_curated
Anjaneya Swamy,Shri Ravi Chandra Vaddiraju (2024-30) (2024-2030),Telangana,,,locality_curated
Jammulamma,Shri Ravi Chandra Vaddiraju (2024-30) (2024-2030),Telangana,,,locality_curated
Anjaneyaswamy,Shri Ravi Chandra Vaddiraju (2024-30) (2024-2030),Telangana,,,locality_curated
Shivanjaneyaswamy,Shri Ravi Chandra Vaddiraju (2024-30) (2024-2030),Telangana,,,locality_curated
Yoga Narasimha Swamy,Shri Ravi Chandra Vaddiraju (2024-30) (2024-2030),Telangana,,,locality_curated
Suryanarayana Swamy,Shri Ravi Chandra Vaddiraju (2024-30) (2024-2030),Telangana,,,locality_curated
Nagar,Shri Ratanjit Pratap Narain Singh (2024-30) (2024-2030),Uttar Pradesh,,,locality_curated
Maa Baghei,Dr. Sasmit Patra (2022-28) (2022-2028),Odisha,,,locality_curated
Mothe,Shri Damodar Rao Divakonda (2022-28) (2022-2028),Telangana,,,locality_curated
Manpura,Shri Mukul Wasnik (2022-28) (2022-2028),Rajasthan,,,locality_curated
Bhandari,Shri Mukul Wasnik (2022-28) (2022-2028),Rajasthan,,,locality_curated
Kanra,Shri Mukul Wasnik (2022-28) (2022-2028),Rajasthan,,,locality_curated
Barangna,Shri Mukul Wasnik (2022-28) (2022-2028),Rajasthan,,,locality_curated
Malikpur,Shri Mukul Wasnik (2022-28) (2022-2028),Rajasthan,,,locality_curated
Sadadiya,Shri Mukul Wasnik (2022-28) (2022-2028),Rajasthan,,,locality_curated
Garikapadu,Shri Ryaga Krishnaiah (2024-28) (2024-2028),Andhra Pradesh,,,locality_curated
sabathoi,Shri Shambhu Sharan Patel (2022-28) (2022-2028),Bihar,,,locality_curated
Uteep,Shri Harsh Mahajan (2024-30) (2024-2030),Himachal Pradesh,,,locality_curated
Karaballavolu,Shri Masthan Rao Yadav Beedha (2024-28) (2024-2028),Andhra Pradesh,,,locality_curated
Thadepalli,Shri Masthan Rao Yadav Beedha (2024-28) (2024-2028),Andhra Pradesh,,,locality_curated
Gahankar,Shri Mukul Wasnik (2022-28) (2022-2028),Rajasthan,,,locality_curated
Bothpur,Shri Mukul Wasnik (2022-28) (2022-2028),Rajasthan,,,locality_curated
Shahpura,Shri Mukul Wasnik (2022-28) (2022-2028),Rajasthan,,,locality_curated
Tanda,Shri Mukul Wasnik (2022-28) (2022-2028),Rajasthan,,,locality_curated
Motidau,Shri Mayankkumar Nayak (2024-30) (2024-2030),Gujarat,,,locality_curated
Kumar towards,Dr. Kalpana Saini (2022-28) (2022-2028),Uttarakhand,,,locality_curated
Government Middle,Smt. Mahua Maji (2022-28) (2022-2028),Jharkhand,,,locality_curated
Akhra in Kali,Smt. Mahua Maji (2022-28) (2022-2028),Jharkhand,,,locality_curated
Durga,Shri Shambhu Sharan Patel (2022-28) (2022-2028),Bihar,,,locality_curated
Oraba,Shri Manas Ranjan Mangaraj (2022-28) (2022-2028),Odisha,,,locality_curated
Shanthi,Shri S. Selvaganabathy (2021-27) (2021-2027),Puducherry,,,locality_curated
Pundarpada,Shri Mukul Wasnik (2022-28) (2022-2028),Rajasthan,,,locality_curated
Rasnajori,Dr. Sarfraz Ahmad (2024-30) (2024-2030),Jharkhand,,,locality_curated
Gajkunda,Dr. Sarfraz Ahmad (2024-30) (2024-2030),Jharkhand,,,locality_curated
Badgunda,Dr. Sarfraz Ahmad (2024-30) (2024-2030),Jharkhand,,,locality_curated
Bakikala,Dr. Sarfraz Ahmad (2024-30) (2024-2030),Jharkhand,,,locality_curated
Fuljharia,Dr. Sarfraz Ahmad (2024-30) (2024-2030),Jharkhand,,,locality_curated
chinnoni,Shri Ashok Singh (2024-30) (2024-2030),Madhya Pradesh,,,locality_curated
boundary wall,Shri Ashok Singh (2024-30) (2024-2030),Madhya Pradesh,,,locality_curated
Deori,Shri Vivek K. Tankha (2022-28) (2022-2028),Madhya Pradesh,,,locality_curated
Gopal Nagar,Dr. Sikander Kumar (2022-28) (2022-2028),Himachal Pradesh,,,locality_curated
Brasli,Dr. Sikander Kumar (2022-28) (2022-2028),Himachal Pradesh,,,locality_curated
Village Nauri Uparli,Dr. Sikander Kumar (2022-28) (2022-2028),Himachal Pradesh,,,locality_curated
PRIMERY,Shri Surendra Singh Nagar (2022-28) (2022-2028),Uttar Pradesh,,,locality_curated
BHUMIYA MATA,Shri Surendra Singh Nagar (2022-28) (2022-2028),Uttar Pradesh,,,locality_curated
Babapidh Kali,Prof. Manoj Kumar Jha (2024-30) (2024-2030),Bihar,,,locality_curated
Gajikhedi,Shri Ashok Singh (2024-30) (2024-2030),Madhya Pradesh,,,locality_curated
Ghesda Group,Shri Babubhai Jesangbhai Desai (2023-29) (2023-2029),Gujarat,,,locality_curated
Kanyadi,Dr. Dharmasthala Veerendra Heggade (2022-28) (2022-2028),Karnataka,,,locality_curated
sai sahwas,Dr. Anil Sukhdeorao Bonde (2022-28) (2022-2028),Maharashtra,,,locality_curated
Tajpar,Shri Kesridevsinh Jhala (2023-29) (2023-2029),Gujarat,,,locality_curated
Kotharia,Shri Kesridevsinh Jhala (2023-29) (2023-2029),Gujarat,,,locality_curated
Thallur,Shri Yerram Venkata Subba Reddy (2024-30) (2024-2030),Andhra Pradesh,,,locality_curated
Poonkode Govt,Shri Jose K. Mani (2024-30) (2024-2030),Kerala,,,locality_curated
Thoguta,Shri Damodar Rao Divakonda (2022-28) (2022-2028),Telangana,,,locality_curated
Narsingi,Shri Damodar Rao Divakonda (2022-28) (2022-2028),Telangana,,,locality_curated
Wadiaram,Shri Damodar Rao Divakonda (2022-28) (2022-2028),Telangana,,,locality_curated
Dhananwa,Shri Mukul Wasnik (2022-28) (2022-2028),Rajasthan,,,locality_curated
gram sujwaya gram,Shri Ashok Singh (2024-30) (2024-2030),Madhya Pradesh,,,locality_curated
compound,Shri Mayankkumar Nayak (2024-30) (2024-2030),Gujarat,,,locality_curated
GP Shyampura,Shri Ghanshyam Tiwari (2022-28) (2022-2028),Rajasthan,,,locality_curated
KHAND SUJANGANJ,Smt. Seema Dwivedi (2020-26) (2020-2026),Uttar Pradesh,,,locality_curated
BADSAHPURSARAI CHAUHAN,Smt. Seema Dwivedi (2020-26) (2020-2026),Uttar Pradesh,,,locality_curated
Pannakhurd,Dr. Sarfraz Ahmad (2024-30) (2024-2030),Jharkhand,,,locality_curated
Jogidih,Dr. Sarfraz Ahmad (2024-30) (2024-2030),Jharkhand,,,locality_curated
Pratappur,Dr. Sarfraz Ahmad (2024-30) (2024-2030),Jharkhand,,,locality_curated
Nawadih,Dr. Sarfraz Ahmad (2024-30) (2024-2030),Jharkhand,,,locality_curated
Village Gabba,Dr. Sikander Kumar (2022-28) (2022-2028),Himachal Pradesh,,,locality_curated
Village Kirwin Gram,Dr. Sikander Kumar (2022-28) (2022-2028),Himachal Pradesh,,,locality_curated
Dabryana,Dr. Sikander Kumar (2022-28) (2022-2028),Himachal Pradesh,,,locality_curated
Pillanka,Shri Yerram Venkata Subba Reddy (2024-30) (2024-2030),Andhra Pradesh,,,locality_curated
Mutchinapalli,Shri Yerram Venkata Subba Reddy (2024-30) (2024-2030),Andhra Pradesh,,,locality_curated
Kunaparajuparva,Shri Yerram Venkata Subba Reddy (2024-30) (2024-2030),Andhra Pradesh,,,locality_curated
Maddulaparva,Shri Yerram Venkata Subba Reddy (2024-30) (2024-2030),Andhra Pradesh,,,locality_curated
Chainpur,Shri Khiru Mahto (2022-28) (2022-2028),Bihar,,,locality_curated
Udai,Shri Randeep Singh Surjewala (2022-28) (2022-2028),Rajasthan,,,locality_curated
Jaldega,Shri Aditya Prasad (2022-28) (2022-2028),Jharkhand,,,locality_curated
Kundampalli,Shri Yerram Venkata Subba Reddy (2024-30) (2024-2030),Andhra Pradesh,,,locality_curated
Ummadivaram,Shri Yerram Venkata Subba Reddy (2024-30) (2024-2030),Andhra Pradesh,,,locality_curated
Yandrapalli,Shri Yerram Venkata Subba Reddy (2024-30) (2024-2030),Andhra Pradesh,,,locality_curated
Mallapalem,Shri Yerram Venkata Subba Reddy (2024-30) (2024-2030),Andhra Pradesh,,,locality_curated
Tharigoppula,Shri Anil Kumar Yadav Mandadi (2024-30) (2024-2030),Telangana,,,locality_curated
Village Rohalti Gram,Dr. Sikander Kumar (2022-28) (2022-2028),Himachal Pradesh,,,locality_curated
Village Dhulie Kandoli,Dr. Sikander Kumar (2022-28) (2022-2028),Himachal Pradesh,,,locality_curated
Shamsher Singh,Dr. Sikander Kumar (2022-28) (2022-2028),Himachal Pradesh,,,locality_curated
Nagran,Dr. Sikander Kumar (2022-28) (2022-2028),Himachal Pradesh,,,locality_curated
Samoor,Dr. Sikander Kumar (2022-28) (2022-2028),Himachal Pradesh,,,locality_curated
Behdala,Dr. Sikander Kumar (2022-28) (2022-2028),Himachal Pradesh,,,locality_curated
Karlakhaman,Dr. Sasmit Patra (2022-28) (2022-2028),Odisha,,,locality_curated
Revenue,Shri Ravi Chandra Vaddiraju (2024-30) (2024-2030),Telangana,,,locality_curated
Vengayapalem,Shri Yerram Venkata Subba Reddy (2024-30) (2024-2030),Andhra Pradesh,,,locality_curated
Duvvali,Shri Yerram Venkata Subba Reddy (2024-30) (2024-2030),Andhra Pradesh,,,locality_curated
Annasamudram,Shri Yerram Venkata Subba Reddy (2024-30) (2024-2030),Andhra Pradesh,,,locality_curated
Nayudupalem,Shri Yerram Venkata Subba Reddy (2024-30) (2024-2030),Andhra Pradesh,,,locality_curated
Pullalacheruvu,Shri Yerram Venkata Subba Reddy (2024-30) (2024-2030),Andhra Pradesh,,,locality_curated
Ekalavya,Shri Damodar Rao Divakonda (2022-28) (2022-2028),Telangana,,,locality_curated
Valmiki,Shri Damodar Rao Divakonda (2022-28) (2022-2028),Telangana,,,locality_curated
Hanuman,Shri Damodar Rao Divakonda (2022-28) (2022-2028),Telangana,,,locality_curated
Poshamma,Shri Damodar Rao Divakonda (2022-28) (2022-2028),Telangana,,,locality_curated
Irani me,Shri Mahendra Bhatt (2024-30) (2024-2030),Uttarakhand,,,locality_curated
Village Khamana,Dr. Sikander Kumar (2022-28) (2022-2028),Himachal Pradesh,,,locality_curated
Mandwa,Shri Govindbhai Laljibhai Dholakia (2024-30) (2024-2030),Gujarat,,,locality_curated
Rakker,Dr. Sikander Kumar (2022-28) (2022-2028),Himachal Pradesh,,,locality_curated
Village Jhareri,Dr. Sikander Kumar (2022-28) (2022-2028),Himachal Pradesh,,,locality_curated
Sagapara,Shri Govindbhai Laljibhai Dholakia (2024-30) (2024-2030),Gujarat,,,locality_curated
lights,Dr. Sikander Kumar (2022-28) (2022-2028),Himachal Pradesh,,,locality_curated
Village Dodan Gram,Dr. Sikander Kumar (2022-28) (2022-2028),Himachal Pradesh,,,locality_curated
Sonpari,Shri Govindbhai Laljibhai Dholakia (2024-30) (2024-2030),Gujarat,,,locality_curated
Luwarvav,Shri Govindbhai Laljibhai Dholakia (2024-30) (2024-2030),Gujarat,,,locality_curated
Mansibal,Dr. Sikander Kumar (2022-28) (2022-2028),Himachal Pradesh,,,locality_curated
Vavdi,Shri Govindbhai Laljibhai Dholakia (2024-30) (2024-2030),Gujarat,,,locality_curated
Sarambhada,Shri Govindbhai Laljibhai Dholakia (2024-30) (2024-2030),Gujarat,,,locality_curated
Agariya,Shri Govindbhai Laljibhai Dholakia (2024-30) (2024-2030),Gujarat,,,locality_curated
Dhaman,Dr. Sikander Kumar (2022-28) (2022-2028),Himachal Pradesh,,,locality_curated
Arla,Dr. Sikander Kumar (2022-28) (2022-2028),Himachal Pradesh,,,locality_curated
Mashdoh,Dr. Sikander Kumar (2022-28) (2022-2028),Himachal Pradesh,,,locality_curated
Palua Gram,Dr. Sikander Kumar (2022-28) (2022-2028),Himachal Pradesh,,,locality_curated
Tharoli Kashah Gram,Dr. Sikander Kumar (2022-28) (2022-2028),Himachal Pradesh,,,locality_curated
Malat,Dr. Sikander Kumar (2022-28) (2022-2028),Himachal Pradesh,,,locality_curated
Village Bagi Gram,Dr. Sikander Kumar (2022-28) (2022-2028),Himachal Pradesh,,,locality_curated
Village Shilon,Dr. Sikander Kumar (2022-28) (2022-2028),Himachal Pradesh,,,locality_curated
Basti Chamdhar,Dr. Sikander Kumar (2022-28) (2022-2028),Himachal Pradesh,,,locality_curated
Godarapalli,Dr. Sasmit Patra (2022-28) (2022-2028),Odisha,,,locality_curated
gidasan,Shri Mayankkumar Nayak (2024-30) (2024-2030),Gujarat,,,locality_curated
Village Jangloo,Dr. Sikander Kumar (2022-28) (2022-2028),Himachal Pradesh,,,locality_curated
Village Moin Gram,Dr. Sikander Kumar (2022-28) (2022-2028),Himachal Pradesh,,,locality_curated
Annalagraharam,Shri S. Kalyanasundaram (2022-28) (2022-2028),Tamil Nadu,,,locality_curated
Korkai,Shri S. Kalyanasundaram (2022-28) (2022-2028),Tamil Nadu,,,locality_curated
Krishnakuppam,Shri S. Kalyanasundaram (2022-28) (2022-2028),Tamil Nadu,,,locality_curated
Krishnankuppam,Shri S. Kalyanasundaram (2022-28) (2022-2028),Tamil Nadu,,,locality_curated
Adur Agaram,Shri S. Kalyanasundaram (2022-28) (2022-2028),Tamil Nadu,,,locality_curated
Village Thach Gram,Dr. Sikander Kumar (2022-28) (2022-2028),Himachal Pradesh,,,locality_curated
Chodh,Smt. Sonia Gandhi (2024-30) (2024-2030),Rajasthan,,,locality_curated
Chodiya,Smt. Sonia Gandhi (2024-30) (2024-2030),Rajasthan,,,locality_curated
Modha,Smt. Sonia Gandhi (2024-30) (2024-2030),Rajasthan,,,locality_curated
Pabnasar,Smt. Sonia Gandhi (2024-30) (2024-2030),Rajasthan,,,locality_curated
Dahua,Smt. Sonia Gandhi (2024-30) (2024-2030),Rajasthan,,,locality_curated
Village Pujial Gram,Dr. Sikander Kumar (2022-28) (2022-2028),Himachal Pradesh,,,locality_curated
Karsai,Dr. Sikander Kumar (2022-28) (2022-2028),Himachal Pradesh,,,locality_curated
Semlakala,Smt. Sonia Gandhi (2024-30) (2024-2030),Rajasthan,,,locality_curated
Ottanchathram,Shri S. Kalyanasundaram (2022-28) (2022-2028),Tamil Nadu,,,locality_curated
Kothayam,Shri S. Kalyanasundaram (2022-28) (2022-2028),Tamil Nadu,,,locality_curated
Melkaraipatti,Shri S. Kalyanasundaram (2022-28) (2022-2028),Tamil Nadu,,,locality_curated
Senthamaram Kasba,Shri S. Kalyanasundaram (2022-28) (2022-2028),Tamil Nadu,,,locality_curated
Kovilpappakudi,Shri S. Kalyanasundaram (2022-28) (2022-2028),Tamil Nadu,,,locality_curated
village saukhia,Shri Ramji (2020-26) (2020-2026),Uttar Pradesh,,,locality_curated
village lakshmanpur,Shri Ramji (2020-26) (2020-2026),Uttar Pradesh,,,locality_curated
village lakhaiya,Shri Ramji (2020-26) (2020-2026),Uttar Pradesh,,,locality_curated
kumbhi gola,Shri Ramji (2020-26) (2020-2026),Uttar Pradesh,,,locality_curated
Gelasar,Shri Randeep Singh Surjewala (2022-28) (2022-2028),Rajasthan,,,locality_curated
vindra prasad,Shri Ramji (2020-26) (2020-2026),Uttar Pradesh,,,locality_curated
Yellappanapalya,Shri Jaggesh (2022-28) (2022-2028),Karnataka,,,locality_curated
Chudahalli,Shri Jaggesh (2022-28) (2022-2028),Karnataka,,,locality_curated
Kendagondanahalli,Shri Jaggesh (2022-28) (2022-2028),Karnataka,,,locality_curated
Kovilpappakudi,Shri R. Girirajan (2022-28) (2022-2028),Tamil Nadu,,,locality_curated
Keelathuval,Shri R. Dharmar (2022-28) (2022-2028),Tamil Nadu,,,locality_curated
Nallur,Shri R. Dharmar (2022-28) (2022-2028),Tamil Nadu,,,locality_curated
Chithrangudi,Shri R. Dharmar (2022-28) (2022-2028),Tamil Nadu,,,locality_curated
School,Smt. Sulata Deo (2022-28) (2022-2028),Odisha,,,locality_curated
Asanbani,Smt. Sulata Deo (2022-28) (2022-2028),Odisha,,,locality_curated
Kichanapally,Shri Ravi Chandra Vaddiraju (2024-30) (2024-2030),Telangana,,,locality_curated
jila,Shri Naresh Bansal (2020-26) (2020-2026),Uttarakhand,,,locality_curated
Posukkudi,Shri R. Dharmar (2022-28) (2022-2028),Tamil Nadu,,,locality_curated
Puluthikulam,Shri R. Dharmar (2022-28) (2022-2028),Tamil Nadu,,,locality_curated
Melakannicheri,Shri R. Dharmar (2022-28) (2022-2028),Tamil Nadu,,,locality_curated
Ananthur,Shri R. Dharmar (2022-28) (2022-2028),Tamil Nadu,,,locality_curated
Puthur,Shri R. Dharmar (2022-28) (2022-2028),Tamil Nadu,,,locality_curated
Anuchakudi,Shri R. Dharmar (2022-28) (2022-2028),Tamil Nadu,,,locality_curated
Mugamathiyar puram,Shri R. Dharmar (2022-28) (2022-2028),Tamil Nadu,,,locality_curated
Sathirakudi,Shri R. Dharmar (2022-28) (2022-2028),Tamil Nadu,,,locality_curated
Kothiyarkottai,Shri R. Dharmar (2022-28) (2022-2028),Tamil Nadu,,,locality_curated
Kakkalur,Shri R. Girirajan (2022-28) (2022-2028),Tamil Nadu,,,locality_curated
Gangai Amman,Shri R. Girirajan (2022-28) (2022-2028),Tamil Nadu,,,locality_curated
Anaiyeri,Shri R. Girirajan (2022-28) (2022-2028),Tamil Nadu,,,locality_curated
Chetpet Town,Shri R. Girirajan (2022-28) (2022-2028),Tamil Nadu,,,locality_curated
Darugaon,Shri Manas Ranjan Mangaraj (2022-28) (2022-2028),Odisha,,,locality_curated
Fulagorada,Shri Manas Ranjan Mangaraj (2022-28) (2022-2028),Odisha,,,locality_curated
School Mahamadpur,Smt. Sulata Deo (2022-28) (2022-2028),Odisha,,,locality_curated
Dhubagadia,Smt. Sulata Deo (2022-28) (2022-2028),Odisha,,,locality_curated
Ghata,Smt. Sulata Deo (2022-28) (2022-2028),Odisha,,,locality_curated
Jharanaghati Hudisahi Darkhuli,Smt. Sulata Deo (2022-28) (2022-2028),Odisha,,,locality_curated
tank,Smt. Sulata Deo (2022-28) (2022-2028),Odisha,,,locality_curated
Besaroli,Shri Pramod Tiwari (2022-28) (2022-2028),Rajasthan,,,locality_curated
Borol,Shri Mayankkumar Nayak (2024-30) (2024-2030),Gujarat,,,locality_curated
Pidwa,Smt. Sonia Gandhi (2024-30) (2024-2030),Rajasthan,,,locality_curated
Raidenu,Smt. Sonia Gandhi (2024-30) (2024-2030),Rajasthan,,,locality_curated
Garipalli,Shri Meda Raghunadha Reddy (2024-30) (2024-2030),Andhra Pradesh,,,locality_curated
Ananthaiahgaripalli,Shri Meda Raghunadha Reddy (2024-30) (2024-2030),Andhra Pradesh,,,locality_curated
Pullampeta,Shri Meda Raghunadha Reddy (2024-30) (2024-2030),Andhra Pradesh,,,locality_curated
Yerripapayagaripalli,Shri Meda Raghunadha Reddy (2024-30) (2024-2030),Andhra Pradesh,,,locality_curated
Edarapalli,Shri Meda Raghunadha Reddy (2024-30) (2024-2030),Andhra Pradesh,,,locality_curated
Boyanapalli,Shri Meda Raghunadha Reddy (2024-30) (2024-2030),Andhra Pradesh,,,locality_curated
Yallagada,Shri Meda Raghunadha Reddy (2024-30) (2024-2030),Andhra Pradesh,,,locality_curated
Yekinapalli,Shri Meda Raghunadha Reddy (2024-30) (2024-2030),Andhra Pradesh,,,locality_curated
Lakshminarayana,Shri Meda Raghunadha Reddy (2024-30) (2024-2030),Andhra Pradesh,,,locality_curated
Seethampeta of Thatiguntapalli,Shri Meda Raghunadha Reddy (2024-30) (2024-2030),Andhra Pradesh,,,locality_curated
Rachapalli,Shri Meda Raghunadha Reddy (2024-30) (2024-2030),Andhra Pradesh,,,locality_curated
Pennaperu,Shri Meda Raghunadha Reddy (2024-30) (2024-2030),Andhra Pradesh,,,locality_curated
Madhavaram,Shri Meda Raghunadha Reddy (2024-30) (2024-2030),Andhra Pradesh,,,locality_curated
Village and Gram,Shri Mukul Wasnik (2022-28) (2022-2028),Rajasthan,,,locality_curated
Thrikkunnapuzha,Shri Haris Beeran (2024-30) (2024-2030),Kerala,,,locality_curated
Kodikulam,Shri Haris Beeran (2024-30) (2024-2030),Kerala,,,locality_curated
Karikkode,Shri Haris Beeran (2024-30) (2024-2030),Kerala,,,locality_curated
Kunjithanni,Shri Haris Beeran (2024-30) (2024-2030),Kerala,,,locality_curated
Karikode,Shri Haris Beeran (2024-30) (2024-2030),Kerala,,,locality_curated
Kumaramangalam,Shri Haris Beeran (2024-30) (2024-2030),Kerala,,,locality_curated
Arafa,Shri Haris Beeran (2024-30) (2024-2030),Kerala,,,locality_curated
kuruvinampara juma,Shri Haris Beeran (2024-30) (2024-2030),Kerala,,,locality_curated
Badriyya,Shri Haris Beeran (2024-30) (2024-2030),Kerala,,,locality_curated
Bandhra,Shri Pramod Tiwari (2022-28) (2022-2028),Rajasthan,,,locality_curated
raj,Dr. Faiyaz Ahmad (2022-28) (2022-2028),Bihar,,,locality_curated
Jagwan Purvi,Dr. Faiyaz Ahmad (2022-28) (2022-2028),Bihar,,,locality_curated
Kakraul Uttari,Dr. Faiyaz Ahmad (2022-28) (2022-2028),Bihar,,,locality_curated
Kakraul Dakshini,Dr. Faiyaz Ahmad (2022-28) (2022-2028),Bihar,,,locality_curated
Narsam Dakshini,Dr. Faiyaz Ahmad (2022-28) (2022-2028),Bihar,,,locality_curated
Rupauli Uttari,Dr. Faiyaz Ahmad (2022-28) (2022-2028),Bihar,,,locality_curated
sadegaon,Dr. Anil Sukhdeorao Bonde (2022-28) (2022-2028),Maharashtra,,,locality_curated
Jhoteshwar,Shri Vivek K. Tankha (2022-28) (2022-2028),Madhya Pradesh,,,locality_curated
Kude,Shri Vivek K. Tankha (2022-28) (2022-2028),Madhya Pradesh,,,locality_curated
Sakra,Shri Vivek K. Tankha (2022-28) (2022-2028),Madhya Pradesh,,,locality_curated
sangambanda,Shri V. Vijayendra Prasad (2022-28) (2022-2028),Andhra Pradesh,,,locality_curated
Sangambanda,Shri V. Vijayendra Prasad (2022-28) (2022-2028),Andhra Pradesh,,,locality_curated
katrevpalle,Shri V. Vijayendra Prasad (2022-28) (2022-2028),Andhra Pradesh,,,locality_curated
Babachiya,Shri Vivek K. Tankha (2022-28) (2022-2028),Madhya Pradesh,,,locality_curated
Ganj,Shri Vivek K. Tankha (2022-28) (2022-2028),Madhya Pradesh,,,locality_curated
Dundi,Shri Vivek K. Tankha (2022-28) (2022-2028),Madhya Pradesh,,,locality_curated
Mahagawan,Shri Vivek K. Tankha (2022-28) (2022-2028),Madhya Pradesh,,,locality_curated
Tabio,Smt. Ranjeet Ranjan (2022-28) (2022-2028),Chhattisgarh,,,locality_curated
gram Anghora,Shri Vivek K. Tankha (2022-28) (2022-2028),Madhya Pradesh,,,locality_curated
Lalpur,Shri Vivek K. Tankha (2022-28) (2022-2028),Madhya Pradesh,,,locality_curated
Bilgada,Shri Vivek K. Tankha (2022-28) (2022-2028),Madhya Pradesh,,,locality_curated
Harduwa,Shri Vivek K. Tankha (2022-28) (2022-2028),Madhya Pradesh,,,locality_curated
Lakhanpur,Shri Vivek K. Tankha (2022-28) (2022-2028),Madhya Pradesh,,,locality_curated
Kandalia,Smt. Sulata Deo (2022-28) (2022-2028),Odisha,,,locality_curated
Kata,Smt. Sulata Deo (2022-28) (2022-2028),Odisha,,,locality_curated
Bhaliadahar,Smt. Sulata Deo (2022-28) (2022-2028),Odisha,,,locality_curated
Pathuri,Smt. Sulata Deo (2022-28) (2022-2028),Odisha,,,locality_curated
Simila,Smt. Sulata Deo (2022-28) (2022-2028),Odisha,,,locality_curated
Tarini,Smt. Sulata Deo (2022-28) (2022-2028),Odisha,,,locality_curated
Butanga,Smt. Ranjeet Ranjan (2022-28) (2022-2028),Chhattisgarh,,,locality_curated
Siva,Smt. Sulata Deo (2022-28) (2022-2028),Odisha,,,locality_curated
Koteshwar Mahadev,Shri Harsh Mahajan (2024-30) (2024-2030),Himachal Pradesh,,,locality_curated
Village Kudara,Dr. Sikander Kumar (2022-28) (2022-2028),Himachal Pradesh,,,locality_curated
Sharma,Dr. Sikander Kumar (2022-28) (2022-2028),Himachal Pradesh,,,locality_curated
Shakoli Stoppage,Dr. Sikander Kumar (2022-28) (2022-2028),Himachal Pradesh,,,locality_curated
Pinapalla,Shri Ryaga Krishnaiah (2024-28) (2024-2028),Andhra Pradesh,,,locality_curated
GandhiGraamam,Shri Sandosh Kumar P (2022-28) (2022-2028),Kerala,,,locality_curated
Murli basantpur,Prof. Manoj Kumar Jha (2024-30) (2024-2030),Bihar,,,locality_curated
Narshingh Baba,Prof. Manoj Kumar Jha (2024-30) (2024-2030),Bihar,,,locality_curated
Sarauni Madhepura,Prof. Manoj Kumar Jha (2024-30) (2024-2030),Bihar,,,locality_curated
Bajkot,Shri Mayankkumar Nayak (2024-30) (2024-2030),Gujarat,,,locality_curated
Hanuman,Prof. Manoj Kumar Jha (2024-30) (2024-2030),Bihar,,,locality_curated
High,Prof. Manoj Kumar Jha (2024-30) (2024-2030),Bihar,,,locality_curated
Sahuriya East,Prof. Manoj Kumar Jha (2024-30) (2024-2030),Bihar,,,locality_curated
Krishna,Prof. Manoj Kumar Jha (2024-30) (2024-2030),Bihar,,,locality_curated
Shiv,Prof. Manoj Kumar Jha (2024-30) (2024-2030),Bihar,,,locality_curated
krishna,Prof. Manoj Kumar Jha (2024-30) (2024-2030),Bihar,,,locality_curated
Kharka telwa,Prof. Manoj Kumar Jha (2024-30) (2024-2030),Bihar,,,locality_curated
Manjaul,Prof. Manoj Kumar Jha (2024-30) (2024-2030),Bihar,,,locality_curated
Chainpur purani Kali,Prof. Manoj Kumar Jha (2024-30) (2024-2030),Bihar,,,locality_curated
Chainpur nayi Kali,Prof. Manoj Kumar Jha (2024-30) (2024-2030),Bihar,,,locality_curated
Khajuraha,Prof. Manoj Kumar Jha (2024-30) (2024-2030),Bihar,,,locality_curated
Golma west,Prof. Manoj Kumar Jha (2024-30) (2024-2030),Bihar,,,locality_curated
ramjanki,Prof. Manoj Kumar Jha (2024-30) (2024-2030),Bihar,,,locality_curated
shiv,Prof. Manoj Kumar Jha (2024-30) (2024-2030),Bihar,,,locality_curated
binpura,Shri Balyogi Umeshnath (2024-30) (2024-2030),Madhya Pradesh,,,locality_curated
animal,Dr. Parmar Jashvantsinh Salamsinh (2024-30) (2024-2030),Gujarat,,,locality_curated
shaniyada,Dr. Parmar Jashvantsinh Salamsinh (2024-30) (2024-2030),Gujarat,,,locality_curated
damavav nishal,Dr. Parmar Jashvantsinh Salamsinh (2024-30) (2024-2030),Gujarat,,,locality_curated
Kallur Gram,Shri Ryaga Krishnaiah (2024-28) (2024-2028),Andhra Pradesh,,,locality_curated
Gudipatipalli,Shri Yerram Venkata Subba Reddy (2024-30) (2024-2030),Andhra Pradesh,,,locality_curated
Barigara,Shri Rwngwra Narzary (2022-28) (2022-2028),Assam,,,locality_curated
Kankot,Shri Govindbhai Laljibhai Dholakia (2024-30) (2024-2030),Gujarat,,,locality_curated
fattepur,Shri Govindbhai Laljibhai Dholakia (2024-30) (2024-2030),Gujarat,,,locality_curated
BANDA KHERA,Shri Javed Ali Khan (2022-28) (2022-2028),Uttar Pradesh,,,locality_curated
Gram,Dr. Kavita Patidar (2022-28) (2022-2028),Madhya Pradesh,,,locality_curated
Gram TilyaKhedi,Dr. Kavita Patidar (2022-28) (2022-2028),Madhya Pradesh,,,locality_curated
katghara Janpad,Dr. Kavita Patidar (2022-28) (2022-2028),Madhya Pradesh,,,locality_curated
Ranjit,Shri Harbhajan Singh (2022-28) (2022-2028),Punjab,,,locality_curated
ranjit,Shri Harbhajan Singh (2022-28) (2022-2028),Punjab,,,locality_curated
gram suwagaon,Shri Balyogi Umeshnath (2024-30) (2024-2030),Madhya Pradesh,,,locality_curated
Chitrodipura Gram,Shri Mayankkumar Nayak (2024-30) (2024-2030),Gujarat,,,locality_curated
Basaralu,Shri G.C. Chandrashekhar (2024-30) (2024-2030),Karnataka,,,locality_curated
GRAM DHARAMSHALA,Shri Javed Ali Khan (2022-28) (2022-2028),Uttar Pradesh,,,locality_curated
NAGLA KAHARI,Shri Javed Ali Khan (2022-28) (2022-2028),Uttar Pradesh,,,locality_curated
Sartanjidada,Shri Kesridevsinh Jhala (2023-29) (2023-2029),Gujarat,,,locality_curated
Garia,Shri Kesridevsinh Jhala (2023-29) (2023-2029),Gujarat,,,locality_curated
Dhuva,Shri Kesridevsinh Jhala (2023-29) (2023-2029),Gujarat,,,locality_curated
Panchamukhi Hanuman,Shri Manas Ranjan Mangaraj (2022-28) (2022-2028),Odisha,,,locality_curated
amarpura,Shri Balyogi Umeshnath (2024-30) (2024-2030),Madhya Pradesh,,,locality_curated
Shiv,Smt. Mahua Maji (2022-28) (2022-2028),Jharkhand,,,locality_curated
Gawala Toli Durga,Smt. Mahua Maji (2022-28) (2022-2028),Jharkhand,,,locality_curated
Mangal Baitha,Smt. Mahua Maji (2022-28) (2022-2028),Jharkhand,,,locality_curated
Bajrangbali,Smt. Mahua Maji (2022-28) (2022-2028),Jharkhand,,,locality_curated
Hesal Shiv,Smt. Mahua Maji (2022-28) (2022-2028),Jharkhand,,,locality_curated
Badadanda Chhaka,Smt. Sulata Deo (2022-28) (2022-2028),Odisha,,,locality_curated
Harijan Sahi Chhaka,Smt. Sulata Deo (2022-28) (2022-2028),Odisha,,,locality_curated
Bhoi Sahi Chhaka,Smt. Sulata Deo (2022-28) (2022-2028),Odisha,,,locality_curated
Laxmi Mandap Chhaka,Smt. Sulata Deo (2022-28) (2022-2028),Odisha,,,locality_curated
Tarekeswar Chhaka,Smt. Sulata Deo (2022-28) (2022-2028),Odisha,,,locality_curated
Gopalpur Hata Chhaka,Smt. Sulata Deo (2022-28) (2022-2028),Odisha,,,locality_curated
Udugulapalli,Shri Yerram Venkata Subba Reddy (2024-30) (2024-2030),Andhra Pradesh,,,locality_curated
Nakkalapalli,Shri Yerram Venkata Subba Reddy (2024-30) (2024-2030),Andhra Pradesh,,,locality_curated
buxar,Shri Akhilesh Prasad Singh (2024-30) (2024-2030),Bihar,,,locality_curated
Buddhu Baba,Smt. Sadhna Singh (2024-30) (2024-2030),Uttar Pradesh,,,locality_curated
Malakatipalli,Shri Meda Raghunadha Reddy (2024-30) (2024-2030),Andhra Pradesh,,,locality_curated
Rachagudipalli,Shri Meda Raghunadha Reddy (2024-30) (2024-2030),Andhra Pradesh,,,locality_curated
Kondamachupalli,Shri Meda Raghunadha Reddy (2024-30) (2024-2030),Andhra Pradesh,,,locality_curated
Gollapalli,Shri Meda Raghunadha Reddy (2024-30) (2024-2030),Andhra Pradesh,,,locality_curated
Bavasi,Shri Chunnilal Garasiya (2024-30) (2024-2030),Rajasthan,,,locality_curated
Ninama,Shri Chunnilal Garasiya (2024-30) (2024-2030),Rajasthan,,,locality_curated
locality,Shri Chunnilal Garasiya (2024-30) (2024-2030),Rajasthan,,,locality_curated
Patan,Shri Randeep Singh Surjewala (2022-28) (2022-2028),Rajasthan,,,locality_curated
Phephana,Shri Randeep Singh Surjewala (2022-28) (2022-2028),Rajasthan,,,locality_curated
PallariMangalam,Shri Haris Beeran (2024-30) (2024-2030),Kerala,,,locality_curated
Kodangudi,Shri S. Kalyanasundaram (2022-28) (2022-2028),Tamil Nadu,,,locality_curated
Vaiyankudi,Shri S. Kalyanasundaram (2022-28) (2022-2028),Tamil Nadu,,,locality_curated
Pattur,Shri S. Kalyanasundaram (2022-28) (2022-2028),Tamil Nadu,,,locality_curated
Koil Pattur,Shri S. Kalyanasundaram (2022-28) (2022-2028),Tamil Nadu,,,locality_curated
Nidhinatham,Shri S. Kalyanasundaram (2022-28) (2022-2028),Tamil Nadu,,,locality_curated
Sirumulai,Shri S. Kalyanasundaram (2022-28) (2022-2028),Tamil Nadu,,,locality_curated
Pulivalam,Shri S. Kalyanasundaram (2022-28) (2022-2028),Tamil Nadu,,,locality_curated
Keeranur E,Shri S. Kalyanasundaram (2022-28) (2022-2028),Tamil Nadu,,,locality_curated
Ivanur,Shri S. Kalyanasundaram (2022-28) (2022-2028),Tamil Nadu,,,locality_curated
Avati,Shri S. Kalyanasundaram (2022-28) (2022-2028),Tamil Nadu,,,locality_curated
korakkai,Shri S. Kalyanasundaram (2022-28) (2022-2028),Tamil Nadu,,,locality_curated
tholudur,Shri S. Kalyanasundaram (2022-28) (2022-2028),Tamil Nadu,,,locality_curated
Keelcheruvai,Shri S. Kalyanasundaram (2022-28) (2022-2028),Tamil Nadu,,,locality_curated
Arangur,Shri S. Kalyanasundaram (2022-28) (2022-2028),Tamil Nadu,,,locality_curated
Akkanur,Shri S. Kalyanasundaram (2022-28) (2022-2028),Tamil Nadu,,,locality_curated
Vagaiyur,Shri S. Kalyanasundaram (2022-28) (2022-2028),Tamil Nadu,,,locality_curated
Kadapayapalli,Shri Meda Raghunadha Reddy (2024-30) (2024-2030),Andhra Pradesh,,,locality_curated
Lingampalli,Shri Meda Raghunadha Reddy (2024-30) (2024-2030),Andhra Pradesh,,,locality_curated
Jyothi,Shri Meda Raghunadha Reddy (2024-30) (2024-2030),Andhra Pradesh,,,locality_curated
Bogidivari Palli,Shri Meda Raghunadha Reddy (2024-30) (2024-2030),Andhra Pradesh,,,locality_curated
Bhakarapet,Shri Meda Raghunadha Reddy (2024-30) (2024-2030),Andhra Pradesh,,,locality_curated
Bisha,Shri Harsh Mahajan (2024-30) (2024-2030),Himachal Pradesh,,,locality_curated
Kittana Halli,Shri Jaggesh (2022-28) (2022-2028),Karnataka,,,locality_curated
Kondempudi,Shri Meda Raghunadha Reddy (2024-30) (2024-2030),Andhra Pradesh,,,locality_curated
Narasayyapeta,Shri Meda Raghunadha Reddy (2024-30) (2024-2030),Andhra Pradesh,,,locality_curated
Nallathimmayapalle,Shri Meda Raghunadha Reddy (2024-30) (2024-2030),Andhra Pradesh,,,locality_curated
Puvanthi,Shri P. Chidambaram (2022-28) (2022-2028),Tamil Nadu,,,locality_curated
Kattikulam,Shri P. Chidambaram (2022-28) (2022-2028),Tamil Nadu,,,locality_curated
Vempathur,Shri P. Chidambaram (2022-28) (2022-2028),Tamil Nadu,,,locality_curated
Sirukappatti,Shri P. Chidambaram (2022-28) (2022-2028),Tamil Nadu,,,locality_curated
Ghatkul,Dr. Sarfraz Ahmad (2024-30) (2024-2030),Jharkhand,,,locality_curated
Bankikala,Dr. Sarfraz Ahmad (2024-30) (2024-2030),Jharkhand,,,locality_curated
Faljharia,Dr. Sarfraz Ahmad (2024-30) (2024-2030),Jharkhand,,,locality_curated
village Budhudih,Dr. Sarfraz Ahmad (2024-30) (2024-2030),Jharkhand,,,locality_curated
Karibank,Dr. Sarfraz Ahmad (2024-30) (2024-2030),Jharkhand,,,locality_curated
Bandgunda,Dr. Sarfraz Ahmad (2024-30) (2024-2030),Jharkhand,,,locality_curated
Fuljori,Dr. Sarfraz Ahmad (2024-30) (2024-2030),Jharkhand,,,locality_curated
Fauladpur,Shri Randeep Singh Surjewala (2022-28) (2022-2028),Rajasthan,,,locality_curated
Saur,Dr. Anil Sukhdeorao Bonde (2022-28) (2022-2028),Maharashtra,,,locality_curated
Panditivaripalem,Shri Meda Raghunadha Reddy (2024-30) (2024-2030),Andhra Pradesh,,,locality_curated
Nagar,Dr. Kalpana Saini (2022-28) (2022-2028),Uttarakhand,,,locality_curated
paikjugpura baisinga,Smt. Sulata Deo (2022-28) (2022-2028),Odisha,,,locality_curated
Orsaka,Smt. Sulata Deo (2022-28) (2022-2028),Odisha,,,locality_curated
Tejrawan,Smt. Sonia Gandhi (2024-30) (2024-2030),Rajasthan,,,locality_curated
Ramachandrapuram,Shri Anil Kumar Yadav Mandadi (2024-30) (2024-2030),Telangana,,,locality_curated
Komireddypally,Shri Anil Kumar Yadav Mandadi (2024-30) (2024-2030),Telangana,,,locality_curated
Komiredypally,Shri Anil Kumar Yadav Mandadi (2024-30) (2024-2030),Telangana,,,locality_curated
South,Dr. John Brittas (2021-27) (2021-2027),Kerala,,,locality_curated
Pandariya,Smt. Ranjeet Ranjan (2022-28) (2022-2028),Chhattisgarh,,,locality_curated
Bhuigaon,Smt. Ranjeet Ranjan (2022-28) (2022-2028),Chhattisgarh,,,locality_curated
Tanaud,Smt. Ranjeet Ranjan (2022-28) (2022-2028),Chhattisgarh,,,locality_curated
Munderi Grama,Dr. John Brittas (2021-27) (2021-2027),Kerala,,,locality_curated
Melapatti,Shri K.R.N. Rajeshkumar (2022-28) (2022-2028),Tamil Nadu,,,locality_curated
Kalappanayakkanpatti Town,Shri K.R.N. Rajeshkumar (2022-28) (2022-2028),Tamil Nadu,,,locality_curated
Potaldhia,Smt. Sulata Deo (2022-28) (2022-2028),Odisha,,,locality_curated
ghata,Smt. Sulata Deo (2022-28) (2022-2028),Odisha,,,locality_curated
Nagar,Shri Amar Pal Maurya (2024-30) (2024-2030),Uttar Pradesh,,,locality_curated
nadaura,Shri Akhilesh Prasad Singh (2024-30) (2024-2030),Bihar,,,locality_curated
Metpalli,Shri Damodar Rao Divakonda (2022-28) (2022-2028),Telangana,,,locality_curated
Mudampadu,Shri Meda Raghunadha Reddy (2024-30) (2024-2030),Andhra Pradesh,,,locality_curated
Erragudidinne,Shri Meda Raghunadha Reddy (2024-30) (2024-2030),Andhra Pradesh,,,locality_curated
barwala,Smt. Rekha Sharma (2024-28) (2024-2028),Haryana,,,locality_curated
thapli,Smt. Rekha Sharma (2024-28) (2024-2028),Haryana,,,locality_curated
kharkua,Smt. Rekha Sharma (2024-28) (2024-2028),Haryana,,,locality_curated
Chuttu Palu,Shri Aditya Prasad (2022-28) (2022-2028),Jharkhand,,,locality_curated
Hutup,Shri Aditya Prasad (2022-28) (2022-2028),Jharkhand,,,locality_curated
Ram,Shri Aditya Prasad (2022-28) (2022-2028),Jharkhand,,,locality_curated
Sukurhutu of Sukurhutu,Shri Aditya Prasad (2022-28) (2022-2028),Jharkhand,,,locality_curated
Pithoriya,Shri Aditya Prasad (2022-28) (2022-2028),Jharkhand,,,locality_curated
Patratu,Shri Aditya Prasad (2022-28) (2022-2028),Jharkhand,,,locality_curated
Raydi,Shri Govindbhai Laljibhai Dholakia (2024-30) (2024-2030),Gujarat,,,locality_curated
Galol,Shri Govindbhai Laljibhai Dholakia (2024-30) (2024-2030),Gujarat,,,locality_curated
Charaniya,Shri Govindbhai Laljibhai Dholakia (2024-30) (2024-2030),Gujarat,,,locality_curated
Boriya,Shri Govindbhai Laljibhai Dholakia (2024-30) (2024-2030),Gujarat,,,locality_curated
Vadasada,Shri Govindbhai Laljibhai Dholakia (2024-30) (2024-2030),Gujarat,,,locality_curated
Garikaparru,Shri Yerram Venkata Subba Reddy (2024-30) (2024-2030),Andhra Pradesh,,,locality_curated
Cheruvu,Shri Yerram Venkata Subba Reddy (2024-30) (2024-2030),Andhra Pradesh,,,locality_curated
Ravinuthala,Shri Yerram Venkata Subba Reddy (2024-30) (2024-2030),Andhra Pradesh,,,locality_curated
Sai,Smt. Sumitra Balmik (2022-28) (2022-2028),Madhya Pradesh,,,locality_curated
devrasan,Shri Mayankkumar Nayak (2024-30) (2024-2030),Gujarat,,,locality_curated
Tikar,Shri Pradip Kumar Varma (2024-30) (2024-2030),Jharkhand,,,locality_curated
Belthangady,Dr. Dharmasthala Veerendra Heggade (2022-28) (2022-2028),Karnataka,12.9899316,75.2789925,nominatim
Dharmasthala Gram,Dr. Dharmasthala Veerendra Heggade (2022-28) (2022-2028),Karnataka,12.9519571,75.3813122,nominatim
thenipet,Shri P. Chidambaram (2022-28) (2022-2028),Tamil Nadu,,,locality_curated
Pandari,Dr. Sarfraz Ahmad (2024-30) (2024-2030),Jharkhand,,,locality_curated
Bazar,Dr. Sarfraz Ahmad (2024-30) (2024-2030),Jharkhand,,,locality_curated
Parvatpur,Dr. Sarfraz Ahmad (2024-30) (2024-2030),Jharkhand,,,locality_curated
Champapur,Dr. Sarfraz Ahmad (2024-30) (2024-2030),Jharkhand,,,locality_curated
Mednisare,Dr. Sarfraz Ahmad (2024-30) (2024-2030),Jharkhand,,,locality_curated
Dokidih,Dr. Sarfraz Ahmad (2024-30) (2024-2030),Jharkhand,,,locality_curated
Khargadih,Dr. Sarfraz Ahmad (2024-30) (2024-2030),Jharkhand,,,locality_curated
Chapuwadih,Dr. Sarfraz Ahmad (2024-30) (2024-2030),Jharkhand,,,locality_curated
Baikala,Dr. Sarfraz Ahmad (2024-30) (2024-2030),Jharkhand,,,locality_curated
Kala,Dr. Sarfraz Ahmad (2024-30) (2024-2030),Jharkhand,,,locality_curated
Gardiya,Shri Mukul Wasnik (2022-28) (2022-2028),Rajasthan,,,locality_curated
Bhabroo,Shri Mukul Wasnik (2022-28) (2022-2028),Rajasthan,,,locality_curated
Ararki,Shri Mukul Wasnik (2022-28) (2022-2028),Rajasthan,,,locality_curated
mangudi,Shri P. Chidambaram (2022-28) (2022-2028),Tamil Nadu,,,locality_curated
Patan,Shri Mukul Wasnik (2022-28) (2022-2028),Rajasthan,,,locality_curated
Paparda,Shri Mukul Wasnik (2022-28) (2022-2028),Rajasthan,,,locality_curated
Basda,Shri Mukul Wasnik (2022-28) (2022-2028),Rajasthan,,,locality_curated
Azizpur,Shri Mukul Wasnik (2022-28) (2022-2028),Rajasthan,,,locality_curated
Fauladpur,Shri Mukul Wasnik (2022-28) (2022-2028),Rajasthan,,,locality_curated
Mandal,Shri Mukul Wasnik (2022-28) (2022-2028),Rajasthan,,,locality_curated
Deep Paschim,Shri Sanjay Kumar Jha (2024-30) (2024-2030),Bihar,,,locality_curated
Antalo,Smt. Sulata Deo (2022-28) (2022-2028),Odisha,,,locality_curated
Mirzapur,Smt. Sulata Deo (2022-28) (2022-2028),Odisha,,,locality_curated
pokharia,Smt. Sulata Deo (2022-28) (2022-2028),Odisha,,,locality_curated
Jharpokharia,Smt. Sulata Deo (2022-28) (2022-2028),Odisha,,,locality_curated
Mandap,Smt. Sulata Deo (2022-28) (2022-2028),Odisha,,,locality_curated
Modipur,Shri Mayankkumar Nayak (2024-30) (2024-2030),Gujarat,,,locality_curated
Arariya Sangram,Shri Sanjay Kumar Jha (2024-30) (2024-2030),Bihar,,,locality_curated
Valluru,Shri Yerram Venkata Subba Reddy (2024-30) (2024-2030),Andhra Pradesh,,,locality_curated
Kakreu,Shri Mukul Wasnik (2022-28) (2022-2028),Rajasthan,,,locality_curated
Nand,Shri Mukul Wasnik (2022-28) (2022-2028),Rajasthan,,,locality_curated
Tejrawa,Shri Mukul Wasnik (2022-28) (2022-2028),Rajasthan,,,locality_curated
Tejmalta,Shri Mukul Wasnik (2022-28) (2022-2028),Rajasthan,,,locality_curated
Harpur Rai,Shri Akhilesh Prasad Singh (2024-30) (2024-2030),Bihar,,,locality_curated
Mehta Tola,Shri Akhilesh Prasad Singh (2024-30) (2024-2030),Bihar,,,locality_curated
Dwlwgami Brahma,Shri Rwngwra Narzary (2022-28) (2022-2028),Assam,,,locality_curated
sudempuri Brahma,Shri Rwngwra Narzary (2022-28) (2022-2028),Assam,,,locality_curated
Hasraobari,Shri Rwngwra Narzary (2022-28) (2022-2028),Assam,,,locality_curated
Amguri,Shri Rwngwra Narzary (2022-28) (2022-2028),Assam,,,locality_curated
MADHUBANI MADHEPUR,Dr. Dharmshila Gupta (2024-30) (2024-2030),Bihar,,,locality_curated
Maigaon thuribari,Shri Rwngwra Narzary (2022-28) (2022-2028),Assam,,,locality_curated
Salguri,Shri Rwngwra Narzary (2022-28) (2022-2028),Assam,,,locality_curated
father Teja,Shri Chunnilal Garasiya (2024-30) (2024-2030),Rajasthan,,,locality_curated
Kherwada,Shri Chunnilal Garasiya (2024-30) (2024-2030),Rajasthan,,,locality_curated
Gunta,Shri Masthan Rao Yadav Beedha (2024-28) (2024-2028),Andhra Pradesh,,,locality_curated
Tatipamula,Shri Anil Kumar Yadav Mandadi (2024-30) (2024-2030),Telangana,,,locality_curated
Hadanpara,Shri Rwngwra Narzary (2022-28) (2022-2028),Assam,,,locality_curated
towards,Dr. L. Murugan (2024-30) (2024-2030),Madhya Pradesh,,,locality_curated
Hanuman,Dr. L. Murugan (2024-30) (2024-2030),Madhya Pradesh,,,locality_curated
R Puthupatti,Shri K.R.N. Rajeshkumar (2022-28) (2022-2028),Tamil Nadu,,,locality_curated
Bommasamudram village,Shri K.R.N. Rajeshkumar (2022-28) (2022-2028),Tamil Nadu,,,locality_curated
Semlakalan,Smt. Sonia Gandhi (2024-30) (2024-2030),Rajasthan,,,locality_curated
Balarva,Smt. Sonia Gandhi (2024-30) (2024-2030),Rajasthan,,,locality_curated
Sanau,Smt. Sonia Gandhi (2024-30) (2024-2030),Rajasthan,,,locality_curated
Gudani,Smt. Sonia Gandhi (2024-30) (2024-2030),Rajasthan,,,locality_curated
Kohra,Smt. Sonia Gandhi (2024-30) (2024-2030),Rajasthan,,,locality_curated
Badoda,Smt. Sonia Gandhi (2024-30) (2024-2030),Rajasthan,,,locality_curated
Salka,Smt. Sonia Gandhi (2024-30) (2024-2030),Rajasthan,,,locality_curated
Shitla Mataji,Shri Babubhai Jesangbhai Desai (2023-29) (2023-2029),Gujarat,,,locality_curated
Aaladiyur,Shri R. Dharmar (2022-28) (2022-2028),Tamil Nadu,,,locality_curated
Thattanenthal,Shri R. Dharmar (2022-28) (2022-2028),Tamil Nadu,,,locality_curated
Kavalkottam,Shri R. Dharmar (2022-28) (2022-2028),Tamil Nadu,,,locality_curated
Venner vaikkal,Shri R. Dharmar (2022-28) (2022-2028),Tamil Nadu,,,locality_curated
Kottaimedu,Shri R. Dharmar (2022-28) (2022-2028),Tamil Nadu,,,locality_curated
Samaththuvapuram,Shri R. Dharmar (2022-28) (2022-2028),Tamil Nadu,,,locality_curated
Surankottai,Shri R. Dharmar (2022-28) (2022-2028),Tamil Nadu,,,locality_curated
Aduthakudi,Shri R. Dharmar (2022-28) (2022-2028),Tamil Nadu,,,locality_curated
Kodikkulam,Shri R. Dharmar (2022-28) (2022-2028),Tamil Nadu,,,locality_curated
Pudukottai,Shri R. Dharmar (2022-28) (2022-2028),Tamil Nadu,,,locality_curated
Parsiya,Shri Arun Singh (2020-26) (2020-2026),Uttar Pradesh,,,locality_curated
Kanauthi,Shri Arun Singh (2020-26) (2020-2026),Uttar Pradesh,,,locality_curated
Radha Krishna,Shri Arun Singh (2020-26) (2020-2026),Uttar Pradesh,,,locality_curated
Village,Shri Arun Singh (2020-26) (2020-2026),Uttar Pradesh,,,locality_curated
Pahadi,Shri Arun Singh (2020-26) (2020-2026),Uttar Pradesh,,,locality_curated
Pahari,Shri Arun Singh (2020-26) (2020-2026),Uttar Pradesh,,,locality_curated
Moothedam,Shri Abdul Wahab (2021-27) (2021-2027),Kerala,,,locality_curated
pathway Pulamanthole,Shri Abdul Wahab (2021-27) (2021-2027),Kerala,,,locality_curated
Yergi,Dr. Ajeet Madhavrao Gopchade (2024-30) (2024-2030),Maharashtra,,,locality_curated
Manda,Shri Vivek K. Tankha (2022-28) (2022-2028),Madhya Pradesh,,,locality_curated
Jamiatul Qurais,Smt. Mahua Maji (2022-28) (2022-2028),Jharkhand,,,locality_curated
Chotanagpur,Smt. Mahua Maji (2022-28) (2022-2028),Jharkhand,,,locality_curated
Giri Anchal Mahavir,Smt. Mahua Maji (2022-28) (2022-2028),Jharkhand,,,locality_curated
Maruti Neelkanth,Smt. Mahua Maji (2022-28) (2022-2028),Jharkhand,,,locality_curated
Ramzaan,Smt. Mahua Maji (2022-28) (2022-2028),Jharkhand,,,locality_curated
Bagaswahi,Shri Vivek K. Tankha (2022-28) (2022-2028),Madhya Pradesh,,,locality_curated
Saroli,Shri Vivek K. Tankha (2022-28) (2022-2028),Madhya Pradesh,,,locality_curated
Jitpur under Raghunathpur,Shri Samik Bhattacharya (2024-30) (2024-2030),West Bengal,,,locality_curated
Chadotar,Shri Mayankkumar Nayak (2024-30) (2024-2030),Gujarat,,,locality_curated
within Nabla,Shri Samik Bhattacharya (2024-30) (2024-2030),West Bengal,,,locality_curated
primary,Shri Mayankkumar Nayak (2024-30) (2024-2030),Gujarat,,,locality_curated
Lakhvad Gayatri,Shri Mayankkumar Nayak (2024-30) (2024-2030),Gujarat,,,locality_curated
Bharoli,Shri Kesridevsinh Jhala (2023-29) (2023-2029),Gujarat,,,locality_curated
Sayla Gram,Shri Kesridevsinh Jhala (2023-29) (2023-2029),Gujarat,,,locality_curated
Dharmanagar,Shri Kesridevsinh Jhala (2023-29) (2023-2029),Gujarat,,,locality_curated
Hirana,Shri Kesridevsinh Jhala (2023-29) (2023-2029),Gujarat,,,locality_curated
Shaktipara,Shri Kesridevsinh Jhala (2023-29) (2023-2029),Gujarat,,,locality_curated
Ghiyavad,Shri Kesridevsinh Jhala (2023-29) (2023-2029),Gujarat,,,locality_curated
Premlakha,Shri Narayanasa K. Bhandage (2024-30) (2024-2030),Karnataka,,,locality_curated
Asatbhuja Durga,Prof. Manoj Kumar Jha (2024-30) (2024-2030),Bihar,,,locality_curated
Reshamiya,Shri Kesridevsinh Jhala (2023-29) (2023-2029),Gujarat,,,locality_curated
Pipli,Shri Kesridevsinh Jhala (2023-29) (2023-2029),Gujarat,,,locality_curated
Virpar,Shri Kesridevsinh Jhala (2023-29) (2023-2029),Gujarat,,,locality_curated
Khakhraala,Shri Kesridevsinh Jhala (2023-29) (2023-2029),Gujarat,,,locality_curated
Meghpar,Shri Kesridevsinh Jhala (2023-29) (2023-2029),Gujarat,,,locality_curated
Sundergadh,Shri Kesridevsinh Jhala (2023-29) (2023-2029),Gujarat,,,locality_curated
Pachpheda,Shri Ratanjit Pratap Narain Singh (2024-30) (2024-2030),Uttar Pradesh,,,locality_curated
Dhorahi,Shri Ratanjit Pratap Narain Singh (2024-30) (2024-2030),Uttar Pradesh,,,locality_curated
Sidhaven,Shri Ratanjit Pratap Narain Singh (2024-30) (2024-2030),Uttar Pradesh,,,locality_curated
mandir Janpad,Shri Ashok Singh (2024-30) (2024-2030),Madhya Pradesh,,,locality_curated
Palashan,Shri Kesridevsinh Jhala (2023-29) (2023-2029),Gujarat,,,locality_curated
dablagouri,Shri Balyogi Umeshnath (2024-30) (2024-2030),Madhya Pradesh,,,locality_curated
pudhunilai vayal,Shri K.R.N. Rajeshkumar (2022-28) (2022-2028),Tamil Nadu,,,locality_curated
Hodke,Shri G.C. Chandrashekhar (2024-30) (2024-2030),Karnataka,,,locality_curated
Kurinjipadi Town,Shri S. Kalyanasundaram (2022-28) (2022-2028),Tamil Nadu,,,locality_curated
Thiruvali,Shri Abdul Wahab (2021-27) (2021-2027),Kerala,,,locality_curated
Kodur,Shri Abdul Wahab (2021-27) (2021-2027),Kerala,,,locality_curated
Anakkayam,Shri Abdul Wahab (2021-27) (2021-2027),Kerala,,,locality_curated
Irimbiliyam,Shri Abdul Wahab (2021-27) (2021-2027),Kerala,,,locality_curated
Urgattiri,Shri Abdul Wahab (2021-27) (2021-2027),Kerala,,,locality_curated
prangan nirman,Shri Praful Patel (2024-30) (2024-2030),Maharashtra,,,locality_curated
Hanumanthunipadu,Shri Yerram Venkata Subba Reddy (2024-30) (2024-2030),Andhra Pradesh,,,locality_curated
atHanumanthunipadu,Shri Yerram Venkata Subba Reddy (2024-30) (2024-2030),Andhra Pradesh,,,locality_curated
Valmakivas Umiya Mata,Shri Babubhai Jesangbhai Desai (2023-29) (2023-2029),Gujarat,,,locality_curated
Guru,Shri Babubhai Jesangbhai Desai (2023-29) (2023-2029),Gujarat,,,locality_curated
Rabarivas Goga Maharaj,Shri Babubhai Jesangbhai Desai (2023-29) (2023-2029),Gujarat,,,locality_curated
Shankar Bhagvan,Shri Babubhai Jesangbhai Desai (2023-29) (2023-2029),Gujarat,,,locality_curated
village Simaliya,Shri Aditya Prasad (2022-28) (2022-2028),Jharkhand,,,locality_curated
Baridih,Shri Aditya Prasad (2022-28) (2022-2028),Jharkhand,,,locality_curated
Chendi,Shri Aditya Prasad (2022-28) (2022-2028),Jharkhand,,,locality_curated
School,Dr. Sikander Kumar (2022-28) (2022-2028),Himachal Pradesh,,,locality_curated
Muhal Prina,Dr. Sikander Kumar (2022-28) (2022-2028),Himachal Pradesh,,,locality_curated
Pattadakallu,Shri Narayanasa K. Bhandage (2024-30) (2024-2030),Karnataka,,,locality_curated
Village Pairi,Dr. Sikander Kumar (2022-28) (2022-2028),Himachal Pradesh,,,locality_curated
Chauri Parhot,Dr. Sikander Kumar (2022-28) (2022-2028),Himachal Pradesh,,,locality_curated
Village Bodna,Dr. Sikander Kumar (2022-28) (2022-2028),Himachal Pradesh,,,locality_curated
Basti,Shri Arun Singh (2020-26) (2020-2026),Uttar Pradesh,,,locality_curated
Sojtaroad,Shri Madan Rathore (2024-30) (2024-2030),Rajasthan,,,locality_curated
Ghanerao,Shri Madan Rathore (2024-30) (2024-2030),Rajasthan,,,locality_curated
CHAK,Dr. Sangeeta Balwant (2024-30) (2024-2030),Uttar Pradesh,,,locality_curated
SHIKARPUR,Dr. Sangeeta Balwant (2024-30) (2024-2030),Uttar Pradesh,,,locality_curated
SEMARA,Dr. Sangeeta Balwant (2024-30) (2024-2030),Uttar Pradesh,,,locality_curated
MAHRAJGANJ,Dr. Sangeeta Balwant (2024-30) (2024-2030),Uttar Pradesh,,,locality_curated
SAHEDI,Dr. Sangeeta Balwant (2024-30) (2024-2030),Uttar Pradesh,,,locality_curated
GODA,Dr. Sangeeta Balwant (2024-30) (2024-2030),Uttar Pradesh,,,locality_curated
DHARAVA,Dr. Sangeeta Balwant (2024-30) (2024-2030),Uttar Pradesh,,,locality_curated
CHHAVNI,Dr. Sangeeta Balwant (2024-30) (2024-2030),Uttar Pradesh,,,locality_curated
MIRANPUR,Dr. Sangeeta Balwant (2024-30) (2024-2030),Uttar Pradesh,,,locality_curated
MADANAHI,Dr. Sangeeta Balwant (2024-30) (2024-2030),Uttar Pradesh,,,locality_curated
upper kotla,Dr. Sikander Kumar (2022-28) (2022-2028),Himachal Pradesh,,,locality_curated
Katav,Shri Govindbhai Laljibhai Dholakia (2024-30) (2024-2030),Gujarat,,,locality_curated
premise Puliyarai,Shri Ilaiyaraaja (2022-28) (2022-2028),Tamil Nadu,,,locality_curated
Puliyarai,Shri Ilaiyaraaja (2022-28) (2022-2028),Tamil Nadu,9.0043321,77.1884827,nominatim
Allur,Shri P. Chidambaram (2022-28) (2022-2028),Tamil Nadu,,,locality_curated
Mepal,Shri P. Chidambaram (2022-28) (2022-2028),Tamil Nadu,,,locality_curated
kotlindora,Dr. Parmar Jashvantsinh Salamsinh (2024-30) (2024-2030),Gujarat,,,locality_curated
Khara Mandana,Shri Gulam Ali (2022-28) (2022-2028),Jammu And Kashmir,,,locality_curated
Cheebi,Smt. Sonia Gandhi (2024-30) (2024-2030),Rajasthan,,,locality_curated
Molagavalli,Shri Masthan Rao Yadav Beedha (2024-28) (2024-2028),Andhra Pradesh,,,locality_curated
katav,Shri Govindbhai Laljibhai Dholakia (2024-30) (2024-2030),Gujarat,,,locality_curated
Gujarva,Shri Mayankkumar Nayak (2024-30) (2024-2030),Gujarat,,,locality_curated
Jonaki,Shri Pabitra Margherita (2022-28) (2022-2028),Assam,,,locality_curated
Hatigarh Shiv,Shri Pabitra Margherita (2022-28) (2022-2028),Assam,,,locality_curated
Saraswati Pustak,Shri Pabitra Margherita (2022-28) (2022-2028),Assam,,,locality_curated
Sarv Jatiya,Shri Subhash Barala (2024-30) (2024-2030),Haryana,,,locality_curated
Belsand,Shri Manan Kumar Mishra (2024-28) (2024-2028),Bihar,,,locality_curated
Hardiya,Shri Manan Kumar Mishra (2024-28) (2024-2028),Bihar,,,locality_curated
Madhuban Dakshin,Shri Manan Kumar Mishra (2024-28) (2024-2028),Bihar,,,locality_curated
Parasauni,Shri Manan Kumar Mishra (2024-28) (2024-2028),Bihar,,,locality_curated
vasadra bhamariya,Dr. Parmar Jashvantsinh Salamsinh (2024-30) (2024-2030),Gujarat,,,locality_curated
bariya,Dr. Parmar Jashvantsinh Salamsinh (2024-30) (2024-2030),Gujarat,,,locality_curated
swaminarayan,Dr. Parmar Jashvantsinh Salamsinh (2024-30) (2024-2030),Gujarat,,,locality_curated
zarva,Dr. Parmar Jashvantsinh Salamsinh (2024-30) (2024-2030),Gujarat,,,locality_curated
dungari faliya primary,Dr. Parmar Jashvantsinh Salamsinh (2024-30) (2024-2030),Gujarat,,,locality_curated
patel faliya kohivav,Dr. Parmar Jashvantsinh Salamsinh (2024-30) (2024-2030),Gujarat,,,locality_curated
vav,Dr. Parmar Jashvantsinh Salamsinh (2024-30) (2024-2030),Gujarat,,,locality_curated
padedi,Dr. Parmar Jashvantsinh Salamsinh (2024-30) (2024-2030),Gujarat,,,locality_curated
Muppainad Grama,Shri P. P. Suneer (2024-30) (2024-2030),Kerala,,,locality_curated
Dariyapur,Shri Shambhu Sharan Patel (2022-28) (2022-2028),Bihar,,,locality_curated
Kolachery,Shri Abdul Wahab (2021-27) (2021-2027),Kerala,,,locality_curated
Muzhakkunnu,Shri Abdul Wahab (2021-27) (2021-2027),Kerala,,,locality_curated
I Gram,Shri Samik Bhattacharya (2024-30) (2024-2030),West Bengal,,,locality_curated
Kadriya,Shri Chandrakant Damodar Handore (2024-30) (2024-2030),Maharashtra,,,locality_curated
khezhakeno,Smt. S. Phangnon Konyak (2022-28) (2022-2028),Nagaland,,,locality_curated
Dokakui,Dr. L. Murugan (2024-30) (2024-2030),Madhya Pradesh,,,locality_curated
Saray,Shri Amar Pal Maurya (2024-30) (2024-2030),Uttar Pradesh,,,locality_curated
light Chandpipar,Prof. Manoj Kumar Jha (2024-30) (2024-2030),Bihar,,,locality_curated
Durmeshwar,Prof. Manoj Kumar Jha (2024-30) (2024-2030),Bihar,,,locality_curated
Durga,Prof. Manoj Kumar Jha (2024-30) (2024-2030),Bihar,,,locality_curated
asthan Baruari,Prof. Manoj Kumar Jha (2024-30) (2024-2030),Bihar,,,locality_curated
Telwa paschami,Prof. Manoj Kumar Jha (2024-30) (2024-2030),Bihar,,,locality_curated
Rauta khem,Prof. Manoj Kumar Jha (2024-30) (2024-2030),Bihar,,,locality_curated
Kolvi Temple,Shri Chunnilal Garasiya (2024-30) (2024-2030),Rajasthan,,,locality_curated
Bawdi,Shri Chunnilal Garasiya (2024-30) (2024-2030),Rajasthan,,,locality_curated
Temri,Smt. Ranjeet Ranjan (2022-28) (2022-2028),Chhattisgarh,,,locality_curated
Damodara,Shri Pramod Tiwari (2022-28) (2022-2028),Rajasthan,,,locality_curated
Dalhapara,Shri Rwngwra Narzary (2022-28) (2022-2028),Assam,,,locality_curated
TRANSFORMER AT PAZHASSI,Shri Sandosh Kumar P (2022-28) (2022-2028),Kerala,,,locality_curated
KAYILOOR ALP,Shri Sandosh Kumar P (2022-28) (2022-2028),Kerala,,,locality_curated
Gorisana,Shri Mayankkumar Nayak (2024-30) (2024-2030),Gujarat,,,locality_curated
Davada,Shri Mayankkumar Nayak (2024-30) (2024-2030),Gujarat,,,locality_curated
Thalaiyur,Shri P. Chidambaram (2022-28) (2022-2028),Tamil Nadu,,,locality_curated
Kannangudi,Shri P. Chidambaram (2022-28) (2022-2028),Tamil Nadu,,,locality_curated
Yoga baba,Prof. Manoj Kumar Jha (2024-30) (2024-2030),Bihar,,,locality_curated
rauta khem,Prof. Manoj Kumar Jha (2024-30) (2024-2030),Bihar,,,locality_curated
Zila,Smt. Mahua Maji (2022-28) (2022-2028),Jharkhand,,,locality_curated
Chabutra Gosner Middle,Smt. Mahua Maji (2022-28) (2022-2028),Jharkhand,,,locality_curated
Haliyad,Shri Govindbhai Laljibhai Dholakia (2024-30) (2024-2030),Gujarat,,,locality_curated
Karamla,Shri Govindbhai Laljibhai Dholakia (2024-30) (2024-2030),Gujarat,,,locality_curated
gajipur,Shri Harbhajan Singh (2022-28) (2022-2028),Punjab,,,locality_curated
Merema,Smt. S. Phangnon Konyak (2022-28) (2022-2028),Nagaland,,,locality_curated
Oting,Smt. S. Phangnon Konyak (2022-28) (2022-2028),Nagaland,,,locality_curated
devarahubli,Shri G.C. Chandrashekhar (2024-30) (2024-2030),Karnataka,,,locality_curated
kottigehalli,Shri G.C. Chandrashekhar (2024-30) (2024-2030),Karnataka,,,locality_curated
Benikheda,Shri Vivek K. Tankha (2022-28) (2022-2028),Madhya Pradesh,,,locality_curated
Khairi,Shri Vivek K. Tankha (2022-28) (2022-2028),Madhya Pradesh,,,locality_curated
Sagouni,Shri Vivek K. Tankha (2022-28) (2022-2028),Madhya Pradesh,,,locality_curated
hesaraghatta,Shri G.C. Chandrashekhar (2024-30) (2024-2030),Karnataka,,,locality_curated
totagere,Shri G.C. Chandrashekhar (2024-30) (2024-2030),Karnataka,,,locality_curated
challahalli,Shri G.C. Chandrashekhar (2024-30) (2024-2030),Karnataka,,,locality_curated
heggadadevanapura,Shri G.C. Chandrashekhar (2024-30) (2024-2030),Karnataka,,,locality_curated
Village Mahgaon,Smt. Sumitra Balmik (2022-28) (2022-2028),Madhya Pradesh,,,locality_curated
Village Anding,Smt. Sumitra Balmik (2022-28) (2022-2028),Madhya Pradesh,,,locality_curated
Gudgawan,Shri Vivek K. Tankha (2022-28) (2022-2028),Madhya Pradesh,,,locality_curated
devalapura,Shri G.C. Chandrashekhar (2024-30) (2024-2030),Karnataka,,,locality_curated
akbarpur,Shri Harbhajan Singh (2022-28) (2022-2028),Punjab,,,locality_curated
Khurd,Shri Subhash Barala (2024-30) (2024-2030),Haryana,,,locality_curated
Godan,Shri Madan Rathore (2024-30) (2024-2030),Rajasthan,,,locality_curated
Dhani,Shri Madan Rathore (2024-30) (2024-2030),Rajasthan,,,locality_curated
School,Shri Madan Rathore (2024-30) (2024-2030),Rajasthan,,,locality_curated
Hoda,Shri Madan Rathore (2024-30) (2024-2030),Rajasthan,,,locality_curated
Fitkoria,Dr. Sarfraz Ahmad (2024-30) (2024-2030),Jharkhand,,,locality_curated
Jhalakdih,Dr. Sarfraz Ahmad (2024-30) (2024-2030),Jharkhand,,,locality_curated
Tarajori,Dr. Sarfraz Ahmad (2024-30) (2024-2030),Jharkhand,,,locality_curated
village Jaruwadih,Dr. Sarfraz Ahmad (2024-30) (2024-2030),Jharkhand,,,locality_curated
village Jhalakdih,Dr. Sarfraz Ahmad (2024-30) (2024-2030),Jharkhand,,,locality_curated
village Chapuwadih,Dr. Sarfraz Ahmad (2024-30) (2024-2030),Jharkhand,,,locality_curated
Phuljori,Dr. Sarfraz Ahmad (2024-30) (2024-2030),Jharkhand,,,locality_curated
village Mednisar,Dr. Sarfraz Ahmad (2024-30) (2024-2030),Jharkhand,,,locality_curated
Sahdara,Shri Vivek K. Tankha (2022-28) (2022-2028),Madhya Pradesh,,,locality_curated
Kali Mata,Shri Sanjay Singh (2024-30) (2024-2030),Delhi,,,locality_curated
Belthangady Town,Dr. Dharmasthala Veerendra Heggade (2022-28) (2022-2028),Karnataka,12.9899316,75.2789925,nominatim
fatepur,Shri Mayankkumar Nayak (2024-30) (2024-2030),Gujarat,,,locality_curated
Khavad,Shri Mayankkumar Nayak (2024-30) (2024-2030),Gujarat,,,locality_curated
Mahervada,Shri Mayankkumar Nayak (2024-30) (2024-2030),Gujarat,,,locality_curated
dhandha,Shri Mayankkumar Nayak (2024-30) (2024-2030),Gujarat,,,locality_curated
Ara,Shri Aditya Prasad (2022-28) (2022-2028),Jharkhand,,,locality_curated
Gothapada Hanuman,Shri Manas Ranjan Mangaraj (2022-28) (2022-2028),Odisha,,,locality_curated
Vitthal Rukhmai,Dr. Ajeet Madhavrao Gopchade (2024-30) (2024-2030),Maharashtra,,,locality_curated
Kedardkunta,Dr. Ajeet Madhavrao Gopchade (2024-30) (2024-2030),Maharashtra,,,locality_curated
Bembra,Dr. Ajeet Madhavrao Gopchade (2024-30) (2024-2030),Maharashtra,,,locality_curated
Village Gharthun,Dr. Sikander Kumar (2022-28) (2022-2028),Himachal Pradesh,,,locality_curated
LIGHTS,Shri Javed Ali Khan (2022-28) (2022-2028),Uttar Pradesh,,,locality_curated
varuna,Shri Khiru Mahto (2022-28) (2022-2028),Bihar,,,locality_curated
Varuna,Shri Khiru Mahto (2022-28) (2022-2028),Bihar,,,locality_curated
Piparpati,Shri Satish Chandra Dubey (2022-28) (2022-2028),Bihar,,,locality_curated
Hirebadwadagi,Shri Narayanasa K. Bhandage (2024-30) (2024-2030),Karnataka,,,locality_curated
Siddapur,Shri Narayanasa K. Bhandage (2024-30) (2024-2030),Karnataka,,,locality_curated
Namagiripettai,Shri K.R.N. Rajeshkumar (2022-28) (2022-2028),Tamil Nadu,,,locality_curated
Bahour Commune,Shri S. Selvaganabathy (2021-27) (2021-2027),Puducherry,,,locality_curated
vill gudarganj,Shri Ramji Lal Suman (2024-30) (2024-2030),Uttar Pradesh,,,locality_curated
guddadahalli,Shri G.C. Chandrashekhar (2024-30) (2024-2030),Karnataka,,,locality_curated
kukkanahalli,Shri G.C. Chandrashekhar (2024-30) (2024-2030),Karnataka,,,locality_curated
vill mdiya,Shri Ramji Lal Suman (2024-30) (2024-2030),Uttar Pradesh,,,locality_curated
thirumalapura,Shri G.C. Chandrashekhar (2024-30) (2024-2030),Karnataka,,,locality_curated
sasiveghatta,Shri G.C. Chandrashekhar (2024-30) (2024-2030),Karnataka,,,locality_curated
nagasandra,Shri G.C. Chandrashekhar (2024-30) (2024-2030),Karnataka,,,locality_curated
Thirunaraiyur,Shri S. Kalyanasundaram (2022-28) (2022-2028),Tamil Nadu,,,locality_curated
Baroda,Shri Vivek K. Tankha (2022-28) (2022-2028),Madhya Pradesh,,,locality_curated
Nagar,Shri Vivek K. Tankha (2022-28) (2022-2028),Madhya Pradesh,,,locality_curated
Bagaspura,Shri Vivek K. Tankha (2022-28) (2022-2028),Madhya Pradesh,,,locality_curated
Gram,Shri Ghanshyam Tiwari (2022-28) (2022-2028),Rajasthan,,,locality_curated
vill bhunagariya,Shri Ramji Lal Suman (2024-30) (2024-2030),Uttar Pradesh,,,locality_curated
vill anadpur,Shri Ramji Lal Suman (2024-30) (2024-2030),Uttar Pradesh,,,locality_curated
vill madpura,Shri Ramji Lal Suman (2024-30) (2024-2030),Uttar Pradesh,,,locality_curated
vill pilkhun,Shri Ramji Lal Suman (2024-30) (2024-2030),Uttar Pradesh,,,locality_curated
vill dharmpur,Shri Ramji Lal Suman (2024-30) (2024-2030),Uttar Pradesh,,,locality_curated
vill gadiya,Shri Ramji Lal Suman (2024-30) (2024-2030),Uttar Pradesh,,,locality_curated
vill indragarh,Shri Ramji Lal Suman (2024-30) (2024-2030),Uttar Pradesh,,,locality_curated
Ramapur Shyamchand,Shri Sanjay Yadav (2024-30) (2024-2030),Bihar,,,locality_curated
Pahadpur pashchimi,Shri Sanjay Yadav (2024-30) (2024-2030),Bihar,,,locality_curated
Paharpur purvi,Shri Sanjay Yadav (2024-30) (2024-2030),Bihar,,,locality_curated
Judabanpur Karari,Shri Sanjay Yadav (2024-30) (2024-2030),Bihar,,,locality_curated
Judabanpur Barari,Shri Sanjay Yadav (2024-30) (2024-2030),Bihar,,,locality_curated
Rampur Shyamchand,Shri Sanjay Yadav (2024-30) (2024-2030),Bihar,,,locality_curated
Guhna,Shri G.C. Chandrashekhar (2024-30) (2024-2030),Karnataka,,,locality_curated
affected,Shri Sant Balbir Singh (2022-28) (2022-2028),Punjab,,,locality_curated
Majeru,Shri Ryaga Krishnaiah (2024-28) (2024-2028),Andhra Pradesh,,,locality_curated
Kamalpur,Shri Mayankkumar Nayak (2024-30) (2024-2030),Gujarat,,,locality_curated
Aloda,Shri Mayankkumar Nayak (2024-30) (2024-2030),Gujarat,,,locality_curated
Ramakrishna,Shri R. Girirajan (2022-28) (2022-2028),Tamil Nadu,,,locality_curated
Sangaiyya,Shri R. Girirajan (2022-28) (2022-2028),Tamil Nadu,,,locality_curated
Nsunyu,Smt. S. Phangnon Konyak (2022-28) (2022-2028),Nagaland,,,locality_curated
Dhari,Shri Govindbhai Laljibhai Dholakia (2024-30) (2024-2030),Gujarat,,,locality_curated
Bhamodra,Shri Govindbhai Laljibhai Dholakia (2024-30) (2024-2030),Gujarat,,,locality_curated
Maroli,Shri Govindbhai Laljibhai Dholakia (2024-30) (2024-2030),Gujarat,,,locality_curated
Dharmanagar,Shri Govindbhai Laljibhai Dholakia (2024-30) (2024-2030),Gujarat,,,locality_curated
Pedamakkena,Shri Yerram Venkata Subba Reddy (2024-30) (2024-2030),Andhra Pradesh,,,locality_curated
Ramapuram,Shri Yerram Venkata Subba Reddy (2024-30) (2024-2030),Andhra Pradesh,,,locality_curated
Bodduavaripalem,Shri Yerram Venkata Subba Reddy (2024-30) (2024-2030),Andhra Pradesh,,,locality_curated
Batchalakurapadu,Shri Yerram Venkata Subba Reddy (2024-30) (2024-2030),Andhra Pradesh,,,locality_curated
Seethanagulavaram,Shri Yerram Venkata Subba Reddy (2024-30) (2024-2030),Andhra Pradesh,,,locality_curated
Baghi,Shri Khiru Mahto (2022-28) (2022-2028),Bihar,,,locality_curated
Mathia,Shri Manan Kumar Mishra (2024-28) (2024-2028),Bihar,,,locality_curated
Wala,Dr. Kalpana Saini (2022-28) (2022-2028),Uttarakhand,,,locality_curated
Vidaj,Shri Mayankkumar Nayak (2024-30) (2024-2030),Gujarat,,,locality_curated
Ramanthali,Shri Haris Beeran (2024-30) (2024-2030),Kerala,,,locality_curated
Jhunathi Mahadev,Shri Akhilesh Prasad Singh (2024-30) (2024-2030),Bihar,,,locality_curated
Shivnagar Aiyara,Shri Akhilesh Prasad Singh (2024-30) (2024-2030),Bihar,,,locality_curated
Sonbhadravanshi Sumepur,Shri Akhilesh Prasad Singh (2024-30) (2024-2030),Bihar,,,locality_curated
Kudayathoor,Shri Haris Beeran (2024-30) (2024-2030),Kerala,,,locality_curated
pujara,Dr. Parmar Jashvantsinh Salamsinh (2024-30) (2024-2030),Gujarat,,,locality_curated
bharatsinh somabhai barias,Dr. Parmar Jashvantsinh Salamsinh (2024-30) (2024-2030),Gujarat,,,locality_curated
bamaniya,Dr. Parmar Jashvantsinh Salamsinh (2024-30) (2024-2030),Gujarat,,,locality_curated
Devtaha,Shri Ratanjit Pratap Narain Singh (2024-30) (2024-2030),Uttar Pradesh,,,locality_curated
Alkapuri Shiv,Smt. Mahua Maji (2022-28) (2022-2028),Jharkhand,,,locality_curated
Valmiki,Smt. Mahua Maji (2022-28) (2022-2028),Jharkhand,,,locality_curated
Pahari,Smt. Mahua Maji (2022-28) (2022-2028),Jharkhand,,,locality_curated
Prachin Laxmi Ganesh,Smt. Mahua Maji (2022-28) (2022-2028),Jharkhand,,,locality_curated
Amthana Gram,Shri Ashokrao Shankarrao Chavan (2024-30) (2024-2030),Maharashtra,,,locality_curated
mannanpur,Shri Akhilesh Prasad Singh (2024-30) (2024-2030),Bihar,,,locality_curated
Niketan Bhadesar,Shri Ghanshyam Tiwari (2022-28) (2022-2028),Rajasthan,,,locality_curated
Kizhakkoth,Shri Abdul Wahab (2021-27) (2021-2027),Kerala,,,locality_curated
Pallichal Grama,Dr. John Brittas (2021-27) (2021-2027),Kerala,,,locality_curated
Zunjarakoppa,Shri Narayanasa K. Bhandage (2024-30) (2024-2030),Karnataka,,,locality_curated
Panchupalli,Shri Manas Ranjan Mangaraj (2022-28) (2022-2028),Odisha,,,locality_curated
Brahmakundal,Shri Manas Ranjan Mangaraj (2022-28) (2022-2028),Odisha,,,locality_curated
Jhinkharada,Shri Manas Ranjan Mangaraj (2022-28) (2022-2028),Odisha,,,locality_curated
Trutiapada,Shri Manas Ranjan Mangaraj (2022-28) (2022-2028),Odisha,,,locality_curated
Sananugan,Shri Manas Ranjan Mangaraj (2022-28) (2022-2028),Odisha,,,locality_curated
Beruan,Shri Manas Ranjan Mangaraj (2022-28) (2022-2028),Odisha,,,locality_curated
Sukha,Smt. Sumitra Balmik (2022-28) (2022-2028),Madhya Pradesh,,,locality_curated
Charada,Shri Mayankkumar Nayak (2024-30) (2024-2030),Gujarat,,,locality_curated
Sairam,Shri Subhasish Khuntia (2024-30) (2024-2030),Odisha,,,locality_curated
Phulasar Bara,Shri Randeep Singh Surjewala (2022-28) (2022-2028),Rajasthan,,,locality_curated
Kumha,Shri Vivek K. Tankha (2022-28) (2022-2028),Madhya Pradesh,,,locality_curated
Kondramal,Shri Vivek K. Tankha (2022-28) (2022-2028),Madhya Pradesh,,,locality_curated
Ghughara,Shri Vivek K. Tankha (2022-28) (2022-2028),Madhya Pradesh,,,locality_curated
Gajewala,Shri Pramod Tiwari (2022-28) (2022-2028),Rajasthan,,,locality_curated
Choti,Shri Randeep Singh Surjewala (2022-28) (2022-2028),Rajasthan,,,locality_curated
Bari,Shri Randeep Singh Surjewala (2022-28) (2022-2028),Rajasthan,,,locality_curated
Jahangeerpur,Shri Randeep Singh Surjewala (2022-28) (2022-2028),Rajasthan,,,locality_curated
Sikrori,Shri Randeep Singh Surjewala (2022-28) (2022-2028),Rajasthan,,,locality_curated
Kanchanpura,Shri Randeep Singh Surjewala (2022-28) (2022-2028),Rajasthan,,,locality_curated
Hmh,Shri Randeep Singh Surjewala (2022-28) (2022-2028),Rajasthan,,,locality_curated
Jodhewala,Shri Randeep Singh Surjewala (2022-28) (2022-2028),Rajasthan,,,locality_curated
Kohla,Shri Randeep Singh Surjewala (2022-28) (2022-2028),Rajasthan,,,locality_curated
Gangagarh,Shri Randeep Singh Surjewala (2022-28) (2022-2028),Rajasthan,,,locality_curated
Hosavirapur,Shri Jairam Ramesh (2022-28) (2022-2028),Karnataka,,,locality_curated
Batthikoppa,Shri Jairam Ramesh (2022-28) (2022-2028),Karnataka,,,locality_curated
Girnia,Dr. Sarfraz Ahmad (2024-30) (2024-2030),Jharkhand,,,locality_curated
Dharampur,Dr. Sarfraz Ahmad (2024-30) (2024-2030),Jharkhand,,,locality_curated
Dasdih,Dr. Sarfraz Ahmad (2024-30) (2024-2030),Jharkhand,,,locality_curated
Sigolitand,Dr. Sarfraz Ahmad (2024-30) (2024-2030),Jharkhand,,,locality_curated
Radhayidih,Dr. Sarfraz Ahmad (2024-30) (2024-2030),Jharkhand,,,locality_curated
Sitla,Dr. Sarfraz Ahmad (2024-30) (2024-2030),Jharkhand,,,locality_curated
Ranni,Dr. John Brittas (2021-27) (2021-2027),Kerala,,,locality_curated
Lower Dudhla,Dr. Sikander Kumar (2022-28) (2022-2028),Himachal Pradesh,,,locality_curated
Acchar Kumar,Dr. Sikander Kumar (2022-28) (2022-2028),Himachal Pradesh,,,locality_curated
Fatehpur,Dr. Sikander Kumar (2022-28) (2022-2028),Himachal Pradesh,,,locality_curated
Gatehpur,Dr. Sikander Kumar (2022-28) (2022-2028),Himachal Pradesh,,,locality_curated
Basti Chakli,Dr. Sikander Kumar (2022-28) (2022-2028),Himachal Pradesh,,,locality_curated
Mashu,Dr. Sikander Kumar (2022-28) (2022-2028),Himachal Pradesh,,,locality_curated
Basti Pabhar,Dr. Sikander Kumar (2022-28) (2022-2028),Himachal Pradesh,,,locality_curated
Mehar Singh,Dr. Sikander Kumar (2022-28) (2022-2028),Himachal Pradesh,,,locality_curated
Ghanahatti,Dr. Sikander Kumar (2022-28) (2022-2028),Himachal Pradesh,,,locality_curated
Mehsan Kanda,Dr. Sikander Kumar (2022-28) (2022-2028),Himachal Pradesh,,,locality_curated
Jalihal,Shri Narayanasa K. Bhandage (2024-30) (2024-2030),Karnataka,,,locality_curated
hanuman,Shri Aditya Prasad (2022-28) (2022-2028),Jharkhand,,,locality_curated
Ochira,Shri Abdul Wahab (2021-27) (2021-2027),Kerala,,,locality_curated
Puthige,Shri Abdul Wahab (2021-27) (2021-2027),Kerala,,,locality_curated
Manjeshwar,Shri Abdul Wahab (2021-27) (2021-2027),Kerala,,,locality_curated
Thairawar,Shri Randeep Singh Surjewala (2022-28) (2022-2028),Rajasthan,,,locality_curated
Chengala,Shri Abdul Wahab (2021-27) (2021-2027),Kerala,,,locality_curated
Badiadka,Shri Abdul Wahab (2021-27) (2021-2027),Kerala,,,locality_curated
Attanur Town,Shri K.R.N. Rajeshkumar (2022-28) (2022-2028),Tamil Nadu,,,locality_curated
Puduchattaram,Shri K.R.N. Rajeshkumar (2022-28) (2022-2028),Tamil Nadu,,,locality_curated
bhur garhi,Shri Tejveer Singh (2024-30) (2024-2030),Uttar Pradesh,,,locality_curated
Raj,Shri Manan Kumar Mishra (2024-28) (2024-2028),Bihar,,,locality_curated
Patti,Shri Manan Kumar Mishra (2024-28) (2024-2028),Bihar,,,locality_curated
Pokhara,Shri Manan Kumar Mishra (2024-28) (2024-2028),Bihar,,,locality_curated
Pippara,Shri Masthan Rao Yadav Beedha (2024-28) (2024-2028),Andhra Pradesh,,,locality_curated
Phulasar,Shri Mukul Wasnik (2022-28) (2022-2028),Rajasthan,,,locality_curated
Fagaliya,Shri Mukul Wasnik (2022-28) (2022-2028),Rajasthan,,,locality_curated
Grame,Shri Mukul Wasnik (2022-28) (2022-2028),Rajasthan,,,locality_curated
patel,Dr. Parmar Jashvantsinh Salamsinh (2024-30) (2024-2030),Gujarat,,,locality_curated
pravinbhai jesing bhai,Dr. Parmar Jashvantsinh Salamsinh (2024-30) (2024-2030),Gujarat,,,locality_curated
bhagat,Dr. Parmar Jashvantsinh Salamsinh (2024-30) (2024-2030),Gujarat,,,locality_curated
kanajiya,Dr. Parmar Jashvantsinh Salamsinh (2024-30) (2024-2030),Gujarat,,,locality_curated
kadakiya,Dr. Parmar Jashvantsinh Salamsinh (2024-30) (2024-2030),Gujarat,,,locality_curated
ahmedabad indore highway,Dr. Parmar Jashvantsinh Salamsinh (2024-30) (2024-2030),Gujarat,,,locality_curated
parmar faliya kevadiya,Dr. Parmar Jashvantsinh Salamsinh (2024-30) (2024-2030),Gujarat,,,locality_curated
Dhanasia,Shri Pramod Tiwari (2022-28) (2022-2028),Rajasthan,,,locality_curated
Changaroth,Shri Abdul Wahab (2021-27) (2021-2027),Kerala,,,locality_curated
Muthuvallur,Shri Abdul Wahab (2021-27) (2021-2027),Kerala,,,locality_curated
Nannammukku,Shri Abdul Wahab (2021-27) (2021-2027),Kerala,,,locality_curated
Thirumittacode,Shri Abdul Wahab (2021-27) (2021-2027),Kerala,,,locality_curated
Vazhakkad,Shri Abdul Wahab (2021-27) (2021-2027),Kerala,,,locality_curated
kankanpur gram,Dr. Parmar Jashvantsinh Salamsinh (2024-30) (2024-2030),Gujarat,,,locality_curated
deasi,Dr. Parmar Jashvantsinh Salamsinh (2024-30) (2024-2030),Gujarat,,,locality_curated
gram,Dr. Parmar Jashvantsinh Salamsinh (2024-30) (2024-2030),Gujarat,,,locality_curated
top bakhhar,Dr. Parmar Jashvantsinh Salamsinh (2024-30) (2024-2030),Gujarat,,,locality_curated
taravdi gram,Dr. Parmar Jashvantsinh Salamsinh (2024-30) (2024-2030),Gujarat,,,locality_curated
thana garjan gram,Dr. Parmar Jashvantsinh Salamsinh (2024-30) (2024-2030),Gujarat,,,locality_curated
mahakali,Dr. Parmar Jashvantsinh Salamsinh (2024-30) (2024-2030),Gujarat,,,locality_curated
Bangali,Dr. Parmar Jashvantsinh Salamsinh (2024-30) (2024-2030),Gujarat,,,locality_curated
nayak muvali,Dr. Parmar Jashvantsinh Salamsinh (2024-30) (2024-2030),Gujarat,,,locality_curated
bhuriya,Dr. Parmar Jashvantsinh Salamsinh (2024-30) (2024-2030),Gujarat,,,locality_curated
Sonari,Dr. Ajeet Madhavrao Gopchade (2024-30) (2024-2030),Maharashtra,,,locality_curated
Amarpur,Shri Vivek K. Tankha (2022-28) (2022-2028),Madhya Pradesh,,,locality_curated
talav muvada gram,Dr. Parmar Jashvantsinh Salamsinh (2024-30) (2024-2030),Gujarat,,,locality_curated
jambudi,Dr. Parmar Jashvantsinh Salamsinh (2024-30) (2024-2030),Gujarat,,,locality_curated
gatiya,Dr. Parmar Jashvantsinh Salamsinh (2024-30) (2024-2030),Gujarat,,,locality_curated
Champagada,Shri Subhasish Khuntia (2024-30) (2024-2030),Odisha,,,locality_curated
Pookkottur,Shri Abdul Wahab (2021-27) (2021-2027),Kerala,,,locality_curated
nisal,Dr. Parmar Jashvantsinh Salamsinh (2024-30) (2024-2030),Gujarat,,,locality_curated
Ambemata,Dr. Parmar Jashvantsinh Salamsinh (2024-30) (2024-2030),Gujarat,,,locality_curated
mother,Dr. Parmar Jashvantsinh Salamsinh (2024-30) (2024-2030),Gujarat,,,locality_curated
nayk,Dr. Parmar Jashvantsinh Salamsinh (2024-30) (2024-2030),Gujarat,,,locality_curated
muvadi,Dr. Parmar Jashvantsinh Salamsinh (2024-30) (2024-2030),Gujarat,,,locality_curated
vanzara,Dr. Parmar Jashvantsinh Salamsinh (2024-30) (2024-2030),Gujarat,,,locality_curated
matiya,Dr. Parmar Jashvantsinh Salamsinh (2024-30) (2024-2030),Gujarat,,,locality_curated
futelav,Dr. Parmar Jashvantsinh Salamsinh (2024-30) (2024-2030),Gujarat,,,locality_curated
Kal Bhairav,Prof. Manoj Kumar Jha (2024-30) (2024-2030),Bihar,,,locality_curated
Primary,Prof. Manoj Kumar Jha (2024-30) (2024-2030),Bihar,,,locality_curated
Kherlav,Shri Govindbhai Laljibhai Dholakia (2024-30) (2024-2030),Gujarat,,,locality_curated
Babhangawan dakshni,Dr. Faiyaz Ahmad (2022-28) (2022-2028),Bihar,,,locality_curated
Meriyana,Shri Govindbhai Laljibhai Dholakia (2024-30) (2024-2030),Gujarat,,,locality_curated
Gogadiawala,Shri Pramod Tiwari (2022-28) (2022-2028),Rajasthan,,,locality_curated
Begti,Shri Pramod Tiwari (2022-28) (2022-2028),Rajasthan,,,locality_curated
Vadeshiya,Shri Govindbhai Laljibhai Dholakia (2024-30) (2024-2030),Gujarat,,,locality_curated
Ankadiya,Shri Govindbhai Laljibhai Dholakia (2024-30) (2024-2030),Gujarat,,,locality_curated
Parsoli,Shri Govindbhai Laljibhai Dholakia (2024-30) (2024-2030),Gujarat,,,locality_curated
House,Shri Ghanshyam Tiwari (2022-28) (2022-2028),Rajasthan,,,locality_curated
Jay,Dr. Anil Sukhdeorao Bonde (2022-28) (2022-2028),Maharashtra,,,locality_curated
Chukkapallivaripalem,Shri Yerram Venkata Subba Reddy (2024-30) (2024-2030),Andhra Pradesh,,,locality_curated
Anigandlapadu,Shri Yerram Venkata Subba Reddy (2024-30) (2024-2030),Andhra Pradesh,,,locality_curated
Vatsavai,Shri Yerram Venkata Subba Reddy (2024-30) (2024-2030),Andhra Pradesh,,,locality_curated
Senthamangalam Town,Shri K.R.N. Rajeshkumar (2022-28) (2022-2028),Tamil Nadu,,,locality_curated
Nithari,Shri Narain Dass Gupta (2024-30) (2024-2030),Delhi,,,locality_curated
Nirman Karya,Shri Ghanshyam Tiwari (2022-28) (2022-2028),Rajasthan,,,locality_curated
Aethal,Dr. Kalpana Saini (2022-28) (2022-2028),Uttarakhand,,,locality_curated
Aithal,Dr. Kalpana Saini (2022-28) (2022-2028),Uttarakhand,,,locality_curated
Seedhadu,Dr. Kalpana Saini (2022-28) (2022-2028),Uttarakhand,,,locality_curated
Nagla,Dr. Kalpana Saini (2022-28) (2022-2028),Uttarakhand,,,locality_curated
Raun Gram,Dr. Kalpana Saini (2022-28) (2022-2028),Uttarakhand,,,locality_curated
Raun,Dr. Kalpana Saini (2022-28) (2022-2028),Uttarakhand,,,locality_curated
Soobkhar,Shri Vivek K. Tankha (2022-28) (2022-2028),Madhya Pradesh,,,locality_curated
Garha,Shri Vivek K. Tankha (2022-28) (2022-2028),Madhya Pradesh,,,locality_curated
primary school chora,Dr. Parmar Jashvantsinh Salamsinh (2024-30) (2024-2030),Gujarat,,,locality_curated
Serkhanchak gram,Shri Samik Bhattacharya (2024-30) (2024-2030),West Bengal,,,locality_curated
Rajnagar,Shri Samik Bhattacharya (2024-30) (2024-2030),West Bengal,,,locality_curated
Noolpuzha Grama,Shri P. P. Suneer (2024-30) (2024-2030),Kerala,,,locality_curated
Silli,Shri Pradip Kumar Varma (2024-30) (2024-2030),Jharkhand,,,locality_curated
Murhu Phul Tand,Shri Pradip Kumar Varma (2024-30) (2024-2030),Jharkhand,,,locality_curated
Mandgi,Dr. Ajeet Madhavrao Gopchade (2024-30) (2024-2030),Maharashtra,,,locality_curated
Khadarpar,Shri Pradip Kumar Varma (2024-30) (2024-2030),Jharkhand,,,locality_curated
Lesliganj,Shri Pradip Kumar Varma (2024-30) (2024-2030),Jharkhand,,,locality_curated
Ahilyapur,Shri Pradip Kumar Varma (2024-30) (2024-2030),Jharkhand,,,locality_curated
Tumbagutu Karamtoli,Shri Pradip Kumar Varma (2024-30) (2024-2030),Jharkhand,,,locality_curated
Bhusur,Shri Pradip Kumar Varma (2024-30) (2024-2030),Jharkhand,,,locality_curated
Akhada in Devari,Shri Pradip Kumar Varma (2024-30) (2024-2030),Jharkhand,,,locality_curated
Bargawan,Shri Pradip Kumar Varma (2024-30) (2024-2030),Jharkhand,,,locality_curated
Chaybagan,Shri Pradip Kumar Varma (2024-30) (2024-2030),Jharkhand,,,locality_curated
Sarangloya,Shri Pradip Kumar Varma (2024-30) (2024-2030),Jharkhand,,,locality_curated
Toli,Shri Pradip Kumar Varma (2024-30) (2024-2030),Jharkhand,,,locality_curated
Hesal,Shri Pradip Kumar Varma (2024-30) (2024-2030),Jharkhand,,,locality_curated
Koynartoli,Shri Pradip Kumar Varma (2024-30) (2024-2030),Jharkhand,,,locality_curated
Pithoria,Shri Pradip Kumar Varma (2024-30) (2024-2030),Jharkhand,,,locality_curated
Khijri,Shri Pradip Kumar Varma (2024-30) (2024-2030),Jharkhand,,,locality_curated
Chandgaon,Shri Pradip Kumar Varma (2024-30) (2024-2030),Jharkhand,,,locality_curated
Lalgutwa,Shri Pradip Kumar Varma (2024-30) (2024-2030),Jharkhand,,,locality_curated
Village Ram,Dr. Sandeep Kumar Pathak (2022-28) (2022-2028),Punjab,,,locality_curated
Bazar,Shri Narayanasa K. Bhandage (2024-30) (2024-2030),Karnataka,,,locality_curated
Ethamukkala,Shri Yerram Venkata Subba Reddy (2024-30) (2024-2030),Andhra Pradesh,,,locality_curated
Alluru,Shri Yerram Venkata Subba Reddy (2024-30) (2024-2030),Andhra Pradesh,,,locality_curated
Gadepalem,Shri Yerram Venkata Subba Reddy (2024-30) (2024-2030),Andhra Pradesh,,,locality_curated
Pelukkurichi,Shri K.R.N. Rajeshkumar (2022-28) (2022-2028),Tamil Nadu,,,locality_curated
Unikili,Shri Masthan Rao Yadav Beedha (2024-28) (2024-2028),Andhra Pradesh,,,locality_curated
cheruvupalli,Shri Masthan Rao Yadav Beedha (2024-28) (2024-2028),Andhra Pradesh,,,locality_curated
Cheruvupalli,Shri Masthan Rao Yadav Beedha (2024-28) (2024-2028),Andhra Pradesh,,,locality_curated
Pamurupalli,Shri Masthan Rao Yadav Beedha (2024-28) (2024-2028),Andhra Pradesh,,,locality_curated
Vengamambapuram,Shri Masthan Rao Yadav Beedha (2024-28) (2024-2028),Andhra Pradesh,,,locality_curated
Ditasan,Shri Mayankkumar Nayak (2024-30) (2024-2030),Gujarat,,,locality_curated
Chithamur,Dr. M. Dhanapal (2025-31) (2025-2031),Tamil Nadu,,,locality_curated
Acharapakkam,Dr. M. Dhanapal (2025-31) (2025-2031),Tamil Nadu,,,locality_curated
Madurantakam,Dr. M. Dhanapal (2025-31) (2025-2031),Tamil Nadu,,,locality_curated
Yadtadi Gram,Dr. Dharmasthala Veerendra Heggade (2022-28) (2022-2028),Karnataka,,,locality_curated
Thenur,Shri P. Chidambaram (2022-28) (2022-2028),Tamil Nadu,,,locality_curated
Arasamalai,Shri P. Chidambaram (2022-28) (2022-2028),Tamil Nadu,,,locality_curated
Nimbau,Shri Pramod Tiwari (2022-28) (2022-2028),Rajasthan,,,locality_curated
Moraanvalavu,Dr. M. Dhanapal (2025-31) (2025-2031),Tamil Nadu,,,locality_curated
Kappur,Shri Abdul Wahab (2021-27) (2021-2027),Kerala,,,locality_curated
Koppam,Shri Abdul Wahab (2021-27) (2021-2027),Kerala,,,locality_curated
Mannur,Shri Abdul Wahab (2021-27) (2021-2027),Kerala,,,locality_curated
Batrel,Shri Rajeev Shukla (2022-28) (2022-2028),Chhattisgarh,,,locality_curated
Gram,Shri Rajeev Shukla (2022-28) (2022-2028),Chhattisgarh,,,locality_curated
Vaddadi,Shri Meda Raghunadha Reddy (2024-30) (2024-2030),Andhra Pradesh,,,locality_curated
Mahabhairab,Shri Birendra Prasad Baishya (2025-31) (2025-2031),Assam,,,locality_curated
Soorapalli,Dr. M. Dhanapal (2025-31) (2025-2031),Tamil Nadu,,,locality_curated
Doramangalam,Dr. M. Dhanapal (2025-31) (2025-2031),Tamil Nadu,,,locality_curated
Karikkapatti,Dr. M. Dhanapal (2025-31) (2025-2031),Tamil Nadu,,,locality_curated
Avadathur,Dr. M. Dhanapal (2025-31) (2025-2031),Tamil Nadu,,,locality_curated
Periyasoragai,Dr. M. Dhanapal (2025-31) (2025-2031),Tamil Nadu,,,locality_curated
Birmohan,Shri Rajib Bhattacharjee (2024-28) (2024-2028),Tripura,,,locality_curated
Arali,Dr. Ajeet Madhavrao Gopchade (2024-30) (2024-2030),Maharashtra,,,locality_curated
Hajjapur,Dr. Ajeet Madhavrao Gopchade (2024-30) (2024-2030),Maharashtra,,,locality_curated
Puthur,Shri C. Sadanandan Master (2025-31) (2025-2031),Kerala,,,locality_curated
Japad,Shri Vivek K. Tankha (2022-28) (2022-2028),Madhya Pradesh,,,locality_curated
manathana,Shri C. Sadanandan Master (2025-31) (2025-2031),Kerala,,,locality_curated
School,Dr. Sandeep Kumar Pathak (2022-28) (2022-2028),Punjab,,,locality_curated
Kanti,Shri Vivek K. Tankha (2022-28) (2022-2028),Madhya Pradesh,,,locality_curated
Hinotiya,Shri Vivek K. Tankha (2022-28) (2022-2028),Madhya Pradesh,,,locality_curated
datta,Shri V. Vijayendra Prasad (2022-28) (2022-2028),Andhra Pradesh,,,locality_curated
Bogaram,Shri Ryaga Krishnaiah (2024-28) (2024-2028),Andhra Pradesh,,,locality_curated
Chichringpur,Shri Vivek K. Tankha (2022-28) (2022-2028),Madhya Pradesh,,,locality_curated
Ithavaram,Shri Ryaga Krishnaiah (2024-28) (2024-2028),Andhra Pradesh,,,locality_curated
Doddabele,Shri G.C. Chandrashekhar (2024-30) (2024-2030),Karnataka,,,locality_curated
government,Shri G.C. Chandrashekhar (2024-30) (2024-2030),Karnataka,,,locality_curated
Gangasandra,Shri G.C. Chandrashekhar (2024-30) (2024-2030),Karnataka,,,locality_curated
Gaviyanapalya,Shri G.C. Chandrashekhar (2024-30) (2024-2030),Karnataka,,,locality_curated
Tittahalli,Shri G.C. Chandrashekhar (2024-30) (2024-2030),Karnataka,,,locality_curated
Chikkanahalli,Shri G.C. Chandrashekhar (2024-30) (2024-2030),Karnataka,,,locality_curated
Chikkabasti,Shri G.C. Chandrashekhar (2024-30) (2024-2030),Karnataka,,,locality_curated
Bangalore South,Shri G.C. Chandrashekhar (2024-30) (2024-2030),Karnataka,,,locality_curated
Tagachaguppe,Shri G.C. Chandrashekhar (2024-30) (2024-2030),Karnataka,,,locality_curated
Kandamkunnu,Shri C. Sadanandan Master (2025-31) (2025-2031),Kerala,,,locality_curated
Neelakantapuram,Shri V. Vijayendra Prasad (2022-28) (2022-2028),Andhra Pradesh,,,locality_curated
Gram,Shri Kapil Sibal (2022-28) (2022-2028),Uttar Pradesh,,,locality_curated
Lalganj,Shri Kapil Sibal (2022-28) (2022-2028),Uttar Pradesh,,,locality_curated
Muhammadpur,Shri Kapil Sibal (2022-28) (2022-2028),Uttar Pradesh,,,locality_curated
Asrhi,Shri Kapil Sibal (2022-28) (2022-2028),Uttar Pradesh,,,locality_curated
Sarai,Shri Kapil Sibal (2022-28) (2022-2028),Uttar Pradesh,,,locality_curated
Kethola,Shri Kapil Sibal (2022-28) (2022-2028),Uttar Pradesh,,,locality_curated
Bachhwal,Shri Kapil Sibal (2022-28) (2022-2028),Uttar Pradesh,,,locality_curated
Chowhara in Gram,Shri Kapil Sibal (2022-28) (2022-2028),Uttar Pradesh,,,locality_curated
Kheri in Gram,Shri Kapil Sibal (2022-28) (2022-2028),Uttar Pradesh,,,locality_curated
Agai,Shri Kapil Sibal (2022-28) (2022-2028),Uttar Pradesh,,,locality_curated
Amawa,Shri Kapil Sibal (2022-28) (2022-2028),Uttar Pradesh,,,locality_curated
Maharajpur in Gram,Shri Kapil Sibal (2022-28) (2022-2028),Uttar Pradesh,,,locality_curated
Dharupur,Shri Kapil Sibal (2022-28) (2022-2028),Uttar Pradesh,,,locality_curated
Shukulpur,Shri Kapil Sibal (2022-28) (2022-2028),Uttar Pradesh,,,locality_curated
Rampur,Shri Kapil Sibal (2022-28) (2022-2028),Uttar Pradesh,,,locality_curated
Pijari,Shri Kapil Sibal (2022-28) (2022-2028),Uttar Pradesh,,,locality_curated
Usmanpur,Shri Kapil Sibal (2022-28) (2022-2028),Uttar Pradesh,,,locality_curated
Semra,Shri Kapil Sibal (2022-28) (2022-2028),Uttar Pradesh,,,locality_curated
Shahbari,Shri Kapil Sibal (2022-28) (2022-2028),Uttar Pradesh,,,locality_curated
Tekaniyapur in Gram,Shri Kapil Sibal (2022-28) (2022-2028),Uttar Pradesh,,,locality_curated
Thriya,Shri Kapil Sibal (2022-28) (2022-2028),Uttar Pradesh,,,locality_curated
Pure,Shri Kapil Sibal (2022-28) (2022-2028),Uttar Pradesh,,,locality_curated
Kumbhapur,Shri Kapil Sibal (2022-28) (2022-2028),Uttar Pradesh,,,locality_curated
Dabhiyar,Shri Kapil Sibal (2022-28) (2022-2028),Uttar Pradesh,,,locality_curated
Buboopur,Shri Kapil Sibal (2022-28) (2022-2028),Uttar Pradesh,,,locality_curated
Kattipara,Shri Abdul Wahab (2021-27) (2021-2027),Kerala,,,locality_curated
hanuman prachin,Shri Naveen Jain (2024-30) (2024-2030),Uttar Pradesh,,,locality_curated
Shangnyu,Smt. S. Phangnon Konyak (2022-28) (2022-2028),Nagaland,,,locality_curated
bhol kalota,Shri Harbhajan Singh (2022-28) (2022-2028),Punjab,,,locality_curated
Taratand,Dr. Sarfraz Ahmad (2024-30) (2024-2030),Jharkhand,,,locality_curated
Ranatand,Dr. Sarfraz Ahmad (2024-30) (2024-2030),Jharkhand,,,locality_curated
Arjunbad,Dr. Sarfraz Ahmad (2024-30) (2024-2030),Jharkhand,,,locality_curated
Badkitand,Dr. Sarfraz Ahmad (2024-30) (2024-2030),Jharkhand,,,locality_curated
Madhwadih,Dr. Sarfraz Ahmad (2024-30) (2024-2030),Jharkhand,,,locality_curated
Khandoli,Dr. Sarfraz Ahmad (2024-30) (2024-2030),Jharkhand,,,locality_curated
Bankikhala,Dr. Sarfraz Ahmad (2024-30) (2024-2030),Jharkhand,,,locality_curated
Kumhariya,Dr. Sarfraz Ahmad (2024-30) (2024-2030),Jharkhand,,,locality_curated
Genro,Dr. Sarfraz Ahmad (2024-30) (2024-2030),Jharkhand,,,locality_curated
Pedamiram,Shri Masthan Rao Yadav Beedha (2024-28) (2024-2028),Andhra Pradesh,,,locality_curated
Dadapuram,Dr. M. Dhanapal (2025-31) (2025-2031),Tamil Nadu,,,locality_curated
Avaniperur keezhmugam,Dr. M. Dhanapal (2025-31) (2025-2031),Tamil Nadu,,,locality_curated
Avaniperur Keezhmugam,Dr. M. Dhanapal (2025-31) (2025-2031),Tamil Nadu,,,locality_curated
Irupali,Dr. M. Dhanapal (2025-31) (2025-2031),Tamil Nadu,,,locality_curated
Adaiyur,Dr. M. Dhanapal (2025-31) (2025-2031),Tamil Nadu,,,locality_curated
Andipatti,Dr. M. Dhanapal (2025-31) (2025-2031),Tamil Nadu,,,locality_curated
bagoda,Shri Balyogi Umeshnath (2024-30) (2024-2030),Madhya Pradesh,,,locality_curated
RAM,Smt. Rekha Sharma (2024-28) (2024-2028),Haryana,,,locality_curated
Pitro ka Manddir,Smt. Rekha Sharma (2024-28) (2024-2028),Haryana,,,locality_curated
satbir,Smt. Rekha Sharma (2024-28) (2024-2028),Haryana,,,locality_curated
Gram Bhilami,Dr. Kavita Patidar (2022-28) (2022-2028),Madhya Pradesh,,,locality_curated
Jammikunta,Shri Damodar Rao Divakonda (2022-28) (2022-2028),Telangana,,,locality_curated
Ponkal,Shri Damodar Rao Divakonda (2022-28) (2022-2028),Telangana,,,locality_curated
Singh,Shri Kartikeya Sharma (2022-28) (2022-2028),Haryana,,,locality_curated
kajeena,Shri Naresh Bansal (2020-26) (2020-2026),Uttarakhand,,,locality_curated
jhotari,Shri Naresh Bansal (2020-26) (2020-2026),Uttarakhand,,,locality_curated
saur,Shri Naresh Bansal (2020-26) (2020-2026),Uttarakhand,,,locality_curated
gairinala tok,Shri Naresh Bansal (2020-26) (2020-2026),Uttarakhand,,,locality_curated
feeder,Shri Kartikeya Sharma (2022-28) (2022-2028),Haryana,,,locality_curated
others,Shri Kartikeya Sharma (2022-28) (2022-2028),Haryana,,,locality_curated
Inumella,Shri Masthan Rao Yadav Beedha (2024-28) (2024-2028),Andhra Pradesh,,,locality_curated
voltage,Shri Kartikeya Sharma (2022-28) (2022-2028),Haryana,,,locality_curated
Ram,Shri Kartikeya Sharma (2022-28) (2022-2028),Haryana,,,locality_curated
Dugalia,Shri Hardeep Singh Puri (2020-26) (2020-2026),Uttar Pradesh,,,locality_curated
Dugaliya,Shri Hardeep Singh Puri (2020-26) (2020-2026),Uttar Pradesh,,,locality_curated
Durga Ji,Shri Hardeep Singh Puri (2020-26) (2020-2026),Uttar Pradesh,,,locality_curated
Shankar Ji,Shri Hardeep Singh Puri (2020-26) (2020-2026),Uttar Pradesh,,,locality_curated
Kalan,Shri Hardeep Singh Puri (2020-26) (2020-2026),Uttar Pradesh,,,locality_curated
Khatauli,Shri Hardeep Singh Puri (2020-26) (2020-2026),Uttar Pradesh,,,locality_curated
Judwariya,Shri Hardeep Singh Puri (2020-26) (2020-2026),Uttar Pradesh,,,locality_curated
Churk Nagar,Shri Hardeep Singh Puri (2020-26) (2020-2026),Uttar Pradesh,,,locality_curated
Gorari,Shri Hardeep Singh Puri (2020-26) (2020-2026),Uttar Pradesh,,,locality_curated
Unchadih village,Shri Hardeep Singh Puri (2020-26) (2020-2026),Uttar Pradesh,,,locality_curated
Kotas village,Shri Hardeep Singh Puri (2020-26) (2020-2026),Uttar Pradesh,,,locality_curated
Domaria,Shri Hardeep Singh Puri (2020-26) (2020-2026),Uttar Pradesh,,,locality_curated
Odouli village,Shri Hardeep Singh Puri (2020-26) (2020-2026),Uttar Pradesh,,,locality_curated
Tenduhar,Shri Hardeep Singh Puri (2020-26) (2020-2026),Uttar Pradesh,,,locality_curated
Raup,Shri Hardeep Singh Puri (2020-26) (2020-2026),Uttar Pradesh,,,locality_curated
Piparkhaad Gram,Shri Hardeep Singh Puri (2020-26) (2020-2026),Uttar Pradesh,,,locality_curated
Padraksh Gram,Shri Hardeep Singh Puri (2020-26) (2020-2026),Uttar Pradesh,,,locality_curated
Kali Mata,Shri Hardeep Singh Puri (2020-26) (2020-2026),Uttar Pradesh,,,locality_curated
Sheetla Mata,Shri Hardeep Singh Puri (2020-26) (2020-2026),Uttar Pradesh,,,locality_curated
Belkap,Shri Hardeep Singh Puri (2020-26) (2020-2026),Uttar Pradesh,,,locality_curated
Asanhar,Shri Hardeep Singh Puri (2020-26) (2020-2026),Uttar Pradesh,,,locality_curated
Patehra,Shri Hardeep Singh Puri (2020-26) (2020-2026),Uttar Pradesh,,,locality_curated
Baghori,Shri Hardeep Singh Puri (2020-26) (2020-2026),Uttar Pradesh,,,locality_curated
Ranidih,Shri Hardeep Singh Puri (2020-26) (2020-2026),Uttar Pradesh,,,locality_curated
Piparkhaad,Shri Hardeep Singh Puri (2020-26) (2020-2026),Uttar Pradesh,,,locality_curated
Jampani,Shri Hardeep Singh Puri (2020-26) (2020-2026),Uttar Pradesh,,,locality_curated
Fulwar,Shri Hardeep Singh Puri (2020-26) (2020-2026),Uttar Pradesh,,,locality_curated
Kendra,Shri Hardeep Singh Puri (2020-26) (2020-2026),Uttar Pradesh,,,locality_curated
Bethigaon,Shri Hardeep Singh Puri (2020-26) (2020-2026),Uttar Pradesh,,,locality_curated
Tilauli,Shri Hardeep Singh Puri (2020-26) (2020-2026),Uttar Pradesh,,,locality_curated
Tikuria Gram,Shri Hardeep Singh Puri (2020-26) (2020-2026),Uttar Pradesh,,,locality_curated
Patela Gram,Shri Hardeep Singh Puri (2020-26) (2020-2026),Uttar Pradesh,,,locality_curated
Ganeshpur Gram,Shri Hardeep Singh Puri (2020-26) (2020-2026),Uttar Pradesh,,,locality_curated
Kabri Gram,Shri Hardeep Singh Puri (2020-26) (2020-2026),Uttar Pradesh,,,locality_curated
Kusi Dor,Shri Hardeep Singh Puri (2020-26) (2020-2026),Uttar Pradesh,,,locality_curated
Bantra,Shri Hardeep Singh Puri (2020-26) (2020-2026),Uttar Pradesh,,,locality_curated
Ghevari,Shri Hardeep Singh Puri (2020-26) (2020-2026),Uttar Pradesh,,,locality_curated
Barwan,Shri Hardeep Singh Puri (2020-26) (2020-2026),Uttar Pradesh,,,locality_curated
Nisogi village,Shri Hardeep Singh Puri (2020-26) (2020-2026),Uttar Pradesh,,,locality_curated
Lahas,Shri Hardeep Singh Puri (2020-26) (2020-2026),Uttar Pradesh,,,locality_curated
Bahuara village,Shri Hardeep Singh Puri (2020-26) (2020-2026),Uttar Pradesh,,,locality_curated
Samleshwari,Shri Devendra Pratap Singh (2024-30) (2024-2030),Chhattisgarh,,,locality_curated
ashvinbhia ajitbhai patel,Dr. Parmar Jashvantsinh Salamsinh (2024-30) (2024-2030),Gujarat,,,locality_curated
Morley High,Shri Kanad Purkayastha (2025-31) (2025-2031),Assam,,,locality_curated
Annapurana,Shri Kanad Purkayastha (2025-31) (2025-2031),Assam,,,locality_curated
Bank,Shri Kanad Purkayastha (2025-31) (2025-2031),Assam,,,locality_curated
sigaramaaganapalli,Shri I.S. Inbadurai (2025-31) (2025-2031),Tamil Nadu,,,locality_curated
Konganapalli,Shri I.S. Inbadurai (2025-31) (2025-2031),Tamil Nadu,,,locality_curated
singiripalli,Shri I.S. Inbadurai (2025-31) (2025-2031),Tamil Nadu,,,locality_curated
Epri,Shri I.S. Inbadurai (2025-31) (2025-2031),Tamil Nadu,,,locality_curated
Kattaiyam Bedu,Shri I.S. Inbadurai (2025-31) (2025-2031),Tamil Nadu,,,locality_curated
Vellandi Valasu Kaliamman,Shri I.S. Inbadurai (2025-31) (2025-2031),Tamil Nadu,,,locality_curated
Alachampalayam Mariamman,Shri I.S. Inbadurai (2025-31) (2025-2031),Tamil Nadu,,,locality_curated
Konganapuram Town,Shri I.S. Inbadurai (2025-31) (2025-2031),Tamil Nadu,,,locality_curated
Selva Vinayagar,Shri I.S. Inbadurai (2025-31) (2025-2031),Tamil Nadu,,,locality_curated
line Nagar,Dr. Sikander Kumar (2022-28) (2022-2028),Himachal Pradesh,,,locality_curated
Gadiara,Dr. Sikander Kumar (2022-28) (2022-2028),Himachal Pradesh,,,locality_curated
Thirumalapuram,Dr. M. Dhanapal (2025-31) (2025-2031),Tamil Nadu,,,locality_curated
Amrapara,Shri Govindbhai Laljibhai Dholakia (2024-30) (2024-2030),Gujarat,,,locality_curated
Maithapur,Shri Damodar Rao Divakonda (2022-28) (2022-2028),Telangana,,,locality_curated
Ramayan,Dr. Anil Sukhdeorao Bonde (2022-28) (2022-2028),Maharashtra,,,locality_curated
Imaliya,Smt. Maya Naroliya (2024-30) (2024-2030),Madhya Pradesh,,,locality_curated
Lolri,Smt. Maya Naroliya (2024-30) (2024-2030),Madhya Pradesh,,,locality_curated
Singhpur,Smt. Maya Naroliya (2024-30) (2024-2030),Madhya Pradesh,,,locality_curated
Manakoni,Smt. Ranjeet Ranjan (2022-28) (2022-2028),Chhattisgarh,,,locality_curated
Kot,Smt. Ranjeet Ranjan (2022-28) (2022-2028),Chhattisgarh,,,locality_curated
Panchayat Bagicha,Smt. Ranjeet Ranjan (2022-28) (2022-2028),Chhattisgarh,,,locality_curated
Nagam,Smt. Ranjeet Ranjan (2022-28) (2022-2028),Chhattisgarh,,,locality_curated
Galkuva,Shri Govindbhai Laljibhai Dholakia (2024-30) (2024-2030),Gujarat,,,locality_curated
Mulkoti,Shri Harsh Mahajan (2024-30) (2024-2030),Himachal Pradesh,,,locality_curated
Chandrapur,Shri Kesridevsinh Jhala (2023-29) (2023-2029),Gujarat,,,locality_curated
Gangiyavdar,Shri Kesridevsinh Jhala (2023-29) (2023-2029),Gujarat,,,locality_curated
Chachdia,Shri Kesridevsinh Jhala (2023-29) (2023-2029),Gujarat,,,locality_curated
Rupavati,Shri Kesridevsinh Jhala (2023-29) (2023-2029),Gujarat,,,locality_curated
Jetparda,Shri Kesridevsinh Jhala (2023-29) (2023-2029),Gujarat,,,locality_curated
Padadhara,Shri Kesridevsinh Jhala (2023-29) (2023-2029),Gujarat,,,locality_curated
Ola,Shri Kesridevsinh Jhala (2023-29) (2023-2029),Gujarat,,,locality_curated
Rajgad,Shri Kesridevsinh Jhala (2023-29) (2023-2029),Gujarat,,,locality_curated
Lakaddhar,Shri Kesridevsinh Jhala (2023-29) (2023-2029),Gujarat,,,locality_curated
Jambudiya,Shri Kesridevsinh Jhala (2023-29) (2023-2029),Gujarat,,,locality_curated
Vardusar,Shri Kesridevsinh Jhala (2023-29) (2023-2029),Gujarat,,,locality_curated
Paj,Shri Kesridevsinh Jhala (2023-29) (2023-2029),Gujarat,,,locality_curated
Gundakhda,Shri Kesridevsinh Jhala (2023-29) (2023-2029),Gujarat,,,locality_curated
Amarsar,Shri Kesridevsinh Jhala (2023-29) (2023-2029),Gujarat,,,locality_curated
Arnitimba,Shri Kesridevsinh Jhala (2023-29) (2023-2029),Gujarat,,,locality_curated
Pipliyaraj,Shri Kesridevsinh Jhala (2023-29) (2023-2029),Gujarat,,,locality_curated
Chumukedima,Smt. S. Phangnon Konyak (2022-28) (2022-2028),Nagaland,,,locality_curated
Damkora,Shri Subhash Barala (2024-30) (2024-2030),Haryana,,,locality_curated
Guhna,Dr. Syed Naseer Hussain (2024-30) (2024-2030),Karnataka,,,locality_curated
Mednisare Gram,Dr. Sarfraz Ahmad (2024-30) (2024-2030),Jharkhand,,,locality_curated
Tola,Dr. Sarfraz Ahmad (2024-30) (2024-2030),Jharkhand,,,locality_curated
Chiksoriya,Dr. Sarfraz Ahmad (2024-30) (2024-2030),Jharkhand,,,locality_curated
Jorasimer,Dr. Sarfraz Ahmad (2024-30) (2024-2030),Jharkhand,,,locality_curated
GTV,Shri Gulam Ali (2022-28) (2022-2028),Jammu And Kashmir,,,locality_curated
bhilvas,Dr. Parmar Jashvantsinh Salamsinh (2024-30) (2024-2030),Gujarat,,,locality_curated
gamdi,Dr. Parmar Jashvantsinh Salamsinh (2024-30) (2024-2030),Gujarat,,,locality_curated
rayan faliya,Dr. Parmar Jashvantsinh Salamsinh (2024-30) (2024-2030),Gujarat,,,locality_curated
Dindorpada Itauwa,Shri Chunnilal Garasiya (2024-30) (2024-2030),Rajasthan,,,locality_curated
Anwa,Shri Chunnilal Garasiya (2024-30) (2024-2030),Rajasthan,,,locality_curated
Mitha Gram,Shri Mayankkumar Nayak (2024-30) (2024-2030),Gujarat,,,locality_curated
rompalle,Shri Golla Baburao (2024-30) (2024-2030),Andhra Pradesh,,,locality_curated
paradhi,Shri Golla Baburao (2024-30) (2024-2030),Andhra Pradesh,,,locality_curated
Kollachery,Smt. Rajathi (2025-31) (2025-2031),Tamil Nadu,,,locality_curated
Kolapakkam,Smt. Rajathi (2025-31) (2025-2031),Tamil Nadu,,,locality_curated
Ayyapathangal,Smt. Rajathi (2025-31) (2025-2031),Tamil Nadu,,,locality_curated
School Kovur,Smt. Rajathi (2025-31) (2025-2031),Tamil Nadu,,,locality_curated
Padappai,Smt. Rajathi (2025-31) (2025-2031),Tamil Nadu,,,locality_curated
Panrutti,Smt. Rajathi (2025-31) (2025-2031),Tamil Nadu,,,locality_curated
Musaravakkam,Smt. Rajathi (2025-31) (2025-2031),Tamil Nadu,,,locality_curated
Salavakkam,Smt. Rajathi (2025-31) (2025-2031),Tamil Nadu,,,locality_curated
Manapathy,Smt. Rajathi (2025-31) (2025-2031),Tamil Nadu,,,locality_curated
Thiruppukuzhi,Smt. Rajathi (2025-31) (2025-2031),Tamil Nadu,,,locality_curated
Ayyangarkulam,Smt. Rajathi (2025-31) (2025-2031),Tamil Nadu,,,locality_curated
Kurijupadi Town,Shri S. Kalyanasundaram (2022-28) (2022-2028),Tamil Nadu,,,locality_curated
Anjur,Shri S. Kalyanasundaram (2022-28) (2022-2028),Tamil Nadu,,,locality_curated
Thiruvachi,Shri I.S. Inbadurai (2025-31) (2025-2031),Tamil Nadu,,,locality_curated
se purani,Shri Balyogi Umeshnath (2024-30) (2024-2030),Madhya Pradesh,,,locality_curated
nagpura,Shri Balyogi Umeshnath (2024-30) (2024-2030),Madhya Pradesh,,,locality_curated
Sidhan,Shri Subhash Barala (2024-30) (2024-2030),Haryana,,,locality_curated
Hindalgol,Shri Pramod Tiwari (2022-28) (2022-2028),Rajasthan,,,locality_curated
Silastamb,Smt. Sulata Deo (2022-28) (2022-2028),Odisha,,,locality_curated
Nagar me,Shri Mahendra Bhatt (2024-30) (2024-2030),Uttarakhand,,,locality_curated
sayamalai,Shri R. Dharmar (2022-28) (2022-2028),Tamil Nadu,,,locality_curated
echantha,Shri R. Dharmar (2022-28) (2022-2028),Tamil Nadu,,,locality_curated
Echantha,Shri R. Dharmar (2022-28) (2022-2028),Tamil Nadu,,,locality_curated
Hanuman,Shri Naveen Jain (2024-30) (2024-2030),Uttar Pradesh,,,locality_curated
Shakti,Shri Naveen Jain (2024-30) (2024-2030),Uttar Pradesh,,,locality_curated
Rauthar,Shri Naveen Jain (2024-30) (2024-2030),Uttar Pradesh,,,locality_curated
Lord Ganesh Public,Shri Naveen Jain (2024-30) (2024-2030),Uttar Pradesh,,,locality_curated
Ram BHakt Hanuman,Shri Naveen Jain (2024-30) (2024-2030),Uttar Pradesh,,,locality_curated
Ramatheertham,Shri Masthan Rao Yadav Beedha (2024-28) (2024-2028),Andhra Pradesh,,,locality_curated
Koliyanur,Shri R. Dharmar (2022-28) (2022-2028),Tamil Nadu,,,locality_curated
Kanai,Shri R. Dharmar (2022-28) (2022-2028),Tamil Nadu,,,locality_curated
School Velanandal,Shri R. Dharmar (2022-28) (2022-2028),Tamil Nadu,,,locality_curated
Andampallam,Shri R. Dharmar (2022-28) (2022-2028),Tamil Nadu,,,locality_curated
SU Valavettu,Shri R. Dharmar (2022-28) (2022-2028),Tamil Nadu,,,locality_curated
School Kolakkudi,Shri R. Dharmar (2022-28) (2022-2028),Tamil Nadu,,,locality_curated
Chandropa,Shri Harsh Mahajan (2024-30) (2024-2030),Himachal Pradesh,,,locality_curated
Poruvazhy,Shri Abdul Wahab (2021-27) (2021-2027),Kerala,,,locality_curated
Binarasi,Dr. Kalpana Saini (2022-28) (2022-2028),Uttarakhand,,,locality_curated
Pratap Pura,Shri Randeep Singh Surjewala (2022-28) (2022-2028),Rajasthan,,,locality_curated
Ketoo Kalan,Shri Randeep Singh Surjewala (2022-28) (2022-2028),Rajasthan,,,locality_curated
Dassusar,Shri Randeep Singh Surjewala (2022-28) (2022-2028),Rajasthan,,,locality_curated
Chadwas,Shri Randeep Singh Surjewala (2022-28) (2022-2028),Rajasthan,,,locality_curated
Katar Chhoti,Shri Randeep Singh Surjewala (2022-28) (2022-2028),Rajasthan,,,locality_curated
Bamboo,Shri Randeep Singh Surjewala (2022-28) (2022-2028),Rajasthan,,,locality_curated
Kalri,Shri Randeep Singh Surjewala (2022-28) (2022-2028),Rajasthan,,,locality_curated
Hariyasar Jatan,Shri Randeep Singh Surjewala (2022-28) (2022-2028),Rajasthan,,,locality_curated
Kuldiya,Shri Randeep Singh Surjewala (2022-28) (2022-2028),Rajasthan,,,locality_curated
Modawasi,Shri Randeep Singh Surjewala (2022-28) (2022-2028),Rajasthan,,,locality_curated
Bangora Gram,Dr. Kalpana Saini (2022-28) (2022-2028),Uttarakhand,,,locality_curated
Baina,Dr. Kalpana Saini (2022-28) (2022-2028),Uttarakhand,,,locality_curated
Kariyan,Shri Harsh Mahajan (2024-30) (2024-2030),Himachal Pradesh,,,locality_curated
Pukhri,Shri Harsh Mahajan (2024-30) (2024-2030),Himachal Pradesh,,,locality_curated
ghegar,Shri Mahendra Bhatt (2024-30) (2024-2030),Uttarakhand,,,locality_curated
Jilla,Shri Mahendra Bhatt (2024-30) (2024-2030),Uttarakhand,,,locality_curated
Sagrod,Shri Mukul Wasnik (2022-28) (2022-2028),Rajasthan,,,locality_curated
Barwala,Shri Mukul Wasnik (2022-28) (2022-2028),Rajasthan,,,locality_curated
Hostel,Smt. Ranjeet Ranjan (2022-28) (2022-2028),Chhattisgarh,,,locality_curated
Mananpur,Shri Akhilesh Prasad Singh (2024-30) (2024-2030),Bihar,,,locality_curated
Nariyarwa Belaray,Shri Akhilesh Prasad Singh (2024-30) (2024-2030),Bihar,,,locality_curated
Keenvsar,Shri Pramod Tiwari (2022-28) (2022-2028),Rajasthan,,,locality_curated
Khinvsar,Shri Pramod Tiwari (2022-28) (2022-2028),Rajasthan,,,locality_curated
Goboradol,Shri Rwngwra Narzary (2022-28) (2022-2028),Assam,,,locality_curated
kaliyawala,Dr. Kalpana Saini (2022-28) (2022-2028),Uttarakhand,,,locality_curated
Mundawa Ki,Shri Ghanshyam Tiwari (2022-28) (2022-2028),Rajasthan,,,locality_curated
Palaganangudy,Smt. Rajathi (2025-31) (2025-2031),Tamil Nadu,,,locality_curated
N S solanki,Dr. Parmar Jashvantsinh Salamsinh (2024-30) (2024-2030),Gujarat,,,locality_curated
Mundla,Shri Vivek K. Tankha (2022-28) (2022-2028),Madhya Pradesh,,,locality_curated
Bhagat,Dr. Parmar Jashvantsinh Salamsinh (2024-30) (2024-2030),Gujarat,,,locality_curated
maliwad,Dr. Parmar Jashvantsinh Salamsinh (2024-30) (2024-2030),Gujarat,,,locality_curated
masadra khantt,Dr. Parmar Jashvantsinh Salamsinh (2024-30) (2024-2030),Gujarat,,,locality_curated
relava nal,Dr. Parmar Jashvantsinh Salamsinh (2024-30) (2024-2030),Gujarat,,,locality_curated
Bank,Dr. Parmar Jashvantsinh Salamsinh (2024-30) (2024-2030),Gujarat,,,locality_curated
Kuduregere,Shri G.C. Chandrashekhar (2024-30) (2024-2030),Karnataka,,,locality_curated
Ariyapadaiveedu,Shri S. Kalyanasundaram (2022-28) (2022-2028),Tamil Nadu,,,locality_curated
Anjanwa high,Dr. Parmar Jashvantsinh Salamsinh (2024-30) (2024-2030),Gujarat,,,locality_curated
chirag revabhai,Dr. Parmar Jashvantsinh Salamsinh (2024-30) (2024-2030),Gujarat,,,locality_curated
bariaya dilipsinh keshrisinh,Dr. Parmar Jashvantsinh Salamsinh (2024-30) (2024-2030),Gujarat,,,locality_curated
Popatsinh nansinh,Dr. Parmar Jashvantsinh Salamsinh (2024-30) (2024-2030),Gujarat,,,locality_curated
pagi,Dr. Parmar Jashvantsinh Salamsinh (2024-30) (2024-2030),Gujarat,,,locality_curated
machhar,Dr. Parmar Jashvantsinh Salamsinh (2024-30) (2024-2030),Gujarat,,,locality_curated
pipali vali,Dr. Parmar Jashvantsinh Salamsinh (2024-30) (2024-2030),Gujarat,,,locality_curated
Thennangudipalayam,Shri S.R. Sivalingam (2025-31) (2025-2031),Tamil Nadu,,,locality_curated
Sendamangalam Town,Shri K.R.N. Rajeshkumar (2022-28) (2022-2028),Tamil Nadu,,,locality_curated
Elur,Shri K.R.N. Rajeshkumar (2022-28) (2022-2028),Tamil Nadu,,,locality_curated
Koonavelapatti,Shri K.R.N. Rajeshkumar (2022-28) (2022-2028),Tamil Nadu,,,locality_curated
Office Kadi,Dr. Sikander Kumar (2022-28) (2022-2028),Himachal Pradesh,,,locality_curated
Keyobil,Dr. Sikander Kumar (2022-28) (2022-2028),Himachal Pradesh,,,locality_curated
Village Kalag,Dr. Sikander Kumar (2022-28) (2022-2028),Himachal Pradesh,,,locality_curated
Village Gadnibag,Dr. Sikander Kumar (2022-28) (2022-2028),Himachal Pradesh,,,locality_curated
towards,Shri Babubhai Jesangbhai Desai (2023-29) (2023-2029),Gujarat,,,locality_curated
Kolapur,Shri Babubhai Jesangbhai Desai (2023-29) (2023-2029),Gujarat,,,locality_curated
Sametra,Shri Mayankkumar Nayak (2024-30) (2024-2030),Gujarat,,,locality_curated
Nandotri,Shri Mayankkumar Nayak (2024-30) (2024-2030),Gujarat,,,locality_curated
Mahadevji,Shri Mayankkumar Nayak (2024-30) (2024-2030),Gujarat,,,locality_curated
Jorapura,Shri Mayankkumar Nayak (2024-30) (2024-2030),Gujarat,,,locality_curated
Gangora,Shri B.L. Verma (2020-26) (2020-2026),Uttar Pradesh,,,locality_curated
Chandora,Shri B.L. Verma (2020-26) (2020-2026),Uttar Pradesh,,,locality_curated
Vengambakkam,Dr. M. Dhanapal (2025-31) (2025-2031),Tamil Nadu,,,locality_curated
Thirukalukundram,Dr. M. Dhanapal (2025-31) (2025-2031),Tamil Nadu,,,locality_curated
Pudupattinam,Dr. M. Dhanapal (2025-31) (2025-2031),Tamil Nadu,,,locality_curated
Thirukalukundram Town,Dr. M. Dhanapal (2025-31) (2025-2031),Tamil Nadu,,,locality_curated
pudupattinam,Dr. M. Dhanapal (2025-31) (2025-2031),Tamil Nadu,,,locality_curated
Kolathur,Dr. M. Dhanapal (2025-31) (2025-2031),Tamil Nadu,,,locality_curated
Chunampet,Dr. M. Dhanapal (2025-31) (2025-2031),Tamil Nadu,,,locality_curated
Annavasal Town,Dr. M. Dhanapal (2025-31) (2025-2031),Tamil Nadu,,,locality_curated
Ramsara,Shri Pramod Tiwari (2022-28) (2022-2028),Rajasthan,,,locality_curated
Santalpur,Shri Mayankkumar Nayak (2024-30) (2024-2030),Gujarat,,,locality_curated
Dhatrawada,Shri Balyogi Umeshnath (2024-30) (2024-2030),Madhya Pradesh,,,locality_curated
ME LIBRARY,Shri Surendra Singh Nagar (2022-28) (2022-2028),Uttar Pradesh,,,locality_curated
Mahadevdeuli,Smt. Sulata Deo (2022-28) (2022-2028),Odisha,,,locality_curated
Baba RajaRajeswar,Smt. Sulata Deo (2022-28) (2022-2028),Odisha,,,locality_curated
Gram Kheriya Kachai,Shri Ashok Singh (2024-30) (2024-2030),Madhya Pradesh,,,locality_curated
Nedumpara Lakshaveedu,Shri A. A. Rahim (2022-28) (2022-2028),Kerala,,,locality_curated
Jat Dharmashala Gram,Shri Ashok Singh (2024-30) (2024-2030),Madhya Pradesh,,,locality_curated
Yadav house,Shri Ashok Singh (2024-30) (2024-2030),Madhya Pradesh,,,locality_curated
Pachaloor Juma,Shri A. A. Rahim (2022-28) (2022-2028),Kerala,,,locality_curated
Rajapuram,Shri Ryaga Krishnaiah (2024-28) (2024-2028),Andhra Pradesh,,,locality_curated
Government School Pichani,Shri Madan Rathore (2024-30) (2024-2030),Rajasthan,,,locality_curated
yerrayapalli,Shri Ryaga Krishnaiah (2024-28) (2024-2028),Andhra Pradesh,,,locality_curated
Lasuldiya,Shri Balyogi Umeshnath (2024-30) (2024-2030),Madhya Pradesh,,,locality_curated
Rampuriya,Dr. Kavita Patidar (2022-28) (2022-2028),Madhya Pradesh,,,locality_curated
Brahmadin,Prof. Ram Gopal Yadav (2020-26) (2020-2026),Uttar Pradesh,,,locality_curated
Theekariya,Shri Mukul Wasnik (2022-28) (2022-2028),Rajasthan,,,locality_curated
Khunagi Khad,Dr. Sikander Kumar (2022-28) (2022-2028),Himachal Pradesh,,,locality_curated
Majhoti,Dr. Sikander Kumar (2022-28) (2022-2028),Himachal Pradesh,,,locality_curated
uper Bhela,Dr. Sikander Kumar (2022-28) (2022-2028),Himachal Pradesh,,,locality_curated
Murhag,Dr. Sikander Kumar (2022-28) (2022-2028),Himachal Pradesh,,,locality_curated
Shani,Smt. Mahua Maji (2022-28) (2022-2028),Jharkhand,,,locality_curated
VILLAGE MOHRA,Shri Gulam Ali (2022-28) (2022-2028),Jammu And Kashmir,,,locality_curated
PANCHAYAT RAJPURA,Shri Gulam Ali (2022-28) (2022-2028),Jammu And Kashmir,,,locality_curated
Falater,Shri Mukul Wasnik (2022-28) (2022-2028),Rajasthan,,,locality_curated
Koyickal Sri Subrahmanya,Smt. Jebi Mather Hisham (2022-28) (2022-2028),Kerala,,,locality_curated
Lunawas,Shri Mukul Wasnik (2022-28) (2022-2028),Rajasthan,,,locality_curated
Merkathiyan Pannai,Shri I.S. Inbadurai (2025-31) (2025-2031),Tamil Nadu,,,locality_curated
Vadakku street Sethupatti,Shri I.S. Inbadurai (2025-31) (2025-2031),Tamil Nadu,,,locality_curated
Gangaram,Shri B. Parthasaradhi Reddy (2022-28) (2022-2028),Telangana,,,locality_curated
mahudiya,Shri Balyogi Umeshnath (2024-30) (2024-2030),Madhya Pradesh,,,locality_curated
surjanwasa,Shri Balyogi Umeshnath (2024-30) (2024-2030),Madhya Pradesh,,,locality_curated
sekakhedi,Shri Balyogi Umeshnath (2024-30) (2024-2030),Madhya Pradesh,,,locality_curated
bardabarkheda,Shri Balyogi Umeshnath (2024-30) (2024-2030),Madhya Pradesh,,,locality_curated
Gram Sirsiya Gram,Shri Ashok Singh (2024-30) (2024-2030),Madhya Pradesh,,,locality_curated
Chennimalai Town,Shri P. Wilson (2025-31) (2025-2031),Tamil Nadu,,,locality_curated
Rajnagar,Shri Harsh Mahajan (2024-30) (2024-2030),Himachal Pradesh,,,locality_curated
Kevdiya,Shri Randeep Singh Surjewala (2022-28) (2022-2028),Rajasthan,,,locality_curated
Khetusar,Shri Randeep Singh Surjewala (2022-28) (2022-2028),Rajasthan,,,locality_curated
Gendro,Dr. Sarfraz Ahmad (2024-30) (2024-2030),Jharkhand,,,locality_curated
Luppi,Dr. Sarfraz Ahmad (2024-30) (2024-2030),Jharkhand,,,locality_curated
Karnpura,Dr. Sarfraz Ahmad (2024-30) (2024-2030),Jharkhand,,,locality_curated
Phuljharia,Dr. Sarfraz Ahmad (2024-30) (2024-2030),Jharkhand,,,locality_curated
Gandey,Dr. Sarfraz Ahmad (2024-30) (2024-2030),Jharkhand,,,locality_curated
Gathaura,Shri Vivek K. Tankha (2022-28) (2022-2028),Madhya Pradesh,,,locality_curated
Sataveli,Shri Vivek K. Tankha (2022-28) (2022-2028),Madhya Pradesh,,,locality_curated
Nayagaon,Shri Vivek K. Tankha (2022-28) (2022-2028),Madhya Pradesh,,,locality_curated
Luhari,Shri Vivek K. Tankha (2022-28) (2022-2028),Madhya Pradesh,,,locality_curated
Chhapra,Shri Vivek K. Tankha (2022-28) (2022-2028),Madhya Pradesh,,,locality_curated
Dagdaua,Shri Vivek K. Tankha (2022-28) (2022-2028),Madhya Pradesh,,,locality_curated
Fort Kochi,Shri Haris Beeran (2024-30) (2024-2030),Kerala,,,locality_curated
Lal,Dr. Sikander Kumar (2022-28) (2022-2028),Himachal Pradesh,,,locality_curated
Kannikapuram,Shri R. Girirajan (2022-28) (2022-2028),Tamil Nadu,,,locality_curated
Ayyappanthangal,Shri R. Girirajan (2022-28) (2022-2028),Tamil Nadu,,,locality_curated
Ayappanthangal,Shri R. Girirajan (2022-28) (2022-2028),Tamil Nadu,,,locality_curated
Moulivakkam,Shri R. Girirajan (2022-28) (2022-2028),Tamil Nadu,,,locality_curated
Thandalam,Shri R. Girirajan (2022-28) (2022-2028),Tamil Nadu,,,locality_curated
Bharaniputhur,Shri R. Girirajan (2022-28) (2022-2028),Tamil Nadu,,,locality_curated
Kovur,Shri R. Girirajan (2022-28) (2022-2028),Tamil Nadu,,,locality_curated
Periya Panicheri,Shri R. Girirajan (2022-28) (2022-2028),Tamil Nadu,,,locality_curated
Athur,Shri R. Girirajan (2022-28) (2022-2028),Tamil Nadu,,,locality_curated
Kattankulathur,Shri R. Girirajan (2022-28) (2022-2028),Tamil Nadu,,,locality_curated
Porpanankarai,Shri R. Girirajan (2022-28) (2022-2028),Tamil Nadu,,,locality_curated
Achirapakkam Town,Shri R. Girirajan (2022-28) (2022-2028),Tamil Nadu,,,locality_curated
Achirupakkam town,Shri R. Girirajan (2022-28) (2022-2028),Tamil Nadu,,,locality_curated
Mosavadi,Shri R. Girirajan (2022-28) (2022-2028),Tamil Nadu,,,locality_curated
Velliyambakkam,Shri R. Girirajan (2022-28) (2022-2028),Tamil Nadu,,,locality_curated
Thulasiraman Kulakkarai Anjaneyar,Shri R. Girirajan (2022-28) (2022-2028),Tamil Nadu,,,locality_curated
Raghunathasamudram,Shri R. Girirajan (2022-28) (2022-2028),Tamil Nadu,,,locality_curated
Pothur,Shri R. Girirajan (2022-28) (2022-2028),Tamil Nadu,,,locality_curated
Pammadukulam,Shri R. Girirajan (2022-28) (2022-2028),Tamil Nadu,,,locality_curated
Karalapakkam,Shri R. Girirajan (2022-28) (2022-2028),Tamil Nadu,,,locality_curated
Angadu,Shri R. Girirajan (2022-28) (2022-2028),Tamil Nadu,,,locality_curated
Alamathi,Shri R. Girirajan (2022-28) (2022-2028),Tamil Nadu,,,locality_curated
Padiyanallur,Shri R. Girirajan (2022-28) (2022-2028),Tamil Nadu,,,locality_curated
renewal,Shri Harbhajan Singh (2022-28) (2022-2028),Punjab,,,locality_curated
Paladugu,Smt. Renuka Chowdhury (2024-30) (2024-2030),Telangana,,,locality_curated
State Pinapaka,Smt. Renuka Chowdhury (2024-30) (2024-2030),Telangana,,,locality_curated
Punyapuram,Smt. Renuka Chowdhury (2024-30) (2024-2030),Telangana,,,locality_curated
Meenavolu,Smt. Renuka Chowdhury (2024-30) (2024-2030),Telangana,,,locality_curated
Nidanapuram,Smt. Renuka Chowdhury (2024-30) (2024-2030),Telangana,,,locality_curated
Illuru,Smt. Renuka Chowdhury (2024-30) (2024-2030),Telangana,,,locality_curated
Didugupadu,Smt. Renuka Chowdhury (2024-30) (2024-2030),Telangana,,,locality_curated
Vembayam Juma,Shri A. A. Rahim (2022-28) (2022-2028),Kerala,,,locality_curated
Thennoor Devi,Shri A. A. Rahim (2022-28) (2022-2028),Kerala,,,locality_curated
Vanapuram Paithur,Shri S.R. Sivalingam (2025-31) (2025-2031),Tamil Nadu,,,locality_curated
Jangamma samuthiram,Shri S.R. Sivalingam (2025-31) (2025-2031),Tamil Nadu,,,locality_curated
Mallupally,Smt. Renuka Chowdhury (2024-30) (2024-2030),Telangana,,,locality_curated
Mandawar,Dr. Kalpana Saini (2022-28) (2022-2028),Uttarakhand,,,locality_curated
Parsauni Dakshni,Dr. Faiyaz Ahmad (2022-28) (2022-2028),Bihar,,,locality_curated
Narsam Dakshni,Dr. Faiyaz Ahmad (2022-28) (2022-2028),Bihar,,,locality_curated
CHINTHAREVU AT KONIJERLA,Smt. Renuka Chowdhury (2024-30) (2024-2030),Telangana,,,locality_curated
Nagula Vancha,Smt. Renuka Chowdhury (2024-30) (2024-2030),Telangana,,,locality_curated
Thanda,Smt. Renuka Chowdhury (2024-30) (2024-2030),Telangana,,,locality_curated
Nayakangudem,Smt. Renuka Chowdhury (2024-30) (2024-2030),Telangana,,,locality_curated
Tungaram,Smt. Renuka Chowdhury (2024-30) (2024-2030),Telangana,,,locality_curated
Anisettipally,Smt. Renuka Chowdhury (2024-30) (2024-2030),Telangana,,,locality_curated
Anantharam,Smt. Renuka Chowdhury (2024-30) (2024-2030),Telangana,,,locality_curated
Gopannagudem,Smt. Renuka Chowdhury (2024-30) (2024-2030),Telangana,,,locality_curated
Pydithalli Ammavari,Shri Yerram Venkata Subba Reddy (2024-30) (2024-2030),Andhra Pradesh,,,locality_curated
Mamidivada,Shri Yerram Venkata Subba Reddy (2024-30) (2024-2030),Andhra Pradesh,,,locality_curated
Phillipalli,Shri Yerram Venkata Subba Reddy (2024-30) (2024-2030),Andhra Pradesh,,,locality_curated
Periyar,Shri P. Wilson (2025-31) (2025-2031),Tamil Nadu,,,locality_curated
Khorimahua,Dr. Sarfraz Ahmad (2024-30) (2024-2030),Jharkhand,,,locality_curated
Lakhanpur,Dr. Sarfraz Ahmad (2024-30) (2024-2030),Jharkhand,,,locality_curated
Mod,Dr. Sarfraz Ahmad (2024-30) (2024-2030),Jharkhand,,,locality_curated
Pandeydih,Dr. Sarfraz Ahmad (2024-30) (2024-2030),Jharkhand,,,locality_curated
Ahardih,Dr. Sarfraz Ahmad (2024-30) (2024-2030),Jharkhand,,,locality_curated
Mathaser,Dr. Sarfraz Ahmad (2024-30) (2024-2030),Jharkhand,,,locality_curated
Pavartpur,Dr. Sarfraz Ahmad (2024-30) (2024-2030),Jharkhand,,,locality_curated
Rasanjori,Dr. Sarfraz Ahmad (2024-30) (2024-2030),Jharkhand,,,locality_curated
Bhalkudar,Dr. Sarfraz Ahmad (2024-30) (2024-2030),Jharkhand,,,locality_curated
Ojhadiah,Dr. Sarfraz Ahmad (2024-30) (2024-2030),Jharkhand,,,locality_curated
Chachghara,Dr. Sarfraz Ahmad (2024-30) (2024-2030),Jharkhand,,,locality_curated
Barkitand,Dr. Sarfraz Ahmad (2024-30) (2024-2030),Jharkhand,,,locality_curated
Manchukonda,Smt. Renuka Chowdhury (2024-30) (2024-2030),Telangana,,,locality_curated
Keshavapuram,Smt. Renuka Chowdhury (2024-30) (2024-2030),Telangana,,,locality_curated
Annavasal,Shri R. Girirajan (2022-28) (2022-2028),Tamil Nadu,,,locality_curated
Sarojini,Shri Masthan Rao Yadav Beedha (2024-28) (2024-2028),Andhra Pradesh,,,locality_curated
Lakhanka,Shri Govindbhai Laljibhai Dholakia (2024-30) (2024-2030),Gujarat,,,locality_curated
Balaji,Shri Chunnilal Garasiya (2024-30) (2024-2030),Rajasthan,,,locality_curated
Mawala Khedi,Dr. Kavita Patidar (2022-28) (2022-2028),Madhya Pradesh,,,locality_curated
Kampel,Dr. Kavita Patidar (2022-28) (2022-2028),Madhya Pradesh,,,locality_curated
Chaupad,Smt. Sagarika Ghose (2024-30) (2024-2030),West Bengal,,,locality_curated
Bhusudih,Smt. Sagarika Ghose (2024-30) (2024-2030),West Bengal,,,locality_curated
Keta,Smt. Sagarika Ghose (2024-30) (2024-2030),West Bengal,,,locality_curated
KAPASIA,Ms. Dola Sen (2023-29) (2023-2029),West Bengal,,,locality_curated
Basti village,Smt. Ranjeet Ranjan (2022-28) (2022-2028),Chhattisgarh,,,locality_curated
Rangadi,Smt. Sagarika Ghose (2024-30) (2024-2030),West Bengal,,,locality_curated
Jorobari,Smt. Sagarika Ghose (2024-30) (2024-2030),West Bengal,,,locality_curated
Rongiladi,Smt. Sagarika Ghose (2024-30) (2024-2030),West Bengal,,,locality_curated
tandabordi,Shri Balyogi Umeshnath (2024-30) (2024-2030),Madhya Pradesh,,,locality_curated
Bagdi,Shri Madan Rathore (2024-30) (2024-2030),Rajasthan,,,locality_curated
BARKATPUR,Prof. Ram Gopal Yadav (2020-26) (2020-2026),Uttar Pradesh,,,locality_curated
NEPAI,Prof. Ram Gopal Yadav (2020-26) (2020-2026),Uttar Pradesh,,,locality_curated
OWARI,Prof. Ram Gopal Yadav (2020-26) (2020-2026),Uttar Pradesh,,,locality_curated
SANDALPUR,Prof. Ram Gopal Yadav (2020-26) (2020-2026),Uttar Pradesh,,,locality_curated
UDESAR,Prof. Ram Gopal Yadav (2020-26) (2020-2026),Uttar Pradesh,,,locality_curated
RANIPURA,Prof. Ram Gopal Yadav (2020-26) (2020-2026),Uttar Pradesh,,,locality_curated
TUNDLA,Prof. Ram Gopal Yadav (2020-26) (2020-2026),Uttar Pradesh,,,locality_curated
libbarehdi,Shri Naresh Bansal (2020-26) (2020-2026),Uttarakhand,,,locality_curated
Grampanchayat Mangupura janpad,Shri Ashok Singh (2024-30) (2024-2030),Madhya Pradesh,,,locality_curated
Ibrahimpur,Dr. Kalpana Saini (2022-28) (2022-2028),Uttarakhand,,,locality_curated
Lalwala Khalsa,Dr. Kalpana Saini (2022-28) (2022-2028),Uttarakhand,,,locality_curated
Kadanuthala,Shri Masthan Rao Yadav Beedha (2024-28) (2024-2028),Andhra Pradesh,,,locality_curated
Beldhap,Shri Rajeev Shukla (2022-28) (2022-2028),Chhattisgarh,,,locality_curated
Keshavnagar,Shri Kesridevsinh Jhala (2023-29) (2023-2029),Gujarat,,,locality_curated
SAROJANI NAGAR,Prof. Ram Gopal Yadav (2020-26) (2020-2026),Uttar Pradesh,,,locality_curated
Sutan,Shri Samirul Islam (2023-29) (2023-2029),West Bengal,,,locality_curated
Khatra high,Shri Samirul Islam (2023-29) (2023-2029),West Bengal,,,locality_curated
Dhamari,Shri Pramod Tiwari (2022-28) (2022-2028),Rajasthan,,,locality_curated
Thenhipalam Grama,Shri P. P. Suneer (2024-30) (2024-2030),Kerala,11.1322621,75.8937441,nominatim
Pilni,Shri Randeep Singh Surjewala (2022-28) (2022-2028),Rajasthan,,,locality_curated
Jaswanti,Shri Randeep Singh Surjewala (2022-28) (2022-2028),Rajasthan,,,locality_curated
Sdr,Shri Randeep Singh Surjewala (2022-28) (2022-2028),Rajasthan,,,locality_curated
village Mohanpura,Shri Madan Rathore (2024-30) (2024-2030),Rajasthan,,,locality_curated
Prabhatpattan,Shri Vivek K. Tankha (2022-28) (2022-2028),Madhya Pradesh,,,locality_curated
Barodi,Dr. L. Murugan (2024-30) (2024-2030),Madhya Pradesh,,,locality_curated
Maan Chand,Dr. Sikander Kumar (2022-28) (2022-2028),Himachal Pradesh,,,locality_curated
Village Dakahal Gram,Dr. Sikander Kumar (2022-28) (2022-2028),Himachal Pradesh,,,locality_curated
shed,Dr. Sikander Kumar (2022-28) (2022-2028),Himachal Pradesh,,,locality_curated
Mangonakalan,Shri Vivek K. Tankha (2022-28) (2022-2028),Madhya Pradesh,,,locality_curated
Neelakantapuram,Shri Ryaga Krishnaiah (2024-28) (2024-2028),Andhra Pradesh,,,locality_curated
Jurhara,Shri Pramod Tiwari (2022-28) (2022-2028),Rajasthan,,,locality_curated
Rama,Shri Pramod Tiwari (2022-28) (2022-2028),Rajasthan,,,locality_curated
Dosakayalapadu,Shri Yerram Venkata Subba Reddy (2024-30) (2024-2030),Andhra Pradesh,,,locality_curated
REVENUE,Prof. Ram Gopal Yadav (2020-26) (2020-2026),Uttar Pradesh,,,locality_curated
Khudana,Shri Mukul Wasnik (2022-28) (2022-2028),Rajasthan,,,locality_curated
Thairawar,Shri Mukul Wasnik (2022-28) (2022-2028),Rajasthan,,,locality_curated
Sikrori,Shri Mukul Wasnik (2022-28) (2022-2028),Rajasthan,,,locality_curated
Pichoona,Shri Mukul Wasnik (2022-28) (2022-2028),Rajasthan,,,locality_curated
Mandardih,Dr. Sarfraz Ahmad (2024-30) (2024-2030),Jharkhand,,,locality_curated
Sonbad,Dr. Sarfraz Ahmad (2024-30) (2024-2030),Jharkhand,,,locality_curated
Bagadih,Dr. Sarfraz Ahmad (2024-30) (2024-2030),Jharkhand,,,locality_curated
Karariya,Shri Vivek K. Tankha (2022-28) (2022-2028),Madhya Pradesh,,,locality_curated
Ghat,Dr. Sikander Kumar (2022-28) (2022-2028),Himachal Pradesh,,,locality_curated
Madhur,Shri Abdul Wahab (2021-27) (2021-2027),Kerala,,,locality_curated
Pappinissery,Shri Abdul Wahab (2021-27) (2021-2027),Kerala,,,locality_curated
Ajasar,Shri Randeep Singh Surjewala (2022-28) (2022-2028),Rajasthan,,,locality_curated
pond with concrete,Dr. Sandeep Kumar Pathak (2022-28) (2022-2028),Punjab,,,locality_curated
Gojhariya,Shri Mayankkumar Nayak (2024-30) (2024-2030),Gujarat,,,locality_curated
Paleru,Smt. Renuka Chowdhury (2024-30) (2024-2030),Telangana,,,locality_curated
Tirmanpally,Smt. Renuka Chowdhury (2024-30) (2024-2030),Telangana,,,locality_curated
Tirmanpalle,Smt. Renuka Chowdhury (2024-30) (2024-2030),Telangana,,,locality_curated
Srinagar,Smt. Renuka Chowdhury (2024-30) (2024-2030),Telangana,,,locality_curated
DANTA,Shri Jagat Prakash Nadda (2024-30) (2024-2030),Gujarat,,,locality_curated
MAHOBATGADH,Shri Jagat Prakash Nadda (2024-30) (2024-2030),Gujarat,,,locality_curated
ADERAN,Shri Jagat Prakash Nadda (2024-30) (2024-2030),Gujarat,,,locality_curated
KUNDEL,Shri Jagat Prakash Nadda (2024-30) (2024-2030),Gujarat,,,locality_curated
JAGATPURA,Shri Jagat Prakash Nadda (2024-30) (2024-2030),Gujarat,,,locality_curated
KUMBHALMER,Shri Jagat Prakash Nadda (2024-30) (2024-2030),Gujarat,,,locality_curated
SASAM,Shri Jagat Prakash Nadda (2024-30) (2024-2030),Gujarat,,,locality_curated
GODH,Shri Jagat Prakash Nadda (2024-30) (2024-2030),Gujarat,,,locality_curated
HASANPUR,Shri Jagat Prakash Nadda (2024-30) (2024-2030),Gujarat,,,locality_curated
Madathil,Smt. Jebi Mather Hisham (2022-28) (2022-2028),Kerala,,,locality_curated
RAVIYANA,Shri Jagat Prakash Nadda (2024-30) (2024-2030),Gujarat,,,locality_curated
SHIRWADA,Shri Jagat Prakash Nadda (2024-30) (2024-2030),Gujarat,,,locality_curated
Rawalafala,Shri Chunnilal Garasiya (2024-30) (2024-2030),Rajasthan,,,locality_curated
Fala,Shri Chunnilal Garasiya (2024-30) (2024-2030),Rajasthan,,,locality_curated
Saurath,Shri Shambhu Sharan Patel (2022-28) (2022-2028),Bihar,,,locality_curated
Girjeshwar,Shri Shambhu Sharan Patel (2022-28) (2022-2028),Bihar,,,locality_curated
Hanuman,Shri Shambhu Sharan Patel (2022-28) (2022-2028),Bihar,,,locality_curated
Patha Pinapaka,Smt. Renuka Chowdhury (2024-30) (2024-2030),Telangana,,,locality_curated
Paatha Pinapaka,Smt. Renuka Chowdhury (2024-30) (2024-2030),Telangana,,,locality_curated
kamanagaruvu,Shri Golla Baburao (2024-30) (2024-2030),Andhra Pradesh,,,locality_curated
NSR Girijana,Shri Golla Baburao (2024-30) (2024-2030),Andhra Pradesh,,,locality_curated
Janapav Kuti,Dr. Kavita Patidar (2022-28) (2022-2028),Madhya Pradesh,,,locality_curated
Phafund,Dr. Kavita Patidar (2022-28) (2022-2028),Madhya Pradesh,,,locality_curated
Annavaram,Shri Masthan Rao Yadav Beedha (2024-28) (2024-2028),Andhra Pradesh,,,locality_curated
Mahimalur,Shri Masthan Rao Yadav Beedha (2024-28) (2024-2028),Andhra Pradesh,,,locality_curated
Pochavaram,Shri Masthan Rao Yadav Beedha (2024-28) (2024-2028),Andhra Pradesh,,,locality_curated
Dared,Shri Govindbhai Laljibhai Dholakia (2024-30) (2024-2030),Gujarat,,,locality_curated
Gosai,Shri Shambhu Sharan Patel (2022-28) (2022-2028),Bihar,,,locality_curated
Paivalike,Shri Abdul Wahab (2021-27) (2021-2027),Kerala,,,locality_curated
Ariyari,Shri Shambhu Sharan Patel (2022-28) (2022-2028),Bihar,,,locality_curated
Madheipada,Dr. Sasmit Patra (2022-28) (2022-2028),Odisha,,,locality_curated
Manpur,Dr. Sasmit Patra (2022-28) (2022-2028),Odisha,,,locality_curated
Chapparapadavu Grama,Dr. John Brittas (2021-27) (2021-2027),Kerala,,,locality_curated
Anjumanfarum,Smt. Renuka Chowdhury (2024-30) (2024-2030),Telangana,,,locality_curated
Jain,Shri Naveen Jain (2024-30) (2024-2030),Uttar Pradesh,,,locality_curated
Talveda,Smt. Renuka Chowdhury (2024-30) (2024-2030),Telangana,,,locality_curated
Khudavandapur,Smt. Renuka Chowdhury (2024-30) (2024-2030),Telangana,,,locality_curated
gate,Shri Naveen Jain (2024-30) (2024-2030),Uttar Pradesh,,,locality_curated
Kolasar,Shri Pramod Tiwari (2022-28) (2022-2028),Rajasthan,,,locality_curated
Kamtam,Smt. Renuka Chowdhury (2024-30) (2024-2030),Telangana,,,locality_curated
Khunipur,Smt. Renuka Chowdhury (2024-30) (2024-2030),Telangana,,,locality_curated
Shankaoora,Smt. Renuka Chowdhury (2024-30) (2024-2030),Telangana,,,locality_curated
Afandifaram,Smt. Renuka Chowdhury (2024-30) (2024-2030),Telangana,,,locality_curated
Wadi,Smt. Renuka Chowdhury (2024-30) (2024-2030),Telangana,,,locality_curated
Janakampeta,Smt. Renuka Chowdhury (2024-30) (2024-2030),Telangana,,,locality_curated
Devi,Smt. Renuka Chowdhury (2024-30) (2024-2030),Telangana,,,locality_curated
Venkatapur,Smt. Renuka Chowdhury (2024-30) (2024-2030),Telangana,,,locality_curated
house,Shri Chunnilal Garasiya (2024-30) (2024-2030),Rajasthan,,,locality_curated
Mandavi,Shri Chunnilal Garasiya (2024-30) (2024-2030),Rajasthan,,,locality_curated
talab,Shri Chunnilal Garasiya (2024-30) (2024-2030),Rajasthan,,,locality_curated
Nihalprasad,Dr. Sasmit Patra (2022-28) (2022-2028),Odisha,,,locality_curated
school,Shri Harbhajan Singh (2022-28) (2022-2028),Punjab,,,locality_curated
Vareda Gram,Shri Mayankkumar Nayak (2024-30) (2024-2030),Gujarat,,,locality_curated
Guleda,Shri Vivek K. Tankha (2022-28) (2022-2028),Madhya Pradesh,,,locality_curated
Singampunari Town,Shri P. Chidambaram (2022-28) (2022-2028),Tamil Nadu,,,locality_curated
Bahudinpur,Dr. Ashok Kumar Mittal (2022-28) (2022-2028),Punjab,,,locality_curated
Guru Ravidas,Dr. Ashok Kumar Mittal (2022-28) (2022-2028),Punjab,,,locality_curated
Vellathooval,Shri Abdul Wahab (2021-27) (2021-2027),Kerala,,,locality_curated
Korem,Shri Damodar Rao Divakonda (2022-28) (2022-2028),Telangana,18.5348694,78.9124328,nominatim
Kethaveerunipadu,Shri Yerram Venkata Subba Reddy (2024-30) (2024-2030),Andhra Pradesh,,,locality_curated
Varini,Shri Yerram Venkata Subba Reddy (2024-30) (2024-2030),Andhra Pradesh,,,locality_curated
Gaonli,Shri Randeep Singh Surjewala (2022-28) (2022-2028),Rajasthan,,,locality_curated
Thana,Shri Vivek K. Tankha (2022-28) (2022-2028),Madhya Pradesh,,,locality_curated
Madesur,Shri Vivek K. Tankha (2022-28) (2022-2028),Madhya Pradesh,,,locality_curated
Chanana,Shri Madan Rathore (2024-30) (2024-2030),Rajasthan,,,locality_curated
Lambi,Shri Madan Rathore (2024-30) (2024-2030),Rajasthan,,,locality_curated
Barya,Shri Arun Singh (2020-26) (2020-2026),Uttar Pradesh,,,locality_curated
Mahadev,Shri Shambhu Sharan Patel (2022-28) (2022-2028),Bihar,,,locality_curated
Sai,Shri Shambhu Sharan Patel (2022-28) (2022-2028),Bihar,,,locality_curated
DUDHIAWA,Dr. Dharmshila Gupta (2024-30) (2024-2030),Bihar,,,locality_curated
Jokatte Grama,Smt. Nirmala Sitharaman (2022-28) (2022-2028),Karnataka,,,locality_curated
Deloli,Shri Mayankkumar Nayak (2024-30) (2024-2030),Gujarat,,,locality_curated
gargundi,Shri Milind Murli Deora (2024-30) (2024-2030),Maharashtra,,,locality_curated
Hingoni,Shri Vivek K. Tankha (2022-28) (2022-2028),Madhya Pradesh,,,locality_curated
Kinni,Shri Vivek K. Tankha (2022-28) (2022-2028),Madhya Pradesh,,,locality_curated
Ankisettypalle,Shri Yerram Venkata Subba Reddy (2024-30) (2024-2030),Andhra Pradesh,,,locality_curated
Askora,Dr. Kalpana Saini (2022-28) (2022-2028),Uttarakhand,,,locality_curated
Ranigaanv,Dr. Kalpana Saini (2022-28) (2022-2028),Uttarakhand,,,locality_curated
Hada,Shri Pramod Tiwari (2022-28) (2022-2028),Rajasthan,,,locality_curated
Kalan,Shri Sanjay Singh (2024-30) (2024-2030),Delhi,,,locality_curated
Mohla,Shri Vivek K. Tankha (2022-28) (2022-2028),Madhya Pradesh,,,locality_curated
Bodepalli,Smt. Renuka Chowdhury (2024-30) (2024-2030),Telangana,,,locality_curated
Chittapur,Smt. Renuka Chowdhury (2024-30) (2024-2030),Telangana,,,locality_curated
Srirampur,Smt. Renuka Chowdhury (2024-30) (2024-2030),Telangana,,,locality_curated
Kothapally,Smt. Renuka Chowdhury (2024-30) (2024-2030),Telangana,,,locality_curated
Junwani,Shri Vivek K. Tankha (2022-28) (2022-2028),Madhya Pradesh,,,locality_curated
Kusli,Shri Vivek K. Tankha (2022-28) (2022-2028),Madhya Pradesh,,,locality_curated
Bamhani,Shri Vivek K. Tankha (2022-28) (2022-2028),Madhya Pradesh,,,locality_curated
Belwa Rai,Shri Akhilesh Prasad Singh (2024-30) (2024-2030),Bihar,,,locality_curated
Raipur,Shri Pramod Tiwari (2022-28) (2022-2028),Rajasthan,,,locality_curated
Village Gobind,Dr. Sandeep Kumar Pathak (2022-28) (2022-2028),Punjab,,,locality_curated
Jarjapur,Smt. Jaya Amitabh Bachchan (2024-30) (2024-2030),Uttar Pradesh,,,locality_curated
Bereha,Smt. Jaya Amitabh Bachchan (2024-30) (2024-2030),Uttar Pradesh,,,locality_curated
Kurari,Smt. Jaya Amitabh Bachchan (2024-30) (2024-2030),Uttar Pradesh,,,locality_curated
Sad,Smt. Jaya Amitabh Bachchan (2024-30) (2024-2030),Uttar Pradesh,,,locality_curated
Agautha,Smt. Jaya Amitabh Bachchan (2024-30) (2024-2030),Uttar Pradesh,,,locality_curated
Naveen Middle,Smt. Ranjeet Ranjan (2022-28) (2022-2028),Chhattisgarh,,,locality_curated
Janki Devi Girls,Smt. Ranjeet Ranjan (2022-28) (2022-2028),Chhattisgarh,,,locality_curated
Padit Devidhar Diwan,Smt. Ranjeet Ranjan (2022-28) (2022-2028),Chhattisgarh,,,locality_curated
gram Manpura Gram,Shri Ashok Singh (2024-30) (2024-2030),Madhya Pradesh,,,locality_curated
anandipura,Shri Balyogi Umeshnath (2024-30) (2024-2030),Madhya Pradesh,,,locality_curated
Mutyalamma,Shri Ravi Chandra Vaddiraju (2024-30) (2024-2030),Telangana,,,locality_curated
Samyagarh,Shri Shambhu Sharan Patel (2022-28) (2022-2028),Bihar,,,locality_curated
Bathoi,Shri Shambhu Sharan Patel (2022-28) (2022-2028),Bihar,,,locality_curated
Bhadaur,Shri Shambhu Sharan Patel (2022-28) (2022-2028),Bihar,,,locality_curated
Kondi,Shri Shambhu Sharan Patel (2022-28) (2022-2028),Bihar,,,locality_curated
Chitmadih,Dr. Sarfraz Ahmad (2024-30) (2024-2030),Jharkhand,,,locality_curated
Golgo,Dr. Sarfraz Ahmad (2024-30) (2024-2030),Jharkhand,,,locality_curated
Badbara,Dr. Sarfraz Ahmad (2024-30) (2024-2030),Jharkhand,,,locality_curated
Harila,Dr. Sarfraz Ahmad (2024-30) (2024-2030),Jharkhand,,,locality_curated
Oujhadih,Dr. Sarfraz Ahmad (2024-30) (2024-2030),Jharkhand,,,locality_curated
Jhalakdiha,Dr. Sarfraz Ahmad (2024-30) (2024-2030),Jharkhand,,,locality_curated
within Nagar,Dr. Kalpana Saini (2022-28) (2022-2028),Uttarakhand,,,locality_curated
Lingala,Shri Ryaga Krishnaiah (2024-28) (2024-2028),Andhra Pradesh,,,locality_curated
building,Shri Pramod Tiwari (2022-28) (2022-2028),Rajasthan,,,locality_curated
Dharanwas Gram,Shri Pramod Tiwari (2022-28) (2022-2028),Rajasthan,,,locality_curated
Ground,Shri Madan Rathore (2024-30) (2024-2030),Rajasthan,,,locality_curated
Thippannapet,Shri Damodar Rao Divakonda (2022-28) (2022-2028),Telangana,,,locality_curated
Gram Bhaisana,Shri Ashok Singh (2024-30) (2024-2030),Madhya Pradesh,,,locality_curated
Majra Jhalmada,Shri Ashok Singh (2024-30) (2024-2030),Madhya Pradesh,,,locality_curated
Gram Patewari,Shri Ashok Singh (2024-30) (2024-2030),Madhya Pradesh,,,locality_curated
Regd,Shri Satnam Singh Sandhu (2024-30) (2024-2030),Chandigarh,,,locality_curated
village,Shri Satnam Singh Sandhu (2024-30) (2024-2030),Chandigarh,,,locality_curated
Khanimetta,Shri Damodar Rao Divakonda (2022-28) (2022-2028),Telangana,,,locality_curated
Sithio,Shri Pradip Kumar Varma (2024-30) (2024-2030),Jharkhand,,,locality_curated
Rangapur,Shri Damodar Rao Divakonda (2022-28) (2022-2028),Telangana,,,locality_curated
Shimla,Shri Randeep Singh Surjewala (2022-28) (2022-2028),Rajasthan,,,locality_curated
Gunti,Shri Randeep Singh Surjewala (2022-28) (2022-2028),Rajasthan,,,locality_curated
Tavarakere,Shri Lahar Singh Siroya (2022-28) (2022-2028),Karnataka,,,locality_curated
paly,Shri Lahar Singh Siroya (2022-28) (2022-2028),Karnataka,,,locality_curated
Dumpagadapa,Shri Paka Venkata Satyanarayana (2025-28) (2025-2028),Andhra Pradesh,,,locality_curated
Ammanabrolu,Shri Paka Venkata Satyanarayana (2025-28) (2025-2028),Andhra Pradesh,,,locality_curated
hilly,Smt. S. Phangnon Konyak (2022-28) (2022-2028),Nagaland,,,locality_curated
Rupavati,Shri Govindbhai Laljibhai Dholakia (2024-30) (2024-2030),Gujarat,,,locality_curated
Charodiya,Shri Govindbhai Laljibhai Dholakia (2024-30) (2024-2030),Gujarat,,,locality_curated
Chokdi,Shri Govindbhai Laljibhai Dholakia (2024-30) (2024-2030),Gujarat,,,locality_curated
Paniyali,Shri Govindbhai Laljibhai Dholakia (2024-30) (2024-2030),Gujarat,,,locality_curated
Mota,Shri Govindbhai Laljibhai Dholakia (2024-30) (2024-2030),Gujarat,,,locality_curated
Rajasthali,Shri Govindbhai Laljibhai Dholakia (2024-30) (2024-2030),Gujarat,,,locality_curated
Rangpur,Shri Govindbhai Laljibhai Dholakia (2024-30) (2024-2030),Gujarat,,,locality_curated
TEHSIL BHOGAON,Shri Javed Ali Khan (2022-28) (2022-2028),Uttar Pradesh,,,locality_curated
TEHSIL KISHNI,Shri Javed Ali Khan (2022-28) (2022-2028),Uttar Pradesh,,,locality_curated
Nauhatta Nagar,Prof. Manoj Kumar Jha (2024-30) (2024-2030),Bihar,,,locality_curated
Longjung,Smt. S. Phangnon Konyak (2022-28) (2022-2028),Nagaland,,,locality_curated
Khumsu,Smt. S. Phangnon Konyak (2022-28) (2022-2028),Nagaland,,,locality_curated
Harihara,Smt. Nirmala Sitharaman (2022-28) (2022-2028),Karnataka,,,locality_curated
Mahamaya,Smt. Ranjeet Ranjan (2022-28) (2022-2028),Chhattisgarh,,,locality_curated
Centre,Shri Harsh Mahajan (2024-30) (2024-2030),Himachal Pradesh,,,locality_curated
Chandni,Shri Harsh Mahajan (2024-30) (2024-2030),Himachal Pradesh,,,locality_curated
Naranahalli,Shri Jaggesh (2022-28) (2022-2028),Karnataka,,,locality_curated
Chikkabelavangala,Shri Jaggesh (2022-28) (2022-2028),Karnataka,,,locality_curated
Sasalu,Shri Jaggesh (2022-28) (2022-2028),Karnataka,,,locality_curated
Aroodi,Shri Jaggesh (2022-28) (2022-2028),Karnataka,,,locality_curated
Alahalli,Shri Jaggesh (2022-28) (2022-2028),Karnataka,,,locality_curated
Vaddarahalli,Shri Jaggesh (2022-28) (2022-2028),Karnataka,,,locality_curated
Konaghatta,Shri Jaggesh (2022-28) (2022-2028),Karnataka,,,locality_curated
Banavathi,Shri Jaggesh (2022-28) (2022-2028),Karnataka,,,locality_curated
Kadathippur,Shri Jaggesh (2022-28) (2022-2028),Karnataka,,,locality_curated
Isthur,Shri Jaggesh (2022-28) (2022-2028),Karnataka,,,locality_curated
Village Lag Gram,Dr. Sikander Kumar (2022-28) (2022-2028),Himachal Pradesh,,,locality_curated
GSSS Jaral Gram,Dr. Sikander Kumar (2022-28) (2022-2028),Himachal Pradesh,,,locality_curated
Rampura,Shri Mayankkumar Nayak (2024-30) (2024-2030),Gujarat,,,locality_curated
Samoda,Shri Mayankkumar Nayak (2024-30) (2024-2030),Gujarat,,,locality_curated
Chamukha,Dr. Sikander Kumar (2022-28) (2022-2028),Himachal Pradesh,,,locality_curated
Baroti Village,Dr. Sikander Kumar (2022-28) (2022-2028),Himachal Pradesh,,,locality_curated
Panchayat Ghar,Dr. Sikander Kumar (2022-28) (2022-2028),Himachal Pradesh,,,locality_curated
Village Delnu,Dr. Sikander Kumar (2022-28) (2022-2028),Himachal Pradesh,,,locality_curated
Upper Bhuvana Gram,Dr. Sikander Kumar (2022-28) (2022-2028),Himachal Pradesh,,,locality_curated
Executing Agency,Dr. Sikander Kumar (2022-28) (2022-2028),Himachal Pradesh,,,locality_curated
Rao,Dr. Sikander Kumar (2022-28) (2022-2028),Himachal Pradesh,,,locality_curated
raghunath,Shri Tejveer Singh (2024-30) (2024-2030),Uttar Pradesh,,,locality_curated
drainage,Shri Tejveer Singh (2024-30) (2024-2030),Uttar Pradesh,,,locality_curated
drains,Shri Tejveer Singh (2024-30) (2024-2030),Uttar Pradesh,,,locality_curated
Kothakota,Shri Yerram Venkata Subba Reddy (2024-30) (2024-2030),Andhra Pradesh,,,locality_curated
Ipur,Shri Yerram Venkata Subba Reddy (2024-30) (2024-2030),Andhra Pradesh,,,locality_curated
Balijapalem,Shri Yerram Venkata Subba Reddy (2024-30) (2024-2030),Andhra Pradesh,,,locality_curated
Himmatpur,Shri Mukul Wasnik (2022-28) (2022-2028),Rajasthan,,,locality_curated
Keezhattoor,Shri Abdul Wahab (2021-27) (2021-2027),Kerala,,,locality_curated
Gram,Smt. Sumitra Balmik (2022-28) (2022-2028),Madhya Pradesh,,,locality_curated
Mulsan,Shri Mayankkumar Nayak (2024-30) (2024-2030),Gujarat,,,locality_curated
balodi,Smt. Phulo Devi Netam (2026-32) (2026-2032),Chhattisgarh,,,locality_curated
Kanavadla,Shri Govindbhai Laljibhai Dholakia (2024-30) (2024-2030),Gujarat,,,locality_curated
Yelgalagudem,Shri Yerram Venkata Subba Reddy (2024-30) (2024-2030),Andhra Pradesh,,,locality_curated
Rai,Dr. Sikander Kumar (2022-28) (2022-2028),Himachal Pradesh,,,locality_curated
Bandhra,Shri Mukul Wasnik (2022-28) (2022-2028),Rajasthan,,,locality_curated
Kotri,Shri Mukul Wasnik (2022-28) (2022-2028),Rajasthan,,,locality_curated
Vanauri,Shri Chunnilal Garasiya (2024-30) (2024-2030),Rajasthan,,,locality_curated
Gandhiganj,Shri Vivek K. Tankha (2022-28) (2022-2028),Madhya Pradesh,,,locality_curated
Bhaktharahalli,Shri Jaggesh (2022-28) (2022-2028),Karnataka,,,locality_curated
Ramapura,Shri Jaggesh (2022-28) (2022-2028),Karnataka,,,locality_curated
Dodda Tumkur,Shri Jaggesh (2022-28) (2022-2028),Karnataka,,,locality_curated
Hanabe,Shri Jaggesh (2022-28) (2022-2028),Karnataka,,,locality_curated
Thippur,Shri Jaggesh (2022-28) (2022-2028),Karnataka,,,locality_curated
Gundumgere,Shri Jaggesh (2022-28) (2022-2028),Karnataka,,,locality_curated
Rathdi,Shri Chunnilal Garasiya (2024-30) (2024-2030),Rajasthan,,,locality_curated
Village Batari Gram,Dr. Sikander Kumar (2022-28) (2022-2028),Himachal Pradesh,,,locality_curated
Village Ramteri Gram,Dr. Sikander Kumar (2022-28) (2022-2028),Himachal Pradesh,,,locality_curated
Lakshmi Narashima Swamy,Shri Meda Raghunadha Reddy (2024-30) (2024-2030),Andhra Pradesh,,,locality_curated
Madanamohanapuram,Shri Meda Raghunadha Reddy (2024-30) (2024-2030),Andhra Pradesh,,,locality_curated
Guttapalli,Shri Meda Raghunadha Reddy (2024-30) (2024-2030),Andhra Pradesh,,,locality_curated
Office,Shri Meda Raghunadha Reddy (2024-30) (2024-2030),Andhra Pradesh,,,locality_curated
Urduwakalan,Shri Vivek K. Tankha (2022-28) (2022-2028),Madhya Pradesh,,,locality_curated
Village Sai Gram,Dr. Sikander Kumar (2022-28) (2022-2028),Himachal Pradesh,,,locality_curated
Village Sai,Dr. Sikander Kumar (2022-28) (2022-2028),Himachal Pradesh,,,locality_curated
Urumadla,Shri Meda Raghunadha Reddy (2024-30) (2024-2030),Andhra Pradesh,,,locality_curated
Lower Rajputa,Dr. Sikander Kumar (2022-28) (2022-2028),Himachal Pradesh,,,locality_curated
Singh Thakur,Dr. Sikander Kumar (2022-28) (2022-2028),Himachal Pradesh,,,locality_curated
Village Nagerada Gram,Dr. Sikander Kumar (2022-28) (2022-2028),Himachal Pradesh,,,locality_curated
Village Bandos,Dr. Sikander Kumar (2022-28) (2022-2028),Himachal Pradesh,,,locality_curated
Village Har Gram,Dr. Sikander Kumar (2022-28) (2022-2028),Himachal Pradesh,,,locality_curated
delana,Shri Naresh Bansal (2020-26) (2020-2026),Uttarakhand,,,locality_curated
linch,Shri Mayankkumar Nayak (2024-30) (2024-2030),Gujarat,,,locality_curated
Shivneri,Shri Chandrakant Damodar Handore (2024-30) (2024-2030),Maharashtra,19.053663,72.9384788,nominatim
Kharoli Gram,Dr. Kalpana Saini (2022-28) (2022-2028),Uttarakhand,,,locality_curated
Nagireddypalli,Shri Meda Raghunadha Reddy (2024-30) (2024-2030),Andhra Pradesh,,,locality_curated
Rajampet,Shri Meda Raghunadha Reddy (2024-30) (2024-2030),Andhra Pradesh,,,locality_curated
Malakatipallo,Shri Meda Raghunadha Reddy (2024-30) (2024-2030),Andhra Pradesh,,,locality_curated
Patti,Dr. Kalpana Saini (2022-28) (2022-2028),Uttarakhand,,,locality_curated
Udaka,Shri Randeep Singh Surjewala (2022-28) (2022-2028),Rajasthan,,,locality_curated
Kadarpura,Smt. Sumitra Balmik (2022-28) (2022-2028),Madhya Pradesh,,,locality_curated
Panduvva,Shri Masthan Rao Yadav Beedha (2024-28) (2024-2028),Andhra Pradesh,,,locality_curated
Kattakindapalli,Shri Masthan Rao Yadav Beedha (2024-28) (2024-2028),Andhra Pradesh,,,locality_curated
Kothapalli,Shri Masthan Rao Yadav Beedha (2024-28) (2024-2028),Andhra Pradesh,,,locality_curated
Yallur,Shri Masthan Rao Yadav Beedha (2024-28) (2024-2028),Andhra Pradesh,,,locality_curated
Nekkalam Gollagudem,Shri Masthan Rao Yadav Beedha (2024-28) (2024-2028),Andhra Pradesh,,,locality_curated
Kurru Labbipalem,Shri Masthan Rao Yadav Beedha (2024-28) (2024-2028),Andhra Pradesh,,,locality_curated
Annagaripalem,Shri Masthan Rao Yadav Beedha (2024-28) (2024-2028),Andhra Pradesh,,,locality_curated
Lakshmipuram,Shri Masthan Rao Yadav Beedha (2024-28) (2024-2028),Andhra Pradesh,,,locality_curated
Nookinenipalli,Shri Meda Raghunadha Reddy (2024-30) (2024-2030),Andhra Pradesh,,,locality_curated
Vontimitta,Shri Meda Raghunadha Reddy (2024-30) (2024-2030),Andhra Pradesh,,,locality_curated
Banjhi Santhali,Shri Pradip Kumar Varma (2024-30) (2024-2030),Jharkhand,,,locality_curated
Rompalli,Shri Golla Baburao (2024-30) (2024-2030),Andhra Pradesh,,,locality_curated
Rompalle,Shri Golla Baburao (2024-30) (2024-2030),Andhra Pradesh,,,locality_curated
Nichi Mandal,Shri Kesridevsinh Jhala (2023-29) (2023-2029),Gujarat,,,locality_curated
Sanosara,Shri Kesridevsinh Jhala (2023-29) (2023-2029),Gujarat,,,locality_curated
Vizhidhiyur,Shri S. Selvaganabathy (2021-27) (2021-2027),Puducherry,,,locality_curated
Dharanwas,Shri Pramod Tiwari (2022-28) (2022-2028),Rajasthan,,,locality_curated
Luhari,Smt. Sumitra Balmik (2022-28) (2022-2028),Madhya Pradesh,,,locality_curated
Korkada,Shri Manas Ranjan Mangaraj (2022-28) (2022-2028),Odisha,,,locality_curated
Saropai village,Shri Manan Kumar Mishra (2024-28) (2024-2028),Bihar,,,locality_curated
Batsar,Shri Ram Nath Thakur (2026-32) (2026-2032),Bihar,,,locality_curated
Koran Saray,Shri Ram Nath Thakur (2026-32) (2026-2032),Bihar,,,locality_curated
sora,Shri Sat Paul Sharma (2025-31) (2025-2031),Jammu And Kashmir,,,locality_curated
Sundarana,Shri Babubhai Jesangbhai Desai (2023-29) (2023-2029),Gujarat,,,locality_curated
Jogan,Shri Babubhai Jesangbhai Desai (2023-29) (2023-2029),Gujarat,,,locality_curated
Fagli,Shri Babubhai Jesangbhai Desai (2023-29) (2023-2029),Gujarat,,,locality_curated
Mahudiyapura,Shri Babubhai Jesangbhai Desai (2023-29) (2023-2029),Gujarat,,,locality_curated
Ravipura,Shri Babubhai Jesangbhai Desai (2023-29) (2023-2029),Gujarat,,,locality_curated
Sanjaya,Shri Babubhai Jesangbhai Desai (2023-29) (2023-2029),Gujarat,,,locality_curated
Talpad,Shri Babubhai Jesangbhai Desai (2023-29) (2023-2029),Gujarat,,,locality_curated
Singlav,Shri Babubhai Jesangbhai Desai (2023-29) (2023-2029),Gujarat,,,locality_curated
karwa,Shri Balyogi Umeshnath (2024-30) (2024-2030),Madhya Pradesh,,,locality_curated
Gram Saliha,Shri Devendra Pratap Singh (2024-30) (2024-2030),Chhattisgarh,,,locality_curated
Bhatawali,Smt. Sonia Gandhi (2024-30) (2024-2030),Rajasthan,,,locality_curated
shonbalo,Shri Harsh Mahajan (2024-30) (2024-2030),Himachal Pradesh,,,locality_curated
Botua,Shri Jogen Mohan (2026-32) (2026-2032),Assam,,,locality_curated
Piplod,Shri S. Jaishankar (2023-29) (2023-2029),Gujarat,,,locality_curated
Kadopadar,Shri Sujeet Kumar (2026-32) (2026-2032),Odisha,,,locality_curated
Bhalubutura,Shri Sujeet Kumar (2026-32) (2026-2032),Odisha,,,locality_curated
Kalampur,Shri Sujeet Kumar (2026-32) (2026-2032),Odisha,,,locality_curated
Parmanandapur,Shri Sujeet Kumar (2026-32) (2026-2032),Odisha,,,locality_curated
Sarian Shiva,Shri Sujeet Kumar (2026-32) (2026-2032),Odisha,,,locality_curated
Jayanti Nagar,Shri Sujeet Kumar (2026-32) (2026-2032),Odisha,,,locality_curated
Patharla Shiva,Shri Sujeet Kumar (2026-32) (2026-2032),Odisha,,,locality_curated
Jagannath,Shri Sujeet Kumar (2026-32) (2026-2032),Odisha,,,locality_curated
Jayantinagar,Shri Sujeet Kumar (2026-32) (2026-2032),Odisha,,,locality_curated
Valmikipuram,Shri Yerram Venkata Subba Reddy (2024-30) (2024-2030),Andhra Pradesh,,,locality_curated
Gram,Shri Harsh Mahajan (2024-30) (2024-2030),Himachal Pradesh,,,locality_curated
Tikker,Dr. Sikander Kumar (2022-28) (2022-2028),Himachal Pradesh,,,locality_curated
Kumar,Shri Harsh Mahajan (2024-30) (2024-2030),Himachal Pradesh,,,locality_curated
bandey,Shri Harsh Mahajan (2024-30) (2024-2030),Himachal Pradesh,,,locality_curated
Mustipur,Shri Ram Nath Thakur (2026-32) (2026-2032),Bihar,,,locality_curated
kenal,Dr. Parmar Jashvantsinh Salamsinh (2024-30) (2024-2030),Gujarat,,,locality_curated
mandir,Dr. Parmar Jashvantsinh Salamsinh (2024-30) (2024-2030),Gujarat,,,locality_curated
kenal faliya vav,Dr. Parmar Jashvantsinh Salamsinh (2024-30) (2024-2030),Gujarat,,,locality_curated
Rail,Dr. Sikander Kumar (2022-28) (2022-2028),Himachal Pradesh,,,locality_curated
Semla,Shri Neeraj Dangi (2026-32) (2026-2032),Rajasthan,,,locality_curated
Village Alawang,Dr. Sikander Kumar (2022-28) (2022-2028),Himachal Pradesh,,,locality_curated
gayatri,Shri Aditya Prasad (2022-28) (2022-2028),Jharkhand,,,locality_curated
Seetharamapuram Gram,Shri S Niranjan Reddy (2022-28) (2022-2028),Andhra Pradesh,,,locality_curated
